open,high,low,close,volume,amount,timestamps
10.24,10.82,10.21,10.59,2081593,22044069.87,2018-01-02
10.62,10.75,10.09,10.22,2962498,30276729.560000002,2018-01-03
10.21,10.26,10.02,10.14,1854509,18804721.26,2018-01-04
10.1,10.24,10.04,10.19,1210313,12333089.469999999,2018-01-05
10.14,10.18,9.75,9.85,2158621,21262416.849999998,2018-01-08
9.85,10.09,9.81,9.97,1344345,13403119.65,2018-01-09
9.93,10.38,9.81,10.36,2403277,24897949.72,2018-01-10
10.3,10.48,10.16,10.29,1443878,14857504.62,2018-01-11
10.34,10.57,10.3,10.44,1353991,14135666.04,2018-01-12
10.4,11.22,10.39,11.09,3122395,34627360.55,2018-01-15
11.06,11.27,10.91,11.09,2444549,27110048.41,2018-01-16
11.22,11.69,11.09,11.12,2656294,29537989.279999997,2018-01-17
11.29,11.61,11.17,11.61,2148027,24938593.47,2018-01-18
11.69,12.02,11.57,11.69,2571147,30056708.43,2018-01-19
11.49,11.83,11.32,11.33,2073867,23496913.11,2018-01-22
11.25,11.79,11.22,11.54,2388792,27566659.68,2018-01-23
11.55,11.97,11.39,11.53,2591292,29877596.759999998,2018-01-24
11.34,11.36,10.89,11.09,2369985,26283133.65,2018-01-25
11.07,11.23,10.91,10.94,2032989,22240899.66,2018-01-26
10.94,11.14,10.49,10.63,2090547,22222514.610000003,2018-01-29
10.59,10.73,10.44,10.54,1094740,11538559.6,2018-01-30
10.49,10.94,10.42,10.94,1747729,19120155.259999998,2018-01-31
10.84,11.19,10.73,10.92,2005615,21901315.8,2018-02-01
10.8,10.99,10.52,10.94,1176513,12871052.219999999,2018-02-02
10.69,11.46,10.62,11.44,2331998,26678057.119999997,2018-02-05
11.12,11.22,10.82,10.89,2582872,28127476.080000002,2018-02-06
11.11,11.19,9.65,9.81,3345717,32821483.770000003,2018-02-07
9.72,9.81,9.42,9.43,2137815,20159595.45,2018-02-08
8.97,8.97,8.27,8.58,2824950,24238071.0,2018-02-09
8.67,8.73,8.45,8.61,1228782,10579813.02,2018-02-12
8.76,9.1,8.73,8.83,1298179,11462920.57,2018-02-13
8.85,8.92,8.65,8.89,864190,7682649.100000001,2018-02-14
9.14,9.42,9.14,9.35,1268406,11859596.1,2018-02-22
9.47,9.68,9.34,9.5,1013663,9629798.5,2018-02-23
9.66,9.74,9.34,9.52,1045759,9955625.68,2018-02-26
9.53,9.59,9.08,9.17,1285869,11791418.73,2018-02-27
8.99,9.08,8.82,8.94,1214146,10854465.24,2018-02-28
8.81,9.04,8.79,8.93,886957,7920526.01,2018-03-01
8.81,8.93,8.74,8.84,663124,5862016.16,2018-03-02
8.82,8.97,8.69,8.75,754183,6599101.25,2018-03-05
8.84,9.0,8.66,8.99,1150162,10339956.38,2018-03-06
9.04,9.23,8.93,8.94,1427570,12762475.799999999,2018-03-07
8.94,9.04,8.84,9.0,689755,6207795.0,2018-03-08
9.04,9.09,8.87,8.98,943877,8476015.46,2018-03-09
9.04,9.06,8.84,8.92,1268701,11316812.92,2018-03-12
8.93,9.11,8.89,8.91,1082267,9642998.97,2018-03-13
8.87,8.89,8.72,8.81,635594,5599583.140000001,2018-03-14
8.68,8.74,8.55,8.6,1155695,9938977.0,2018-03-15
8.61,8.74,8.53,8.53,962983,8214244.989999999,2018-03-16
8.55,8.73,8.5,8.72,808539,7050460.08,2018-03-19
8.63,8.77,8.61,8.71,776150,6760266.500000001,2018-03-20
8.84,9.01,8.74,8.79,1445110,12702516.899999999,2018-03-21
8.79,8.86,8.51,8.55,984278,8415576.9,2018-03-22
8.14,8.24,7.81,8.23,1825691,15025436.930000002,2018-03-23
8.04,8.09,7.75,7.82,1383599,10819744.18,2018-03-26
7.99,8.06,7.75,7.83,1103934,8643803.22,2018-03-27
7.74,8.03,7.68,7.78,1099023,8550398.94,2018-03-28
7.81,8.06,7.44,7.94,1330602,10564979.88,2018-03-29
7.93,7.94,7.77,7.79,752174,5859435.46,2018-03-30
7.76,7.88,7.59,7.6,1109316,8430801.6,2018-04-02
7.49,7.56,7.4,7.45,890746,6636057.7,2018-04-03
7.57,7.9,7.49,7.76,1602489,12435314.639999999,2018-04-04
7.69,7.99,7.62,7.91,1074796,8501636.36,2018-04-09
7.91,8.35,7.86,8.31,1390951,11558802.81,2018-04-10
8.28,8.81,8.27,8.72,2095970,18276858.400000002,2018-04-11
8.69,8.72,8.31,8.41,1173128,9866006.48,2018-04-12
8.53,8.68,8.34,8.46,1300256,11000165.760000002,2018-04-13
8.36,8.36,7.92,7.99,1427073,11402313.27,2018-04-16
8.01,8.34,8.0,8.1,1301892,10545325.2,2018-04-17
8.34,8.5,8.17,8.39,1475845,12382339.55,2018-04-18
8.41,8.58,8.31,8.36,849132,7098743.52,2018-04-19
8.4,8.47,8.09,8.24,958691,7899613.84,2018-04-20
8.19,8.5,8.15,8.46,1070289,9054644.940000001,2018-04-23
8.52,8.83,8.47,8.75,1461099,12784616.25,2018-04-24
8.65,8.7,8.52,8.57,730286,6258551.0200000005,2018-04-25
8.55,8.58,8.2,8.31,874236,7264901.16,2018-04-26
8.38,8.4,7.52,7.74,2709796,20973821.04,2018-04-27
7.86,7.92,7.69,7.77,1190523,9250363.709999999,2018-05-02
7.75,7.77,7.46,7.64,1281356,9789559.84,2018-05-03
7.62,7.72,7.55,7.57,710510,5378560.7,2018-05-04
7.59,7.72,7.53,7.7,974310,7502187.0,2018-05-07
7.72,8.04,7.69,7.9,1373306,10849117.4,2018-05-08
7.87,7.92,7.77,7.86,627656,4933376.16,2018-05-09
7.92,7.98,7.8,7.9,552736,4366614.4,2018-05-10
7.93,8.02,7.85,7.9,772370,6101723.0,2018-05-11
7.98,8.12,7.92,8.07,1039297,8387126.79,2018-05-14
8.07,8.08,7.91,8.01,669261,5360780.609999999,2018-05-15
7.96,7.96,7.78,7.79,714362,5564879.98,2018-05-16
7.8,7.83,7.67,7.71,586494,4521868.74,2018-05-17
7.7,7.86,7.65,7.85,578385,4540322.25,2018-05-18
7.96,8.0,7.82,7.84,763534,5986106.56,2018-05-21
7.84,7.87,7.68,7.75,589872,4571508.0,2018-05-22
7.71,7.71,7.51,7.54,991016,7472260.64,2018-05-23
7.55,7.57,7.47,7.5,688152,5161140.0,2018-05-24
7.5,7.56,7.44,7.48,593336,4438153.28,2018-05-25
7.47,7.55,7.4,7.48,569401,4259119.48,2018-05-28
7.47,7.52,7.24,7.27,889495,6466628.649999999,2018-05-29
7.18,7.18,6.94,6.97,1124447,7837395.59,2018-05-30
7.0,7.08,6.91,7.07,987360,6980635.2,2018-05-31
7.04,7.18,6.96,7.08,597211,4228253.88,2018-06-01
7.12,7.2,7.04,7.16,593038,4246152.08,2018-06-04
7.18,7.19,7.0,7.15,656541,4694268.15,2018-06-05
7.14,7.15,6.99,7.03,712743,5010583.29,2018-06-06
7.09,7.35,7.07,7.26,1262638,9166751.879999999,2018-06-07
7.22,7.22,6.95,7.01,1099380,7706653.8,2018-06-08
6.95,7.02,6.89,6.93,721375,4999128.75,2018-06-11
6.92,6.97,6.84,6.95,913301,6347441.95,2018-06-12
6.93,6.95,6.84,6.84,530584,3629194.56,2018-06-13
6.84,7.04,6.81,6.96,866392,6030088.32,2018-06-14
6.97,7.18,6.95,7.06,1248708,8815878.479999999,2018-06-15
6.94,7.04,6.71,6.76,1565874,10585308.24,2018-06-19
6.76,6.84,6.65,6.8,763637,5192731.6,2018-06-20
6.82,6.93,6.75,6.75,840071,5670479.25,2018-06-21
6.69,6.76,6.66,6.74,657819,4433700.0600000005,2018-06-22
6.8,6.81,6.27,6.35,1195213,7589602.55,2018-06-25
6.28,6.33,5.98,6.25,1124157,7025981.25,2018-06-26
6.2,6.29,5.92,5.98,1045143,6249955.140000001,2018-06-27
5.84,5.97,5.76,5.81,1110764,6453538.84,2018-06-28
5.9,6.02,5.85,5.98,675300,4038294.0000000005,2018-06-29
5.94,5.94,5.44,5.5,1315520,7235360.0,2018-07-02
5.58,5.59,5.34,5.56,1274839,7088104.84,2018-07-03
5.52,5.64,5.5,5.5,711153,3911341.5,2018-07-04
5.51,5.62,5.44,5.49,835769,4588371.8100000005,2018-07-05
5.5,5.67,5.34,5.55,988283,5484970.649999999,2018-07-06
5.58,5.92,5.57,5.92,1409955,8346933.6,2018-07-09
5.91,5.91,5.78,5.87,896862,5264579.94,2018-07-10
5.65,5.72,5.57,5.67,851297,4826853.99,2018-07-11
5.62,5.99,5.6,5.9,1140492,6728902.800000001,2018-07-12
5.94,5.96,5.84,5.9,603378,3559930.2,2018-07-13
5.87,5.92,5.71,5.75,689846,3966614.5,2018-07-16
5.76,5.77,5.68,5.74,375356,2154543.44,2018-07-17
5.77,5.87,5.71,5.72,525153,3003875.1599999997,2018-07-18
5.77,5.83,5.71,5.75,461372,2652889.0,2018-07-19
5.75,6.22,5.63,6.13,1754277,10753718.01,2018-07-20
6.06,6.47,6.02,6.44,1781688,11474070.72,2018-07-23
6.41,6.61,6.35,6.42,1425894,9154239.48,2018-07-24
6.46,6.49,6.35,6.4,614123,3930387.2,2018-07-25
6.42,6.5,6.23,6.27,833358,5225154.659999999,2018-07-26
6.32,6.38,6.2,6.27,515126,3229840.0199999996,2018-07-27
6.34,6.51,6.28,6.41,706386,4527934.26,2018-07-30
6.39,6.51,6.27,6.44,720151,4637772.44,2018-07-31
6.44,6.52,6.13,6.17,814082,5022885.9399999995,2018-08-01
6.15,6.17,5.9,5.96,931401,5551149.96,2018-08-02
5.95,6.12,5.93,5.93,476547,2825923.71,2018-08-03
5.96,6.13,5.91,5.96,554010,3301899.6,2018-08-06
5.98,6.19,5.9,6.19,690423,4273718.37,2018-08-07
6.18,6.18,6.06,6.07,578953,3514244.71,2018-08-08
6.06,6.37,6.04,6.31,806784,5090807.04,2018-08-09
6.32,6.34,6.18,6.25,424168,2651050.0,2018-08-10
6.14,6.18,5.92,6.07,818491,4968240.37,2018-08-13
6.05,6.06,5.96,6.02,430240,2590044.8,2018-08-14
6.04,6.04,5.77,5.81,670443,3895273.8299999996,2018-08-15
5.75,5.91,5.66,5.8,638273,3701983.4,2018-08-16
5.9,5.96,5.8,5.83,649477,3786450.91,2018-08-17
5.92,6.04,5.89,6.02,681322,4101558.4399999995,2018-08-20
6.04,6.28,6.03,6.25,1264474,7902962.5,2018-08-21
6.26,6.36,6.15,6.31,982434,6199158.54,2018-08-22
6.32,6.44,6.25,6.38,729075,4651498.5,2018-08-23
6.33,7.3,6.31,7.05,3040408,21434876.4,2018-08-24
7.04,7.45,6.99,7.45,2218424,16527258.8,2018-08-27
7.36,7.45,7.26,7.31,1289777,9428269.87,2018-08-28
7.27,7.35,7.17,7.29,901883,6574727.07,2018-08-29
7.29,7.37,7.1,7.14,994918,7103714.52,2018-08-30
7.15,7.34,7.12,7.15,1310865,9372684.75,2018-08-31
7.11,7.32,7.11,7.21,711696,5131328.16,2018-09-03
7.22,7.57,7.09,7.45,1296342,9657747.9,2018-09-04
7.32,7.35,7.07,7.07,1179453,8338732.71,2018-09-05
7.07,7.16,6.97,6.99,711778,4975328.22,2018-09-06
7.06,7.2,6.95,7.03,809035,5687516.05,2018-09-07
7.03,7.09,6.86,6.9,636989,4395224.100000001,2018-09-10
6.92,7.05,6.83,6.93,712968,4940868.24,2018-09-11
6.89,6.99,6.84,6.9,564829,3897320.1,2018-09-12
7.11,7.12,6.86,6.98,999726,6978087.48,2018-09-13
7.0,7.0,6.83,6.86,619750,4251485.0,2018-09-14
6.82,6.82,6.7,6.71,517082,3469620.22,2018-09-17
6.75,7.14,6.72,7.1,1126807,8000329.699999999,2018-09-18
7.05,7.36,7.05,7.26,1231549,8941045.74,2018-09-19
7.29,7.38,7.21,7.25,620348,4497523.0,2018-09-20
7.28,7.72,7.2,7.69,1624518,12492543.42,2018-09-21
7.54,7.7,7.5,7.57,977015,7396003.55,2018-09-25
7.63,7.94,7.54,7.73,1490513,11521665.49,2018-09-26
7.67,7.86,7.59,7.76,880363,6831616.88,2018-09-27
7.8,8.29,7.8,8.07,2110243,17029661.01,2018-09-28
7.72,7.81,7.47,7.47,1686359,12597101.73,2018-10-08
7.48,7.72,7.41,7.58,1064084,8065756.72,2018-10-09
7.56,7.68,7.4,7.47,995200,7434144.0,2018-10-10
7.07,7.18,6.72,6.88,1995144,13726590.72,2018-10-11
6.99,7.36,6.89,7.32,1516810,11103049.200000001,2018-10-12
7.41,7.49,7.11,7.13,1402685,10001144.05,2018-10-15
7.16,7.56,7.14,7.39,1396921,10323246.19,2018-10-16
7.52,7.57,7.16,7.35,1350890,9929041.5,2018-10-17
7.31,7.31,7.08,7.11,1001156,7118219.16,2018-10-18
6.97,7.8,6.94,7.78,2083667,16210929.26,2018-10-19
7.83,8.48,7.8,8.17,2645543,21614086.31,2018-10-22
8.22,8.24,7.75,7.86,1602546,12596011.56,2018-10-23
7.92,8.35,7.82,8.06,1829425,14745165.5,2018-10-24
7.82,8.31,7.73,8.31,1685011,14002441.41,2018-10-25
8.31,8.33,7.98,8.2,1299975,10659795.0,2018-10-26
8.22,8.26,7.64,7.77,1591629,12366957.33,2018-10-29
7.8,8.1,7.75,7.92,1501828,11894477.76,2018-10-30
7.97,8.01,7.77,7.93,1152684,9140784.12,2018-10-31
8.01,8.07,7.78,7.85,1542776,12110791.6,2018-11-01
8.06,8.18,7.85,8.11,2212923,17946805.529999997,2018-11-02
7.97,8.06,7.84,7.94,1291924,10257876.56,2018-11-05
7.89,7.95,7.75,7.86,735726,5782806.36,2018-11-06
7.85,7.97,7.77,7.83,785597,6151224.51,2018-11-07
7.9,7.99,7.84,7.91,793976,6280350.16,2018-11-08
7.73,7.75,7.42,7.57,1629269,12333566.33,2018-11-09
7.48,7.6,7.4,7.58,920334,6976131.72,2018-11-12
7.43,7.67,7.4,7.56,1072498,8108084.88,2018-11-13
7.55,7.57,7.44,7.46,774240,5775830.4,2018-11-14
7.46,7.66,7.44,7.64,901462,6887169.68,2018-11-15
7.63,7.74,7.51,7.59,1059593,8042310.87,2018-11-16
7.59,7.9,7.59,7.87,1360887,10710180.69,2018-11-19
7.77,7.82,7.54,7.59,1033878,7847134.02,2018-11-20
7.52,7.69,7.5,7.63,666157,5082777.91,2018-11-21
7.69,7.69,7.5,7.57,500268,3787028.7600000002,2018-11-22
7.55,7.6,7.33,7.34,700358,5140627.72,2018-11-23
7.36,7.48,7.32,7.36,516569,3801947.8400000003,2018-11-26
7.37,7.41,7.18,7.2,733448,5280825.600000001,2018-11-27
7.19,7.33,7.18,7.3,537751,3925582.3,2018-11-28
7.37,7.41,7.21,7.22,485284,3503750.48,2018-11-29
7.24,7.38,7.19,7.38,594715,4388996.7,2018-11-30
7.61,7.68,7.49,7.61,1064097,8097778.17,2018-12-03
7.59,7.64,7.55,7.61,534813,4069926.93,2018-12-04
7.51,7.53,7.42,7.47,581545,4344141.149999999,2018-12-05
7.38,7.39,7.25,7.27,578866,4208355.819999999,2018-12-06
7.32,7.41,7.29,7.3,340216,2483576.8,2018-12-07
7.24,7.29,7.15,7.19,494819,3557748.6100000003,2018-12-10
7.23,7.28,7.19,7.25,299090,2168402.5,2018-12-11
7.32,7.34,7.22,7.26,366379,2659911.54,2018-12-12
7.27,7.5,7.22,7.41,790845,5860161.45,2018-12-13
7.36,7.37,7.18,7.19,526675,3786793.25,2018-12-14
7.18,7.35,7.12,7.31,571275,4176020.25,2018-12-17
7.22,7.34,7.12,7.14,537744,3839492.1599999997,2018-12-18
7.16,7.2,6.92,6.96,598007,4162128.72,2018-12-19
6.94,6.99,6.65,6.73,990285,6664618.050000001,2018-12-20
6.7,6.72,6.35,6.47,1000617,6473991.989999999,2018-12-21
6.42,6.47,6.33,6.44,509118,3278719.9200000004,2018-12-24
6.31,6.45,6.23,6.36,586615,3730871.4000000004,2018-12-25
6.37,6.44,6.29,6.32,421141,2661611.12,2018-12-26
6.47,6.51,6.3,6.3,624593,3934935.9,2018-12-27
6.33,6.48,6.33,6.4,576604,3690265.6,2018-12-28
6.41,6.44,6.18,6.21,539386,3349587.06,2019-01-02
6.2,6.35,6.17,6.3,415538,2617889.4,2019-01-03
6.26,6.84,6.24,6.77,1481159,10027446.43,2019-01-04
6.86,6.87,6.65,6.76,865688,5852050.88,2019-01-07
6.75,6.76,6.64,6.68,402388,2687951.84,2019-01-08
6.76,7.1,6.72,6.96,1233486,8585062.56,2019-01-09
6.89,7.22,6.88,7.12,1071818,7631344.16,2019-01-10
7.13,7.24,7.07,7.22,696365,5027755.3,2019-01-11
7.24,7.27,7.09,7.13,500444,3568165.7199999997,2019-01-14
7.13,7.3,7.11,7.26,542161,3936088.86,2019-01-15
7.26,7.52,7.25,7.5,977699,7332742.5,2019-01-16
7.56,7.59,7.19,7.27,882812,6418043.239999999,2019-01-17
7.36,7.51,7.3,7.45,738793,5504007.850000001,2019-01-18
7.36,7.49,7.34,7.36,659356,4852860.16,2019-01-21
7.36,7.46,7.28,7.3,424414,3098222.1999999997,2019-01-22
7.31,7.49,7.31,7.37,537877,3964153.49,2019-01-23
7.42,7.57,7.39,7.54,679241,5121477.14,2019-01-24
7.58,8.06,7.57,8.02,2108362,16909063.24,2019-01-25
8.06,8.16,7.9,7.96,1035910,8245843.6,2019-01-28
7.98,8.09,7.79,8.02,826631,6629580.62,2019-01-29
7.97,8.2,7.88,7.97,712001,5674647.97,2019-01-30
8.0,8.22,7.96,8.12,831623,6752778.76,2019-01-31
8.22,8.27,7.98,8.22,1014270,8337299.4,2019-02-01
8.1,8.23,7.99,8.23,801937,6599941.510000001,2019-02-11
8.22,8.33,8.05,8.21,959937,7881082.7700000005,2019-02-12
8.21,8.43,8.14,8.4,1137366,9553874.4,2019-02-13
8.32,8.35,8.21,8.27,869185,7188159.949999999,2019-02-14
8.25,8.25,7.92,7.97,1100127,8768012.19,2019-02-15
8.07,8.38,8.06,8.38,1255522,10521274.360000001,2019-02-18
8.38,8.64,8.26,8.29,1270882,10535611.78,2019-02-19
8.35,8.55,8.27,8.43,832630,7019070.899999999,2019-02-20
8.4,8.57,8.3,8.38,754246,6320581.48,2019-02-21
8.37,8.59,8.17,8.56,1184048,10135450.88,2019-02-22
8.72,9.66,8.59,9.57,2824935,27034627.95,2019-02-25
9.57,9.59,9.17,9.22,2017545,18601764.900000002,2019-02-26
9.26,9.68,9.17,9.42,1979014,18642311.88,2019-02-27
9.46,9.63,9.29,9.38,1113100,10440878.0,2019-02-28
9.5,9.8,9.22,9.78,1712679,16750000.62,2019-03-01
9.72,10.4,9.64,10.01,2456830,24592868.3,2019-03-04
9.93,10.31,9.86,10.08,1408422,14196893.76,2019-03-05
10.08,10.17,9.86,10.1,1245760,12582176.0,2019-03-06
10.08,10.08,9.57,9.76,1782057,17392876.32,2019-03-07
9.51,9.72,9.27,9.32,1778162,16572469.84,2019-03-08
9.32,9.51,9.07,9.34,1157651,10812460.34,2019-03-11
9.51,9.66,9.26,9.38,1411795,13242637.100000001,2019-03-12
9.36,9.57,9.15,9.39,1269427,11919919.530000001,2019-03-13
9.35,9.64,9.29,9.45,1057468,9993072.6,2019-03-14
9.36,9.7,9.36,9.52,1045406,9952265.12,2019-03-15
9.55,9.96,9.34,9.93,1486455,14760498.15,2019-03-18
9.94,9.96,9.63,9.81,957196,9390092.76,2019-03-19
9.7,9.9,9.64,9.77,929996,9086060.92,2019-03-20
9.79,9.82,9.6,9.71,860141,8351969.11,2019-03-21
9.71,9.76,9.52,9.61,713502,6856754.22,2019-03-22
9.42,9.42,9.12,9.13,1179883,10772331.790000001,2019-03-25
9.25,9.31,9.03,9.12,935393,8530784.16,2019-03-26
9.26,9.49,9.2,9.4,922827,8674573.8,2019-03-27
9.33,9.33,9.12,9.24,732467,6767995.08,2019-03-28
9.28,9.84,9.23,9.84,1669506,16427939.04,2019-03-29
9.85,10.57,9.85,10.2,1951401,19904290.2,2019-04-01
10.3,10.5,10.25,10.38,1100384,11421985.920000002,2019-04-02
10.23,10.47,10.17,10.46,792916,8293901.36,2019-04-03
10.45,11.02,10.45,10.88,2034365,22133891.200000003,2019-04-04
10.92,11.45,10.74,10.98,1743176,19140072.48,2019-04-08
10.89,11.0,10.77,10.83,781332,8461825.56,2019-04-09
10.77,10.9,10.42,10.75,947135,10181701.25,2019-04-10
10.75,10.98,10.51,10.56,655357,6920569.92,2019-04-11
10.51,10.61,10.23,10.44,774325,8083953.0,2019-04-12
10.74,11.11,10.68,10.71,1533891,16427972.610000001,2019-04-15
10.69,11.6,10.57,11.6,2379375,27600750.0,2019-04-16
11.44,11.61,11.25,11.37,1004110,11416730.7,2019-04-17
11.32,11.39,11.13,11.36,507045,5760031.199999999,2019-04-18
11.47,11.82,11.32,11.75,1246036,14640923.0,2019-04-19
11.62,11.86,11.1,11.17,1322274,14769800.58,2019-04-22
11.12,11.22,10.99,11.09,940687,10432218.83,2019-04-23
11.47,11.62,11.18,11.46,1949724,22343837.040000003,2019-04-24
11.4,11.66,11.15,11.15,1111476,12392957.4,2019-04-25
11.1,11.27,10.72,10.81,1009421,10911841.01,2019-04-26
10.92,11.35,10.88,11.12,1030696,11461339.52,2019-04-29
11.01,11.07,10.61,10.87,1116570,12137115.899999999,2019-04-30
10.12,10.37,9.73,9.89,2108668,20854726.52,2019-05-06
10.05,10.11,9.74,9.97,1072658,10694400.26,2019-05-07
9.74,9.93,9.52,9.62,975451,9383838.62,2019-05-08
9.54,9.6,9.07,9.18,1557152,14294655.36,2019-05-09
9.36,9.77,9.12,9.7,1192399,11566270.299999999,2019-05-10
9.35,9.56,9.25,9.32,741918,6914675.76,2019-05-13
9.22,9.77,9.18,9.51,1182598,11246506.98,2019-05-14
9.6,10.13,9.59,9.94,1103989,10973650.66,2019-05-15
9.95,10.01,9.8,9.87,634901,6266472.869999999,2019-05-16
9.94,9.95,9.38,9.46,965001,9128909.46,2019-05-17
9.37,9.56,9.27,9.4,786435,7392489.0,2019-05-20
9.42,9.75,9.38,9.58,731211,7005001.38,2019-05-21
9.59,9.59,9.34,9.42,506231,4768696.02,2019-05-22
9.26,9.44,9.16,9.31,666855,6208420.050000001,2019-05-23
9.37,9.47,9.33,9.37,495526,4643078.619999999,2019-05-24
9.23,9.44,8.95,9.39,1048426,9844720.14,2019-05-27
9.33,9.57,9.28,9.51,880703,8375485.53,2019-05-28
9.38,9.61,9.28,9.42,666412,6277601.04,2019-05-29
9.34,9.4,9.13,9.24,646285,5971673.4,2019-05-30
9.18,9.42,9.13,9.2,686794,6318504.8,2019-05-31
9.24,9.35,8.84,8.92,1512719,13493453.48,2019-06-03
8.91,8.96,8.62,8.87,974655,8645189.85,2019-06-04
8.99,9.16,8.94,8.99,748892,6732539.08,2019-06-05
8.99,9.09,8.91,8.94,433665,3876965.0999999996,2019-06-06
9.03,9.49,9.0,9.36,1144669,10714101.84,2019-06-10
9.36,9.74,9.32,9.67,1251088,12098020.959999999,2019-06-11
9.65,9.68,9.46,9.59,657310,6303602.899999999,2019-06-12
9.56,9.7,9.45,9.61,530000,5093300.0,2019-06-13
9.61,9.71,9.47,9.51,483192,4595155.92,2019-06-14
9.5,9.81,9.5,9.69,619816,6006017.04,2019-06-17
9.69,9.87,9.61,9.82,483555,4748510.100000001,2019-06-18
10.31,10.41,10.03,10.09,1143226,11535150.34,2019-06-19
10.19,10.97,10.14,10.82,1529191,16545846.620000001,2019-06-20
10.78,10.89,10.6,10.66,1011129,10778635.14,2019-06-21
10.71,10.85,10.63,10.71,659573,7064026.830000001,2019-06-24
10.74,10.74,10.09,10.45,1469227,15353422.149999999,2019-06-25
10.44,10.67,10.36,10.54,546505,5760162.699999999,2019-06-26
10.67,11.02,10.62,10.88,925075,10064816.0,2019-06-27
10.9,10.96,10.75,10.95,498094,5454129.3,2019-06-28
11.18,11.35,11.04,11.1,960636,10663059.6,2019-07-01
11.05,11.41,11.03,11.35,1052745,11948655.75,2019-07-02
11.35,11.38,11.04,11.18,769078,8598292.04,2019-07-03
11.18,11.45,11.05,11.16,621293,6933629.88,2019-07-04
11.12,11.15,10.86,11.09,749196,8308583.64,2019-07-05
10.99,11.05,10.62,10.76,778414,8375734.64,2019-07-08
10.8,10.88,10.61,10.76,494296,5318624.96,2019-07-09
10.78,10.87,10.66,10.73,358221,3843711.33,2019-07-10
10.85,10.95,10.7,10.71,484183,5185599.930000001,2019-07-11
10.77,11.4,10.75,11.29,1465367,16543993.429999998,2019-07-12
11.2,11.29,11.01,11.17,841283,9397131.11,2019-07-15
11.14,11.16,10.88,10.92,722781,7892768.52,2019-07-16
10.87,10.98,10.78,10.86,410021,4452828.06,2019-07-17
10.82,10.98,10.73,10.84,422826,4583433.84,2019-07-18
10.91,11.25,10.85,11.16,866391,9668923.56,2019-07-19
11.13,11.19,10.93,11.02,582283,6416758.66,2019-07-22
11.03,11.04,10.82,10.93,504004,5508763.72,2019-07-23
11.04,11.18,10.96,11.05,570276,6301549.800000001,2019-07-24
11.09,11.44,11.02,11.37,1087826,12368581.62,2019-07-25
11.35,11.42,11.25,11.4,635306,7242488.4,2019-07-26
11.42,11.62,11.35,11.46,715576,8200500.960000001,2019-07-29
11.48,11.72,11.46,11.54,796634,9193156.36,2019-07-30
11.47,11.49,11.25,11.3,634723,7172369.9,2019-07-31
11.23,11.36,11.11,11.27,527981,5950345.87,2019-08-01
10.94,11.05,10.83,10.91,969926,10581892.66,2019-08-02
10.77,10.81,10.44,10.52,893082,9395222.639999999,2019-08-05
10.27,10.63,10.2,10.54,882499,9301539.459999999,2019-08-06
10.66,10.81,10.54,10.71,793039,8493447.690000001,2019-08-07
11.07,11.67,11.02,11.55,2330715,26919758.25,2019-08-08
11.72,12.02,11.6,11.69,2060575,24088121.75,2019-08-09
11.78,12.29,11.77,12.29,2733425,33593793.25,2019-08-12
12.17,12.25,11.91,12.06,1293736,15602456.16,2019-08-13
12.31,12.39,11.97,12.14,1360547,16517040.58,2019-08-14
11.81,12.13,11.77,12.11,897376,10867223.36,2019-08-15
12.26,12.31,11.95,12.07,986903,11911919.21,2019-08-16
12.08,12.11,11.69,12.09,2292956,27721838.04,2019-08-19
12.09,12.37,11.94,12.16,1921042,23359870.72,2019-08-20
12.04,12.06,11.55,11.62,1990132,23125333.84,2019-08-21
11.57,11.62,11.37,11.48,1353072,15533266.56,2019-08-22
11.54,11.91,11.52,11.82,1636868,19347779.76,2019-08-23
11.59,11.67,11.32,11.42,1415123,16160704.66,2019-08-26
11.53,11.65,11.41,11.48,1356713,15575065.24,2019-08-27
11.43,11.45,11.22,11.44,829658,9491287.52,2019-08-28
11.39,11.41,11.25,11.3,609034,6882084.2,2019-08-29
11.46,11.56,11.27,11.33,798501,9047016.33,2019-08-30
11.32,11.67,11.28,11.62,1360201,15805535.62,2019-09-02
11.65,11.68,11.42,11.47,858654,9848761.38,2019-09-03
11.49,11.67,11.48,11.61,973965,11307733.65,2019-09-04
11.73,12.02,11.72,11.75,1768051,20774599.25,2019-09-05
11.88,11.98,11.79,11.98,986433,11817467.34,2019-09-06
12.15,12.17,11.77,11.86,1299839,15416090.54,2019-09-09
11.77,11.81,11.58,11.72,796871,9339328.120000001,2019-09-10
11.77,11.88,11.63,11.73,818614,9602342.22,2019-09-11
11.83,11.95,11.7,11.85,1150688,13635652.799999999,2019-09-12
11.87,11.89,11.57,11.62,929894,10805368.28,2019-09-16
11.53,11.62,11.35,11.41,882656,10071104.96,2019-09-17
11.41,11.65,11.41,11.58,820436,9500648.88,2019-09-18
11.65,12.06,11.65,12.01,1884021,22627092.21,2019-09-19
12.12,12.57,12.1,12.51,2644285,33080005.349999998,2019-09-20
12.51,12.64,12.35,12.55,1403282,17611189.1,2019-09-23
12.64,12.71,12.35,12.35,1129103,13944422.049999999,2019-09-24
12.37,13.02,12.36,12.92,1938893,25050497.56,2019-09-25
13.03,13.21,12.83,12.88,1686593,21723317.84,2019-09-26
13.02,13.17,12.87,13.07,1007706,13170717.42,2019-09-27
12.92,13.06,12.74,12.76,1046363,13351591.879999999,2019-09-30
12.77,13.4,12.77,13.37,1386676,18539858.119999997,2019-10-08
13.27,13.69,13.19,13.42,1316693,17670020.06,2019-10-09
13.44,13.44,13.16,13.41,879747,11797407.27,2019-10-10
13.37,14.12,13.37,13.98,1405423,19647813.54,2019-10-11
14.14,14.77,14.09,14.39,1557637,22414396.43,2019-10-14
14.42,14.52,13.99,14.35,881955,12656054.25,2019-10-15
14.43,14.61,13.8,13.96,1267671,17696687.16,2019-10-16
14.07,14.17,13.72,13.87,1126182,15620144.34,2019-10-17
13.97,14.21,13.6,13.68,1196799,16372210.32,2019-10-18
13.6,14.14,13.6,14.06,945952,13300085.120000001,2019-10-21
14.08,14.1,13.2,13.59,1883531,25597186.29,2019-10-22
13.49,13.84,13.4,13.62,967535,13177826.7,2019-10-23
13.67,14.17,13.61,14.04,1109215,15573378.6,2019-10-24
13.95,14.13,13.75,14.05,691436,9714675.8,2019-10-25
14.15,14.21,13.65,13.83,1070131,14799911.73,2019-10-28
13.86,14.1,13.73,14.08,788865,11107219.2,2019-10-29
13.97,14.13,13.59,13.6,854317,11618711.2,2019-10-30
13.59,13.64,13.41,13.43,862569,11584301.67,2019-10-31
13.52,14.17,13.45,14.03,1254655,17602809.65,2019-11-01
14.15,14.42,13.94,14.09,889824,12537620.16,2019-11-04
13.97,14.61,13.96,14.32,1172486,16789999.52,2019-11-05
14.23,14.43,14.05,14.13,863325,12198782.25,2019-11-06
14.1,14.24,13.92,14.06,711897,10009271.82,2019-11-07
14.15,14.19,13.81,13.82,849139,11735100.98,2019-11-08
13.67,13.7,13.37,13.45,953516,12824790.2,2019-11-11
13.46,13.54,13.33,13.5,516266,6969591.0,2019-11-12
13.46,13.63,13.23,13.5,655121,8844133.5,2019-11-13
13.6,13.65,13.42,13.49,468900,6325461.0,2019-11-14
13.56,13.72,13.41,13.51,569228,7690270.28,2019-11-15
13.52,13.72,13.4,13.62,557918,7598843.159999999,2019-11-18
13.62,13.65,13.48,13.58,562120,7633589.6,2019-11-19
13.47,13.47,12.94,13.02,1724384,22451479.68,2019-11-20
12.92,13.04,12.8,13.03,772563,10066495.889999999,2019-11-21
13.06,13.09,12.72,12.76,773474,9869528.24,2019-11-22
12.81,13.01,12.71,12.97,783258,10158856.26,2019-11-25
13.06,13.06,12.66,12.79,815298,10427661.42,2019-11-26
12.81,12.81,12.56,12.64,476170,6018788.8,2019-11-27
12.64,12.71,12.61,12.66,378017,4785695.22,2019-11-28
12.71,12.72,12.35,12.46,653867,8147182.82,2019-11-29
12.52,12.6,12.4,12.53,553877,6940078.81,2019-12-02
12.47,12.63,12.38,12.62,455418,5747375.159999999,2019-12-03
12.51,12.58,12.38,12.48,524545,6546321.600000001,2019-12-04
12.52,12.65,12.47,12.6,557084,7019258.399999999,2019-12-05
12.64,12.89,12.63,12.77,712615,9100093.549999999,2019-12-06
12.79,12.79,12.52,12.58,605993,7623391.94,2019-12-09
12.53,12.55,12.42,12.5,556384,6954800.0,2019-12-10
12.55,12.85,12.47,12.83,871505,11181409.15,2019-12-11
12.83,12.84,12.7,12.77,478999,6116817.2299999995,2019-12-12
13.02,13.29,12.94,13.29,1053104,13995752.159999998,2019-12-13
13.29,13.31,13.04,13.3,787952,10479761.600000001,2019-12-16
13.17,13.8,13.15,13.67,1203105,16446445.35,2019-12-17
13.6,13.83,13.58,13.63,797091,10864350.33,2019-12-18
13.72,13.91,13.61,13.72,675537,9268367.64,2019-12-19
13.72,13.85,13.61,13.76,644478,8868017.28,2019-12-20
13.85,13.85,13.34,13.41,715793,9598784.13,2019-12-23
13.4,13.67,13.4,13.57,459128,6230366.96,2019-12-24
13.62,13.73,13.41,13.47,414918,5588945.46,2019-12-25
13.51,13.65,13.49,13.64,372034,5074543.76,2019-12-26
13.7,14.1,13.6,13.8,1042575,14387535.0,2019-12-27
13.63,13.8,13.27,13.74,976970,13423567.8,2019-12-30
13.74,13.8,13.48,13.62,704442,9594500.04,2019-12-31
13.82,14.12,13.72,14.04,1530232,21484457.279999997,2020-01-02
14.11,14.48,14.09,14.35,1116195,16017398.25,2020-01-03
14.18,14.51,14.08,14.24,862084,12276076.16,2020-01-06
14.3,14.45,14.12,14.32,728608,10433666.56,2020-01-07
14.17,14.22,13.8,13.83,847824,11725405.92,2020-01-08
13.98,14.1,13.7,13.96,1031637,14401652.520000001,2020-01-09
13.96,13.98,13.69,13.86,585548,8115695.279999999,2020-01-10
13.92,14.2,13.78,14.16,872133,12349403.28,2020-01-13
14.16,14.44,13.93,13.93,1304494,18171601.419999998,2020-01-14
13.96,14.03,13.62,13.69,859439,11765719.91,2020-01-15
13.69,13.74,13.37,13.5,1028105,13879417.5,2020-01-16
13.55,13.72,13.52,13.56,605437,8209725.720000001,2020-01-17
13.6,13.78,13.52,13.62,746075,10161541.5,2020-01-20
13.51,13.51,13.1,13.17,896603,11808261.51,2020-01-21
13.09,13.33,12.88,13.26,719465,9540105.9,2020-01-22
13.09,13.09,12.56,12.71,1100592,13988524.32,2020-01-23
11.16,11.87,11.16,11.16,2259195,25212616.2,2020-02-03
11.22,11.83,11.19,11.77,1706172,20081644.439999998,2020-02-04
11.76,12.06,11.49,11.8,1491380,17598284.0,2020-02-05
11.98,12.04,11.68,11.94,1185816,14158643.04,2020-02-06
11.77,11.86,11.58,11.79,924853,10904016.87,2020-02-07
11.68,11.7,11.47,11.67,1339495,15631906.65,2020-02-10
11.77,12.11,11.73,11.96,1407507,16833783.720000003,2020-02-11
11.96,11.99,11.77,11.94,1070503,12781805.82,2020-02-12
11.88,12.05,11.78,11.82,1013205,11976083.1,2020-02-13
11.92,12.31,11.87,12.2,1512435,18451707.0,2020-02-14
12.21,12.54,12.1,12.54,1543696,19357947.84,2020-02-17
12.5,12.5,12.18,12.37,973612,12043580.44,2020-02-18
12.27,12.54,12.25,12.41,874107,10847667.870000001,2020-02-19
12.44,12.79,12.27,12.76,1235444,15764265.44,2020-02-20
12.66,12.89,12.62,12.75,995071,12687155.25,2020-02-21
12.63,12.63,12.32,12.4,1191795,14778258.0,2020-02-24
12.17,12.3,11.95,12.21,1144575,13975260.750000002,2020-02-25
11.94,12.44,11.87,12.16,1176599,14307443.84,2020-02-26
12.13,12.32,12.06,12.28,975271,11976327.879999999,2020-02-27
12.02,12.21,11.63,11.67,1300644,15178515.48,2020-02-28
11.72,12.12,11.63,11.96,1116581,13354308.760000002,2020-03-02
12.13,12.16,11.8,11.89,1153584,13716113.76,2020-03-03
11.85,11.95,11.68,11.86,862595,10230376.7,2020-03-04
11.97,12.81,11.9,12.56,2686602,33743721.120000005,2020-03-05
12.35,12.44,12.19,12.2,1228531,14988078.2,2020-03-06
11.88,11.9,11.59,11.62,1665794,19356526.279999997,2020-03-09
11.55,12.02,11.55,11.93,1167865,13932629.45,2020-03-10
11.94,12.05,11.79,11.86,814382,9658570.52,2020-03-11
11.82,12.01,11.7,11.85,986497,11689989.45,2020-03-12
11.07,11.75,11.07,11.69,1169766,13674564.54,2020-03-13
11.62,11.63,10.92,10.92,1406202,15355725.84,2020-03-16
10.92,11.14,10.3,10.58,1177849,12461642.42,2020-03-17
10.58,10.72,9.82,9.88,1384784,13681665.920000002,2020-03-18
9.85,9.91,9.08,9.4,1891457,17779695.8,2020-03-19
9.57,9.85,9.43,9.69,1578353,15294240.569999998,2020-03-20
9.17,9.52,9.1,9.32,1071114,9982782.48,2020-03-23
9.57,9.85,9.44,9.78,1180200,11542356.0,2020-03-24
10.05,10.24,9.87,10.04,1136958,11415058.319999998,2020-03-25
9.95,10.51,9.89,10.23,1075192,10999214.16,2020-03-26
10.42,10.55,10.25,10.32,653019,6739156.08,2020-03-27
10.02,10.21,9.93,10.11,661739,6690181.29,2020-03-30
10.22,10.26,9.95,9.97,513370,5118298.9,2020-03-31
10.03,10.3,9.99,10.06,520836,5239610.16,2020-04-01
9.92,10.14,9.83,10.14,518365,5256221.100000001,2020-04-02
9.99,10.06,9.72,9.78,825348,8071903.4399999995,2020-04-03
10.06,10.11,9.98,10.05,870314,8746655.700000001,2020-04-07
10.05,10.09,9.89,9.95,528716,5260724.199999999,2020-04-08
10.05,10.06,9.89,9.91,408554,4048770.14,2020-04-09
9.93,10.15,9.82,9.96,666675,6640083.000000001,2020-04-10
9.84,9.88,9.64,9.76,446214,4355048.64,2020-04-13
9.82,10.03,9.74,10.03,686087,6881452.609999999,2020-04-14
10.03,10.1,9.95,10.04,656396,6590215.84,2020-04-15
9.96,9.96,9.71,9.85,789155,7773176.75,2020-04-16
9.94,10.21,9.82,10.06,1331165,13391519.9,2020-04-17
10.03,10.22,9.94,10.16,818456,8315512.96,2020-04-20
10.47,10.87,10.47,10.62,2122448,22540397.759999998,2020-04-21
10.54,10.59,10.33,10.4,1032803,10741151.200000001,2020-04-22
10.4,10.48,10.28,10.4,646990,6728696.0,2020-04-23
10.34,10.45,10.28,10.41,566002,5892080.82,2020-04-24
10.47,10.81,10.42,10.67,936830,9995976.1,2020-04-27
10.62,10.73,10.44,10.69,771564,8248019.159999999,2020-04-28
10.65,11.27,10.62,11.19,1108722,12406599.18,2020-04-29
11.19,11.49,11.05,11.1,819540,9096894.0,2020-04-30
10.93,11.06,10.78,10.94,1008998,11038438.12,2020-05-06
10.93,10.93,10.77,10.86,662749,7197454.14,2020-05-07
10.93,11.19,10.85,11.12,934782,10394775.84,2020-05-08
11.09,11.3,11.07,11.17,612862,6845668.54,2020-05-11
11.12,11.22,10.89,10.96,558511,6121280.5600000005,2020-05-12
10.92,10.95,10.7,10.8,640359,6915877.2,2020-05-13
10.72,10.76,10.39,10.47,944672,9890715.84,2020-05-14
10.56,10.6,10.31,10.4,756794,7870657.600000001,2020-05-15
10.37,10.51,10.29,10.37,637209,6607857.329999999,2020-05-18
10.58,10.62,10.44,10.53,600369,6321885.569999999,2020-05-19
10.55,10.79,10.44,10.68,690851,7378288.68,2020-05-20
10.69,10.74,10.53,10.57,552312,5837937.84,2020-05-21
10.5,10.51,10.09,10.09,856237,8639431.33,2020-05-22
10.14,10.15,9.93,10.13,410171,4155032.2300000004,2020-05-25
10.19,10.24,10.11,10.21,396212,4045324.5200000005,2020-05-26
10.22,10.36,10.13,10.17,482963,4911733.71,2020-05-27
10.25,10.56,10.19,10.45,960760,10039942.0,2020-05-28
10.39,10.42,10.3,10.38,457808,4752047.04,2020-05-29
10.48,10.77,10.46,10.7,882961,9447682.7,2020-06-01
10.67,11.01,10.66,10.93,883459,9656206.87,2020-06-02
11.02,11.26,10.88,10.92,956803,10448288.76,2020-06-03
10.91,11.02,10.79,10.95,583066,6384572.699999999,2020-06-04
10.98,11.0,10.81,10.97,383027,4201806.19,2020-06-05
11.06,11.23,10.96,11.0,585972,6445692.0,2020-06-08
11.02,11.11,10.91,11.05,474300,5241015.0,2020-06-09
11.09,11.09,10.78,10.87,580476,6309774.119999999,2020-06-10
10.76,10.77,10.38,10.46,1349040,14110958.4,2020-06-11
10.28,10.4,10.25,10.37,1030551,10686813.87,2020-06-12
10.23,10.35,10.18,10.2,660313,6735192.6,2020-06-15
10.28,10.37,10.24,10.27,718059,7374465.93,2020-06-16
10.27,10.3,10.14,10.23,716468,7329467.640000001,2020-06-17
10.14,10.18,9.97,10.14,1119648,11353230.72,2020-06-18
10.11,10.22,9.99,10.18,1539522,15672333.959999999,2020-06-19
10.12,10.14,10.0,10.02,1319080,13217181.6,2020-06-22
10.03,10.07,9.9,9.98,990807,9888253.860000001,2020-06-23
10.02,10.26,9.98,10.18,1523220,15506379.6,2020-06-24
10.3,10.35,10.09,10.18,1038480,10571726.4,2020-06-29
10.21,10.26,10.1,10.18,937940,9548229.2,2020-06-30
10.17,10.53,10.12,10.5,1697390,17822595.0,2020-07-01
10.46,10.87,10.35,10.81,2590501,28003315.810000002,2020-07-02
10.95,11.7,10.94,11.63,3768334,43825724.42,2020-07-03
11.98,13.06,11.97,13.06,4711461,61531680.660000004,2020-07-06
13.68,14.01,12.41,12.86,3964428,50982544.08,2020-07-07
12.61,13.38,12.61,13.14,2631339,34575794.46,2020-07-08
13.04,13.04,12.69,12.91,2243994,28969962.54,2020-07-09
12.73,12.86,12.14,12.24,2158773,26423381.52,2020-07-10
12.08,12.46,11.88,12.27,1937160,23768953.2,2020-07-13
12.28,12.57,11.93,12.06,1953566,23560005.96,2020-07-14
12.16,12.24,11.61,11.65,2042563,23795858.95,2020-07-15
11.68,11.93,11.5,11.53,1930891,22263173.23,2020-07-16
11.55,11.66,11.33,11.52,1291347,14876317.44,2020-07-17
11.61,12.15,11.48,12.11,1979632,23973343.52,2020-07-20
12.06,12.06,11.78,11.87,1252866,14871519.42,2020-07-21
11.87,12.03,11.65,11.79,1312952,15479704.079999998,2020-07-22
11.62,11.67,11.19,11.39,2027526,23093521.14,2020-07-23
11.35,11.37,10.8,10.88,1830882,19919996.16,2020-07-24
11.05,11.06,10.48,10.62,1880653,19972534.86,2020-07-27
10.72,10.81,10.56,10.72,1217006,13046304.32,2020-07-28
10.73,11.01,10.59,10.92,1519580,16593813.6,2020-07-29
10.88,10.89,10.75,10.75,964068,10363731.0,2020-07-30
10.66,10.91,10.63,10.72,1165822,12497611.84,2020-07-31
10.85,11.0,10.81,10.97,1445096,15852703.120000001,2020-08-03
11.04,11.53,10.86,11.42,2445663,27929471.46,2020-08-04
11.2,11.23,11.0,11.14,1440203,16043861.42,2020-08-05
11.2,11.34,11.03,11.28,1352511,15256324.079999998,2020-08-06
11.18,11.28,11.0,11.08,988678,10954552.24,2020-08-07
11.05,11.4,11.0,11.33,1587710,17988754.3,2020-08-10
11.35,12.04,11.35,11.51,2603308,29964075.08,2020-08-11
11.59,11.88,11.53,11.76,1596812,18778509.12,2020-08-12
11.78,11.84,11.52,11.56,837262,9678748.72,2020-08-13
11.48,11.89,11.44,11.85,1103216,13073109.6,2020-08-14
11.98,12.73,11.93,12.57,3268028,41079111.96,2020-08-17
12.58,12.68,12.29,12.53,1350261,16918770.33,2020-08-18
12.49,12.73,12.34,12.48,1420928,17733181.44,2020-08-19
12.39,12.52,11.91,11.97,1333802,15965609.940000001,2020-08-20
12.09,12.09,11.7,11.83,1234517,14604336.11,2020-08-21
11.88,12.09,11.79,11.84,919449,10886276.16,2020-08-24
11.94,12.07,11.84,11.98,748320,8964873.6,2020-08-25
11.98,11.99,11.66,11.75,734118,8625886.5,2020-08-26
11.78,11.84,11.49,11.84,626667,7419737.28,2020-08-27
11.64,12.56,11.64,12.51,2410400,30154104.0,2020-08-28
12.68,13.06,12.37,12.46,1797130,22392239.8,2020-08-31
12.34,12.61,12.26,12.52,813643,10186810.36,2020-09-01
12.39,12.91,12.39,12.7,1679383,21328164.099999998,2020-09-02
12.7,12.71,12.22,12.28,1279842,15716459.76,2020-09-03
12.11,12.44,11.98,12.34,909890,11228042.6,2020-09-04
12.26,12.62,12.21,12.32,1031377,12706564.64,2020-09-07
12.38,12.81,12.38,12.81,1407602,18031381.62,2020-09-08
12.64,12.94,12.51,12.59,1013572,12760871.48,2020-09-09
12.7,12.86,12.58,12.72,957092,12174210.24,2020-09-10
12.56,12.68,12.2,12.39,954236,11822984.040000001,2020-09-11
12.39,12.68,12.3,12.68,680251,8625582.68,2020-09-14
12.58,12.86,12.53,12.73,657133,8365303.09,2020-09-15
12.7,12.92,12.59,12.82,722415,9261360.3,2020-09-16
12.92,13.1,12.78,12.95,988216,12797397.2,2020-09-17
13.0,13.47,12.9,13.45,1373193,18469445.849999998,2020-09-18
13.38,13.43,13.09,13.24,896162,11865184.88,2020-09-21
13.05,13.22,12.77,12.95,867756,11237440.2,2020-09-22
12.97,13.21,12.89,13.01,599200,7795592.0,2020-09-23
12.97,12.99,12.5,12.5,1061011,13262637.5,2020-09-24
12.58,12.69,12.49,12.57,614087,7719073.59,2020-09-25
12.57,12.75,12.36,12.69,612711,7775302.59,2020-09-28
12.77,12.79,12.14,12.18,1182374,14401315.32,2020-09-29
12.18,12.65,12.18,12.55,1217065,15274165.75,2020-09-30
12.68,12.93,12.51,12.56,900426,11309350.56,2020-10-09
12.6,13.43,12.59,13.28,1591347,21133088.16,2020-10-12
13.28,13.49,13.15,13.44,908819,12214527.36,2020-10-13
13.42,13.5,13.18,13.41,662562,8884956.42,2020-10-14
13.58,14.3,13.53,13.94,1600062,22304864.279999997,2020-10-15
13.94,14.75,13.92,14.48,2095614,30344490.720000003,2020-10-16
14.68,15.48,14.68,14.86,2016106,29959335.16,2020-10-19
14.86,14.98,14.63,14.92,960072,14324274.24,2020-10-20
15.02,15.38,14.71,15.29,1244560,19029322.4,2020-10-21
15.32,15.88,14.68,14.94,1890519,28244353.86,2020-10-22
14.91,16.16,14.91,15.51,1698502,26343766.02,2020-10-23
15.58,15.67,14.83,15.08,1175599,17728032.92,2020-10-26
15.38,15.38,14.88,15.14,1034865,15667856.100000001,2020-10-27
15.14,15.28,14.67,15.01,1205824,18099418.24,2020-10-28
14.92,15.31,14.73,15.15,846604,12826050.6,2020-10-29
15.12,15.74,14.98,15.13,1007804,15248074.520000001,2020-10-30
15.03,15.43,14.71,15.01,968453,14536479.53,2020-11-02
15.09,15.72,15.08,15.34,957869,14693710.459999999,2020-11-03
15.73,15.86,15.34,15.7,1247636,19587885.2,2020-11-04
15.75,15.88,14.92,15.08,1429469,21556392.52,2020-11-05
15.09,15.13,14.6,15.02,848782,12748705.639999999,2020-11-06
15.05,15.38,14.92,15.22,951424,14480673.280000001,2020-11-09
15.38,15.88,15.31,15.49,1021063,15816265.870000001,2020-11-10
15.58,15.68,14.98,15.19,940130,14280574.7,2020-11-11
15.19,15.32,14.83,15.04,677258,10185960.32,2020-11-12
14.8,14.85,14.07,14.56,1289189,18770591.84,2020-11-13
14.46,14.81,14.28,14.75,759857,11207890.75,2020-11-16
14.76,15.31,14.63,15.21,852931,12973080.510000002,2020-11-17
15.16,15.88,15.13,15.84,1373401,21754671.84,2020-11-18
15.97,16.36,15.68,16.23,1211741,19666556.43,2020-11-19
16.21,16.37,15.9,16.24,673919,10944444.559999999,2020-11-20
16.23,17.0,16.18,17.0,1165858,19819586.0,2020-11-23
17.0,17.06,16.55,16.74,678543,11358809.819999998,2020-11-24
16.86,17.08,16.43,16.44,552585,9084497.4,2020-11-25
16.43,16.99,16.41,16.88,639658,10797427.04,2020-11-26
17.38,17.38,16.76,17.08,753774,12874459.919999998,2020-11-27
17.28,18.26,16.97,17.12,1581441,27074269.92,2020-11-30
17.08,17.89,16.78,17.43,1263720,22026639.6,2020-12-01
17.31,17.44,16.9,17.01,889385,15128438.850000001,2020-12-02
17.16,17.24,16.55,16.92,714452,12088527.840000002,2020-12-03
16.85,16.85,16.35,16.68,891348,14867684.64,2020-12-04
16.69,16.77,16.06,16.29,873807,14234316.03,2020-12-07
16.3,16.41,15.91,16.09,719648,11579136.32,2020-12-08
16.17,16.43,16.06,16.09,677221,10896485.89,2020-12-09
16.11,16.26,15.83,16.03,607867,9744108.01,2020-12-10
16.09,16.18,15.6,15.9,887794,14115924.6,2020-12-11
15.98,16.44,15.88,16.26,835992,13593229.920000002,2020-12-14
16.18,16.23,15.53,16.12,788858,12716390.96,2020-12-15
16.18,16.48,15.96,16.39,689070,11293857.3,2020-12-16
16.29,16.45,15.98,16.33,686141,11204682.53,2020-12-17
16.38,16.48,15.61,15.74,1058756,16664819.44,2020-12-18
15.68,16.02,15.41,15.66,906878,14201709.48,2020-12-21
15.74,16.03,15.26,15.28,1028738,15719116.639999999,2020-12-22
15.34,15.45,15.17,15.38,750083,11536276.540000001,2020-12-23
15.53,15.87,15.43,15.64,632950,9899338.0,2020-12-24
15.64,15.64,15.18,15.42,577077,8898527.34,2020-12-25
15.4,16.24,15.34,16.23,1270337,20617569.51,2020-12-28
16.25,16.68,16.08,16.55,963092,15939172.600000001,2020-12-29
16.38,16.58,16.1,16.58,978498,16223496.839999998,2020-12-30
16.59,16.96,16.4,16.72,924503,15457690.159999998,2020-12-31
16.48,16.48,15.82,15.98,1554216,24836371.68,2021-01-04
15.78,15.86,15.18,15.55,1821352,28322023.6,2021-01-05
15.46,16.94,15.38,16.94,1934945,32777968.3,2021-01-06
16.9,17.36,16.61,17.28,1584185,27374716.8,2021-01-07
17.28,17.48,16.69,17.23,1195473,20597999.79,2021-01-08
17.38,18.02,17.38,17.76,1790457,31798516.320000004,2021-01-11
17.77,18.38,17.56,18.38,1288166,23676491.08,2021-01-12
18.38,18.39,17.78,18.08,1049120,18968089.599999998,2021-01-13
18.06,18.27,17.33,17.55,1130156,19834237.8,2021-01-14
18.38,19.33,18.2,18.38,2480689,45595063.82,2021-01-15
18.58,20.16,18.58,20.08,2157302,43318624.16,2021-01-18
19.89,20.22,19.43,19.72,1242088,24493975.36,2021-01-19
19.53,20.35,19.5,19.85,1280793,25423741.05,2021-01-20
19.88,20.18,19.53,19.61,944779,18527116.189999998,2021-01-21
19.61,19.61,18.89,19.41,924434,17943263.94,2021-01-22
19.1,19.98,18.81,19.87,1028365,20433612.55,2021-01-25
19.68,20.7,19.68,19.75,1126721,22252739.75,2021-01-26
19.69,20.85,19.69,20.46,1294153,26478370.380000003,2021-01-27
20.16,20.56,19.83,20.19,857477,17312460.630000003,2021-01-28
20.19,20.92,20.09,20.47,1240258,25388081.259999998,2021-01-29
20.38,22.37,20.08,21.93,1475239,32351991.27,2021-02-01
20.76,21.48,20.29,20.66,2416169,49918051.54,2021-02-02
20.86,22.56,20.76,22.33,1923272,42946663.76,2021-02-03
21.56,22.62,21.42,21.98,1255248,27590351.04,2021-02-04
21.98,22.69,21.65,22.31,1015576,22657500.56,2021-02-05
22.28,22.28,21.48,22.18,1084265,24048997.7,2021-02-08
22.17,22.22,21.55,21.96,942094,20688384.240000002,2021-02-09
21.98,22.34,20.76,21.2,1918867,40679980.4,2021-02-10
21.38,21.93,20.86,21.68,1505231,32633408.08,2021-02-18
21.34,21.57,20.95,21.23,922583,19586437.09,2021-02-19
21.18,21.18,19.64,19.76,1956842,38667197.92,2021-02-22
19.76,20.06,19.2,19.31,1870460,36118582.599999994,2021-02-23
19.65,19.66,18.94,19.54,1428500,27912890.0,2021-02-24
19.78,19.94,19.06,19.47,1593403,31023556.409999996,2021-02-25
18.98,19.34,18.59,18.76,1124977,21104568.520000003,2021-02-26
18.92,19.06,18.56,18.83,1125387,21191037.209999997,2021-03-01
19.0,19.53,18.64,19.03,1473425,28039277.75,2021-03-02
18.96,20.46,18.84,20.39,1919635,39141357.65,2021-03-03
20.15,20.87,20.03,20.3,1213579,24635653.7,2021-03-04
20.08,20.36,19.24,19.72,880171,17356972.119999997,2021-03-05
19.82,20.07,18.86,18.98,993774,18861830.52,2021-03-08
19.06,19.3,17.96,18.23,1361895,24827345.85,2021-03-09
18.22,18.29,17.66,17.78,1149417,20436634.26,2021-03-10
17.96,18.76,17.94,18.65,1048659,19557490.349999998,2021-03-11
18.75,19.08,18.58,18.86,697201,13149210.86,2021-03-12
18.78,19.5,18.49,18.98,958749,18197056.02,2021-03-15
18.98,19.49,18.65,19.04,939684,17891583.36,2021-03-16
18.83,18.93,18.28,18.58,821489,15263265.62,2021-03-17
18.68,19.11,18.38,19.11,691610,13216667.1,2021-03-18
18.91,19.03,17.75,17.85,1525622,27232352.700000003,2021-03-19
17.93,18.93,17.91,18.93,1451190,27471026.7,2021-03-22
18.95,19.03,18.34,18.61,682903,12708824.83,2021-03-23
18.59,18.66,17.83,17.91,850085,15225022.35,2021-03-24
17.96,18.21,17.78,18.13,492666,8932034.58,2021-03-25
18.22,18.78,18.14,18.52,822108,15225440.16,2021-03-26
18.66,19.03,18.58,18.87,785667,14825536.290000001,2021-03-29
18.76,19.31,18.59,19.31,738655,14263428.049999999,2021-03-30
19.15,19.45,18.98,19.39,777028,15066572.92,2021-03-31
19.46,19.49,18.88,19.16,544449,10431642.84,2021-04-01
19.08,19.11,18.74,18.88,581084,10970865.92,2021-04-02
18.93,19.47,18.89,19.06,401103,7645023.18,2021-04-06
19.26,19.31,18.69,19.02,517605,9844847.1,2021-04-07
18.84,19.11,18.71,18.94,383030,7254588.2,2021-04-08
19.09,19.1,18.46,18.68,398960,7452572.8,2021-04-09
18.89,18.89,18.01,18.08,594743,10752953.44,2021-04-12
18.1,18.26,17.97,18.16,499904,9078256.64,2021-04-13
18.17,18.32,17.8,18.05,537438,9700755.9,2021-04-14
18.14,18.15,17.46,17.74,735865,13054245.1,2021-04-15
17.74,17.81,17.19,17.64,729998,12877164.72,2021-04-16
17.41,18.62,17.29,18.53,1112283,20610603.990000002,2021-04-19
18.46,19.33,18.3,19.07,834773,15919121.11,2021-04-20
19.68,20.57,19.67,20.39,1597100,32564869.0,2021-04-21
20.57,20.61,20.16,20.36,829694,16892569.84,2021-04-22
20.7,21.03,20.45,20.67,823230,17016164.1,2021-04-23
21.25,21.61,20.28,20.32,872418,17727533.76,2021-04-26
20.33,20.57,20.24,20.32,470431,9559157.92,2021-04-27
20.67,20.83,20.16,20.73,593838,12310261.74,2021-04-28
20.72,21.09,20.49,20.97,614837,12893131.889999999,2021-04-29
20.73,20.87,20.39,20.67,561981,11616147.270000001,2021-04-30
20.48,21.08,20.48,20.88,500295,10446159.6,2021-05-06
21.05,21.68,20.77,21.43,802214,17191446.02,2021-05-07
21.38,21.42,20.4,21.24,661439,14048964.36,2021-05-10
21.0,21.13,20.44,20.91,497223,10396932.93,2021-05-11
20.67,21.02,20.26,20.93,533265,11161236.45,2021-05-12
20.9,20.97,20.22,20.45,549653,11240403.85,2021-05-13
20.7,20.99,20.16,20.88,563785,11771830.799999999,2021-05-14
20.71,21.38,20.51,21.16,527565,11163275.4,2021-05-17
21.41,21.67,20.96,21.46,395415,8485605.9,2021-05-18
21.38,21.69,21.08,21.16,429420,9086527.2,2021-05-19
20.97,21.4,20.83,21.38,405788,8675747.44,2021-05-20
21.44,21.65,20.59,21.05,539336,11353022.8,2021-05-21
21.04,21.16,20.75,21.04,343936,7236413.4399999995,2021-05-24
21.1,22.29,21.01,22.16,972375,21547830.0,2021-05-25
22.2,22.68,22.06,22.57,919264,20747788.48,2021-05-26
22.47,22.72,22.08,22.35,504091,11266433.850000001,2021-05-27
22.24,22.27,21.72,22.06,492401,10862366.059999999,2021-05-28
21.89,22.09,21.47,21.76,515351,11214037.760000002,2021-05-31
21.76,21.81,21.06,21.48,625018,13425386.64,2021-06-01
21.45,21.48,20.94,21.45,497527,10671954.15,2021-06-02
21.28,21.7,21.24,21.33,400901,8551218.33,2021-06-03
21.55,22.52,21.36,22.1,756739,16723931.9,2021-06-04
22.04,22.04,21.49,21.86,447914,9791400.04,2021-06-07
21.71,22.13,21.51,22.09,570078,12593023.02,2021-06-08
21.99,22.44,21.74,22.21,453832,10079608.72,2021-06-09
22.22,22.62,21.71,21.76,530215,11537478.4,2021-06-10
21.87,21.91,20.68,20.93,834665,17469538.45,2021-06-11
20.91,20.99,20.36,20.78,660623,13727745.940000001,2021-06-15
20.78,20.96,20.57,20.82,378208,7874290.5600000005,2021-06-16
20.58,21.25,20.58,20.66,453282,9364806.12,2021-06-17
20.69,20.84,19.95,20.21,694099,14027740.790000001,2021-06-18
20.16,20.23,19.57,19.72,718273,14164343.559999999,2021-06-21
19.94,20.65,19.81,20.53,757751,15556628.030000001,2021-06-22
20.41,20.97,20.28,20.7,447908,9271695.6,2021-06-23
20.59,20.68,20.24,20.64,390283,8055441.12,2021-06-24
20.64,21.16,20.62,20.92,559973,11714635.16,2021-06-25
20.92,20.95,20.04,20.34,626257,12738067.38,2021-06-28
20.14,20.35,19.56,19.9,1049749,20890005.099999998,2021-06-29
19.92,20.49,19.91,20.18,403435,8141318.3,2021-06-30
20.37,21.06,20.08,20.76,664833,13801933.080000002,2021-07-01
20.28,20.3,19.32,19.37,1070678,20739032.86,2021-07-02
19.25,19.71,18.65,19.62,859341,16860270.42,2021-07-05
19.64,20.56,19.41,20.34,791957,16108405.379999999,2021-07-06
20.24,20.61,20.06,20.11,468945,9430483.95,2021-07-07
20.34,20.34,18.76,19.07,1457059,27786115.13,2021-07-08
18.86,19.19,18.58,18.83,762365,14355332.95,2021-07-09
19.06,19.06,18.45,18.72,877901,16434306.719999999,2021-07-12
18.71,18.9,18.1,18.68,657614,12284229.52,2021-07-13
18.56,18.56,17.97,18.32,847951,15534462.32,2021-07-14
18.28,19.28,18.19,19.18,956003,18336137.54,2021-07-15
18.97,19.38,18.86,18.9,573003,10829756.7,2021-07-16
18.92,18.99,18.34,18.77,522136,9800492.72,2021-07-19
18.66,18.76,18.03,18.16,804034,14601257.44,2021-07-20
18.14,18.36,17.76,18.01,753077,13562916.770000001,2021-07-21
18.01,18.22,17.8,17.94,868648,15583545.120000001,2021-07-22
17.94,17.94,17.56,17.66,727404,12845954.64,2021-07-23
17.52,17.55,15.99,16.36,1451304,23743333.439999998,2021-07-26
16.43,16.55,15.16,15.32,1357551,20797681.32,2021-07-27
15.41,15.63,15.24,15.31,1062994,16274438.14,2021-07-28
15.47,15.8,15.34,15.52,872378,13539306.56,2021-07-29
15.48,15.61,14.8,15.25,950156,14489879.0,2021-07-30
15.2,15.7,14.74,15.57,1159923,18060001.11,2021-08-02
15.55,15.71,15.22,15.45,896949,13857862.049999999,2021-08-03
15.6,15.63,15.16,15.37,729620,11214259.399999999,2021-08-04
15.26,15.61,15.14,15.24,621574,9472787.76,2021-08-05
15.11,15.46,15.01,15.42,567454,8750140.68,2021-08-06
15.47,16.81,15.4,16.62,1752798,29131502.76,2021-08-09
16.65,17.54,16.46,17.29,1301988,22511372.52,2021-08-10
17.55,18.14,17.26,17.37,1048308,18209109.96,2021-08-11
17.35,17.86,17.19,17.45,666458,11629692.1,2021-08-12
17.34,17.48,17.06,17.45,562885,9822343.25,2021-08-13
17.65,17.76,17.13,17.51,627050,10979645.500000002,2021-08-16
17.41,17.78,17.17,17.23,476022,8201859.0600000005,2021-08-17
17.23,18.76,17.11,18.18,1332732,24229067.759999998,2021-08-18
18.04,18.18,17.58,17.9,649976,11634570.399999999,2021-08-19
17.53,17.63,16.26,16.98,1614628,27416383.44,2021-08-20
17.06,17.61,16.67,16.86,1191849,20094574.14,2021-08-23
16.91,17.53,16.77,16.92,868953,14702684.760000002,2021-08-24
16.98,17.03,16.51,16.72,698084,11671964.479999999,2021-08-25
16.76,16.82,15.97,16.02,951619,15244936.379999999,2021-08-26
16.12,16.44,15.87,15.95,728820,11624679.0,2021-08-27
15.77,15.85,15.11,15.28,1252211,19133784.08,2021-08-30
15.28,15.49,14.87,15.36,1174868,18045972.48,2021-08-31
15.04,15.48,14.57,15.44,2316894,35772843.36,2021-09-01
15.56,16.34,15.36,15.96,2422604,38664759.84,2021-09-02
16.06,16.06,15.26,15.6,1394819,21759176.4,2021-09-03
15.49,16.16,15.34,16.01,1515226,24258768.26,2021-09-06
16.16,17.12,15.91,16.8,1622344,27255379.200000003,2021-09-07
16.8,17.11,16.66,16.79,1026201,17229914.79,2021-09-08
16.67,16.71,16.36,16.56,739506,12246219.36,2021-09-09
16.45,18.33,16.4,18.13,2314945,41969952.849999994,2021-09-10
17.92,18.07,17.37,17.77,1297228,23051741.56,2021-09-13
17.74,17.83,16.83,16.93,1158173,19607868.89,2021-09-14
16.87,18.55,16.75,17.08,841618,14374835.44,2021-09-15
16.86,17.06,16.29,16.64,1176954,19584514.560000002,2021-09-16
16.46,16.56,15.97,16.09,1124880,18099319.2,2021-09-17
15.43,15.61,14.98,15.54,1473365,22896092.099999998,2021-09-22
15.66,15.88,15.21,15.24,1379838,21028731.12,2021-09-23
15.16,15.24,14.9,14.91,1265696,18871527.36,2021-09-24
14.77,15.24,14.62,15.13,1140668,17258306.84,2021-09-27
15.03,15.73,15.01,15.53,1293167,20082883.509999998,2021-09-28
15.42,16.0,15.27,15.71,1230122,19325216.62,2021-09-29
15.65,15.76,15.27,15.49,795611,12324014.39,2021-09-30
15.73,16.45,15.58,16.2,1159201,18779056.2,2021-10-08
16.56,17.3,16.56,16.96,1455338,24682532.48,2021-10-11
16.86,17.27,16.76,16.91,1031232,17438133.12,2021-10-12
16.86,17.47,16.73,17.14,807897,13847354.58,2021-10-13
17.15,17.48,16.45,16.77,842990,14136942.299999999,2021-10-14
16.56,17.46,16.56,17.22,993494,17107966.68,2021-10-15
17.01,17.11,16.66,16.85,729623,12294147.55,2021-10-18
16.71,17.24,16.71,17.13,682415,11689768.95,2021-10-19
17.31,17.34,16.75,16.8,662956,11137660.8,2021-10-20
17.08,17.62,16.81,17.56,1621661,28476367.159999996,2021-10-21
17.72,18.15,17.36,17.6,1134964,19975366.400000002,2021-10-22
17.27,17.76,17.06,17.68,730828,12921039.04,2021-10-25
17.62,18.01,17.42,17.61,652807,11495931.27,2021-10-26
17.56,17.73,17.15,17.48,687600,12019248.0,2021-10-27
17.36,17.5,16.93,17.28,619011,10696510.08,2021-10-28
17.19,17.3,16.88,17.06,539930,9211205.799999999,2021-10-29
16.89,17.29,16.57,16.95,841490,14263255.5,2021-11-01
16.93,17.05,15.55,15.74,1997691,31443656.34,2021-11-02
15.66,15.8,15.41,15.59,1114972,17382413.48,2021-11-03
15.64,15.66,15.36,15.43,983411,15174031.73,2021-11-04
15.41,15.56,15.13,15.2,1096040,16659808.0,2021-11-05
15.18,15.37,14.92,14.98,1376815,20624688.7,2021-11-08
15.04,15.21,14.82,15.09,1240573,18720246.57,2021-11-09
15.02,15.03,14.72,14.96,1220851,18263930.96,2021-11-10
14.91,15.99,14.88,15.91,2084729,33168038.39,2021-11-11
15.87,16.19,15.67,15.83,957546,15157953.18,2021-11-12
15.91,16.19,15.76,15.99,655090,10474889.1,2021-11-15
15.92,16.1,15.73,15.78,601110,9485515.799999999,2021-11-16
15.71,15.86,15.54,15.67,664640,10414908.8,2021-11-17
15.65,15.68,15.29,15.36,799844,12285603.84,2021-11-18
15.36,15.8,15.26,15.71,786372,12353904.120000001,2021-11-19
15.59,15.81,15.46,15.68,738618,11581530.24,2021-11-22
15.67,15.91,15.24,15.44,1235978,19083500.32,2021-11-23
15.33,15.51,15.22,15.43,741311,11438428.73,2021-11-24
15.3,15.35,15.19,15.24,603533,9197842.92,2021-11-25
15.18,15.23,15.08,15.14,694500,10514730.0,2021-11-26
14.97,15.13,14.92,15.07,512595,7724806.65,2021-11-29
15.1,15.24,14.91,15.0,733616,11004240.0,2021-11-30
14.99,15.33,14.93,15.2,706925,10745260.0,2021-12-01
15.18,15.37,14.93,15.15,994798,15071189.700000001,2021-12-02
15.2,15.26,14.97,15.21,707600,10762596.0,2021-12-03
15.41,16.12,15.36,15.66,2145625,33600487.5,2021-12-06
15.86,16.23,15.71,16.02,1616444,25895432.88,2021-12-07
16.01,16.11,15.72,16.03,980281,15713904.430000002,2021-12-08
16.05,16.62,15.93,16.26,1455887,23672722.62,2021-12-09
16.07,16.26,15.83,15.94,989255,15768724.7,2021-12-10
16.03,16.44,15.74,15.83,1314490,20808376.7,2021-12-13
15.72,15.73,15.08,15.14,1937209,29329344.26,2021-12-14
15.07,15.22,14.96,15.11,1294627,19561813.97,2021-12-15
15.11,15.29,15.02,15.28,819480,12521654.4,2021-12-16
15.26,15.31,15.13,15.13,602370,9113858.1,2021-12-17
15.12,15.21,15.01,15.08,746435,11256239.8,2021-12-20
15.05,15.27,15.04,15.15,893734,13540070.1,2021-12-21
15.18,15.2,14.86,14.95,976928,14605073.6,2021-12-22
14.96,14.99,14.77,14.88,1059576,15766490.88,2021-12-23
14.89,14.91,14.77,14.87,488251,7260292.369999999,2021-12-24
14.89,14.91,14.72,14.78,731119,10805938.82,2021-12-27
14.78,14.89,14.65,14.73,1126639,16595392.47,2021-12-28
14.72,14.72,14.26,14.31,1469374,21026741.94,2021-12-29
14.32,14.51,14.28,14.38,796664,11456028.32,2021-12-30
14.42,14.46,13.96,14.04,1750761,24580684.439999998,2021-12-31
14.04,14.22,13.74,14.22,1169259,16626862.98,2022-01-04
14.14,14.78,14.11,14.71,1961998,28860990.580000002,2022-01-05
14.67,14.83,14.56,14.68,1107885,16263751.799999999,2022-01-06
14.66,14.84,14.62,14.76,1126631,16629073.56,2022-01-07
14.85,14.98,14.59,14.75,909774,13419166.5,2022-01-10
14.82,15.1,14.7,14.97,1581999,23682525.03,2022-01-11
14.97,15.01,14.46,14.56,1502164,21871507.84,2022-01-12
14.47,14.8,14.38,14.54,909423,13223010.42,2022-01-13
14.56,14.58,13.86,13.89,2103095,29211989.55,2022-01-14
13.91,14.04,13.68,13.78,1143689,15760034.42,2022-01-17
13.81,14.1,13.72,14.08,1152974,16233873.92,2022-01-18
14.1,14.25,13.92,14.06,988392,13896791.520000001,2022-01-19
14.03,15.02,13.98,14.89,3031194,45134478.660000004,2022-01-20
15.01,15.12,14.77,14.91,1481683,22091893.53,2022-01-21
14.9,14.94,14.54,14.76,874771,12911619.959999999,2022-01-24
14.64,14.64,14.37,14.41,1093284,15754222.44,2022-01-25
14.51,14.66,14.1,14.21,984975,13996494.75,2022-01-26
14.06,14.1,13.81,13.86,1024643,14201551.979999999,2022-01-27
13.95,14.01,13.38,13.39,1675564,22435801.96,2022-01-28
13.58,13.97,13.45,13.95,1515476,21140890.2,2022-02-07
13.86,14.53,13.82,14.39,1754695,25250061.05,2022-02-08
14.48,14.56,14.27,14.42,1051162,15157756.04,2022-02-09
14.33,14.59,14.23,14.55,784557,11415304.35,2022-02-10
14.59,14.9,14.59,14.66,1078139,15805517.74,2022-02-11
14.66,14.71,14.07,14.14,1150659,16270318.26,2022-02-14
14.06,14.23,13.66,13.84,1208264,16722373.76,2022-02-15
13.91,14.09,13.77,13.97,782400,10930128.0,2022-02-16
13.95,14.11,13.88,13.98,794502,11107137.96,2022-02-17
13.88,14.33,13.87,14.33,802499,11499810.67,2022-02-18
14.22,14.23,13.88,14.07,800995,11269999.65,2022-02-21
13.87,14.0,13.72,13.79,894957,12341457.03,2022-02-22
13.86,13.87,13.6,13.75,886742,12192702.5,2022-02-23
13.69,13.71,13.36,13.47,1324087,17835451.89,2022-02-24
13.55,13.64,13.43,13.46,726397,9777303.620000001,2022-02-25
13.46,13.48,13.18,13.31,723990,9636306.9,2022-02-28
13.35,13.51,13.18,13.48,935040,12604339.200000001,2022-03-01
13.35,13.43,13.22,13.24,760761,10072475.64,2022-03-02
13.29,13.37,13.19,13.27,578285,7673841.95,2022-03-03
13.18,13.19,12.84,12.89,990936,12773165.040000001,2022-03-04
12.73,12.73,12.22,12.28,1113159,13669592.52,2022-03-07
12.18,12.42,11.81,11.87,1003033,11906001.709999999,2022-03-08
11.96,12.01,10.78,11.4,1800760,20528664.0,2022-03-09
11.74,12.31,11.65,12.13,2249158,27282286.540000003,2022-03-10
11.96,12.54,11.71,12.46,1493647,18610841.62,2022-03-11
12.19,12.49,12.01,12.05,1118407,13476804.350000001,2022-03-14
11.96,11.96,11.16,11.24,1781409,20023037.16,2022-03-15
11.42,11.96,11.07,11.87,1531779,18182216.73,2022-03-16
12.22,12.27,11.8,12.01,1730061,20778032.61,2022-03-17
11.92,12.41,11.7,12.26,1528807,18743173.82,2022-03-18
12.06,12.38,11.95,12.15,1208868,14687746.200000001,2022-03-21
12.15,12.78,12.06,12.74,1628657,20749090.18,2022-03-22
12.67,12.75,12.46,12.56,1050102,13189281.120000001,2022-03-23
12.48,12.87,12.37,12.76,1002360,12790113.6,2022-03-24
12.71,12.81,12.38,12.54,742933,9316379.819999998,2022-03-25
12.36,12.61,12.19,12.41,727137,9023770.17,2022-03-28
12.44,12.51,12.16,12.24,615643,7535470.32,2022-03-29
12.42,12.83,12.32,12.77,1236792,15793833.84,2022-03-30
12.66,13.13,12.62,12.94,1163747,15058886.18,2022-03-31
12.93,13.35,12.76,13.31,1484879,19763739.490000002,2022-04-01
13.2,14.1,13.19,13.95,2488540,34715133.0,2022-04-06
13.94,14.22,13.76,13.84,1659065,22961459.6,2022-04-07
13.82,14.01,13.69,13.96,1066779,14892234.840000002,2022-04-08
13.91,13.96,13.36,13.61,1416735,19281763.349999998,2022-04-11
13.61,13.82,13.22,13.48,1039261,14009238.280000001,2022-04-12
13.45,13.64,13.28,13.36,890628,11898790.08,2022-04-13
13.56,13.81,13.48,13.6,929615,12642764.0,2022-04-14
13.46,14.09,13.42,13.98,1231761,17220018.78,2022-04-15
13.71,13.76,13.37,13.46,1086888,14629512.48,2022-04-18
13.46,13.53,13.18,13.37,821772,10987091.639999999,2022-04-19
13.37,13.61,13.26,13.41,716555,9609002.55,2022-04-20
13.33,13.54,13.26,13.37,709891,9491242.67,2022-04-21
13.2,13.75,12.96,13.62,921274,12547751.879999999,2022-04-22
13.23,13.47,12.34,12.41,1664481,20656209.21,2022-04-25
12.44,12.54,12.01,12.29,988210,12145100.899999999,2022-04-26
12.54,13.21,12.52,13.21,1490295,19686796.950000003,2022-04-27
13.13,13.49,12.93,13.21,911772,12044508.120000001,2022-04-28
13.25,13.3,12.53,12.88,1645013,21187767.44,2022-04-29
12.76,13.01,12.71,12.88,790196,10177724.48,2022-05-05
12.58,12.76,12.47,12.52,832432,10422048.639999999,2022-05-06
12.5,12.5,12.02,12.11,818621,9913500.309999999,2022-05-09
12.06,12.16,11.67,12.15,992285,12056262.75,2022-05-10
12.1,12.4,12.0,12.19,848574,10344117.059999999,2022-05-11
12.04,12.12,11.89,11.94,685064,8179664.159999999,2022-05-12
12.06,12.22,12.05,12.17,676312,8230717.04,2022-05-13
12.22,12.29,11.91,11.97,668228,7998689.16,2022-05-16
12.07,12.28,11.88,12.27,931406,11428351.62,2022-05-17
12.41,12.45,12.23,12.31,778578,9584295.18,2022-05-18
12.11,12.26,12.06,12.18,590922,7197429.96,2022-05-19
12.26,12.6,12.23,12.58,948598,11933362.84,2022-05-20
12.63,12.63,12.32,12.39,647726,8025325.140000001,2022-05-23
12.43,12.43,11.96,11.96,933557,11165341.72,2022-05-24
11.99,12.05,11.86,11.95,603228,7208574.6,2022-05-25
11.97,11.99,11.63,11.75,1011318,11882986.5,2022-05-26
11.85,11.91,11.67,11.74,723067,8488806.58,2022-05-27
11.82,11.84,11.6,11.64,896901,10439927.64,2022-05-30
11.63,11.74,11.56,11.72,938869,11003544.68,2022-05-31
11.7,11.7,11.56,11.64,845299,9839280.360000001,2022-06-01
11.58,11.59,11.44,11.51,979268,11271374.68,2022-06-02
11.47,11.73,11.2,11.73,1710852,20068293.96,2022-06-06
11.58,11.81,11.55,11.72,1315113,15413124.360000001,2022-06-07
11.72,11.73,11.57,11.72,1145521,13425506.120000001,2022-06-08
11.7,12.02,11.66,11.91,1632901,19447850.91,2022-06-09
11.82,11.89,11.69,11.88,1346012,15990622.56,2022-06-10
11.74,11.75,11.44,11.47,1547753,17752726.91,2022-06-13
11.27,11.69,11.27,11.68,1151429,13448690.719999999,2022-06-14
11.66,12.67,11.62,12.3,3413544,41986591.2,2022-06-15
12.3,12.39,11.98,12.0,1332546,15990552.0,2022-06-16
11.88,12.09,11.76,12.01,1053788,12655993.879999999,2022-06-17
12.0,12.0,11.82,11.9,1032167,12282787.3,2022-06-20
11.9,12.19,11.79,11.93,1321794,15769002.42,2022-06-21
11.92,11.92,11.64,11.64,1056046,12292375.440000001,2022-06-22
11.65,11.79,11.62,11.76,806028,9478889.28,2022-06-23
11.76,11.81,11.67,11.79,866041,10210623.389999999,2022-06-24
11.8,12.12,11.78,12.05,1497278,18042199.900000002,2022-06-27
12.03,12.23,11.97,12.19,1125110,13715090.899999999,2022-06-28
12.21,12.46,12.11,12.2,1266547,15451873.399999999,2022-06-29
12.19,12.58,12.11,12.54,1548745,19421262.299999997,2022-06-30
12.56,12.63,12.4,12.48,779243,9724952.64,2022-07-01
12.51,12.54,12.31,12.5,834968,10437100.0,2022-07-04
12.55,12.83,12.38,12.47,1115172,13906194.84,2022-07-05
12.39,12.49,12.02,12.09,1043335,12613920.15,2022-07-06
12.1,12.21,11.94,11.98,730161,8747328.780000001,2022-07-07
12.06,12.21,11.93,12.1,639698,7740345.8,2022-07-08
12.06,12.13,11.92,12.02,611692,7352537.84,2022-07-11
11.97,12.29,11.94,11.98,742882,8899726.36,2022-07-12
11.98,12.03,11.45,11.53,2175996,25089233.88,2022-07-13
11.26,11.27,10.85,10.93,2632121,28769082.529999997,2022-07-14
11.04,11.12,10.78,10.8,1598637,17265279.6,2022-07-15
10.81,11.0,10.77,10.95,1153506,12630890.7,2022-07-18
10.9,10.99,10.84,10.98,755597,8296455.0600000005,2022-07-19
10.99,11.03,10.91,10.95,801459,8775976.049999999,2022-07-20
10.88,10.9,10.55,10.57,1970388,20827001.16,2022-07-21
10.63,10.72,10.41,10.6,1376510,14591006.0,2022-07-22
10.59,10.64,10.46,10.61,763956,8105573.159999999,2022-07-25
10.54,10.7,10.5,10.7,1024049,10957324.299999999,2022-07-26
10.64,10.67,10.52,10.58,923914,9775010.12,2022-07-27
10.6,10.7,10.57,10.67,750347,8006202.49,2022-07-28
10.67,10.69,10.44,10.47,831497,8705773.59,2022-07-29
10.45,10.45,10.19,10.21,1025733,10472733.930000002,2022-08-01
10.01,10.13,9.73,10.05,1373009,13798740.450000001,2022-08-02
9.98,10.06,9.8,9.82,746137,7327065.34,2022-08-03
9.89,9.96,9.81,9.95,602676,5996626.199999999,2022-08-04
9.92,10.12,9.77,10.1,765298,7729509.8,2022-08-05
10.04,10.15,9.95,9.99,552000,5514480.0,2022-08-08
10.0,10.01,9.87,9.91,558448,5534219.68,2022-08-09
9.91,10.03,9.81,9.85,683023,6727776.55,2022-08-10
9.87,10.18,9.83,10.14,1399304,14188942.56,2022-08-11
10.05,10.2,9.99,10.17,820504,8344525.68,2022-08-12
10.08,10.15,9.88,9.9,1172010,11602899.0,2022-08-15
9.9,9.99,9.89,9.92,631224,6261742.08,2022-08-16
9.94,10.21,9.86,10.19,1348507,13741286.33,2022-08-17
10.27,10.33,9.95,10.04,1269701,12747798.04,2022-08-18
10.06,10.54,10.02,10.36,2106417,21822480.119999997,2022-08-19
10.37,10.47,10.2,10.29,1138077,11710812.329999998,2022-08-22
10.24,10.28,10.07,10.13,921463,9334420.190000001,2022-08-23
10.12,10.33,10.12,10.19,1295375,13199871.25,2022-08-24
10.19,10.45,10.09,10.41,1064011,11076354.51,2022-08-25
10.47,10.54,10.25,10.4,927634,9647393.6,2022-08-26
10.29,10.35,10.1,10.21,924491,9439053.110000001,2022-08-29
10.22,10.33,10.07,10.27,799712,8213042.239999999,2022-08-30
10.17,10.57,10.15,10.54,1653042,17423062.68,2022-08-31
10.44,10.58,10.37,10.4,861982,8964612.8,2022-09-01
10.41,10.48,10.22,10.3,786363,8099538.9,2022-09-02
10.25,10.39,10.16,10.36,632040,6547934.399999999,2022-09-05
10.37,10.45,10.22,10.29,731295,7525025.55,2022-09-06
10.21,10.21,10.07,10.12,979813,9915707.559999999,2022-09-07
10.11,10.23,10.09,10.15,621117,6304337.55,2022-09-08
10.19,10.53,10.15,10.51,1951297,20508131.47,2022-09-09
10.67,10.81,10.45,10.74,1722690,18501690.6,2022-09-13
10.54,10.66,10.49,10.52,858036,9026538.719999999,2022-09-14
10.59,10.89,10.56,10.79,1841018,19864584.22,2022-09-15
10.71,10.74,10.35,10.35,1357448,14049586.799999999,2022-09-16
10.33,10.46,10.27,10.36,632121,6548773.56,2022-09-19
10.4,10.42,10.11,10.13,889989,9015588.57,2022-09-20
10.1,10.27,9.99,10.22,684197,6992493.340000001,2022-09-21
10.12,10.15,10.04,10.08,586133,5908220.64,2022-09-22
10.03,10.22,10.02,10.08,586441,5911325.28,2022-09-23
9.95,10.07,9.78,9.79,903729,8847506.91,2022-09-26
9.79,9.95,9.6,9.94,789622,7848842.68,2022-09-27
9.88,10.04,9.71,9.9,780926,7731167.4,2022-09-28
10.04,10.07,9.61,9.65,917718,8855978.700000001,2022-09-29
9.66,9.75,9.62,9.63,537230,5173524.9,2022-09-30
9.49,9.56,9.25,9.26,966080,8945900.799999999,2022-10-10
9.33,9.37,9.2,9.27,415253,3849395.3099999996,2022-10-11
9.24,9.41,9.14,9.39,559572,5254381.08,2022-10-12
9.3,9.33,9.1,9.13,852616,7784384.080000001,2022-10-13
9.24,9.42,9.19,9.32,1096062,10215297.84,2022-10-14
9.21,9.31,9.13,9.27,1024823,9500109.209999999,2022-10-17
9.34,9.43,9.25,9.27,946837,8777178.99,2022-10-18
9.21,9.28,9.07,9.08,923990,8389829.2,2022-10-19
9.02,9.1,8.95,8.99,781923,7029487.7700000005,2022-10-20
9.0,9.04,8.86,8.88,785574,6975897.120000001,2022-10-21
8.88,8.89,8.4,8.41,1383391,11634318.31,2022-10-24
8.49,8.6,8.39,8.44,1316979,11115302.76,2022-10-25
8.43,8.52,8.4,8.45,1143830,9665363.5,2022-10-26
8.49,8.56,8.45,8.47,957383,8109034.010000001,2022-10-27
8.42,8.49,8.2,8.21,1057947,8685744.870000001,2022-10-28
8.12,8.24,8.01,8.13,983096,7992570.48,2022-10-31
8.17,8.47,8.15,8.46,1381234,11685239.64,2022-11-01
8.4,8.47,8.27,8.42,1302988,10971158.959999999,2022-11-02
8.33,8.36,8.17,8.23,983536,8094501.28,2022-11-03
8.19,8.64,8.18,8.61,1776112,15292324.319999998,2022-11-04
8.6,8.7,8.52,8.67,988082,8566670.94,2022-11-07
8.68,8.71,8.57,8.64,583222,5039038.08,2022-11-08
8.63,8.87,8.61,8.68,832107,7222688.76,2022-11-09
8.58,8.69,8.48,8.66,552021,4780501.86,2022-11-10
8.92,9.45,8.8,9.22,2545071,23465554.62,2022-11-11
9.49,10.07,9.49,9.74,3872084,37714098.160000004,2022-11-14
9.65,9.97,9.62,9.8,1573901,15424229.8,2022-11-15
9.76,9.84,9.58,9.61,1278693,12288239.729999999,2022-11-16
9.6,9.63,9.37,9.48,1091047,10343125.56,2022-11-17
9.53,9.57,9.36,9.38,868093,8142712.340000001,2022-11-18
9.27,9.29,9.01,9.25,1047737,9691567.25,2022-11-21
9.25,9.72,9.23,9.61,1491324,14331623.639999999,2022-11-22
9.57,9.84,9.51,9.61,1247657,11989983.77,2022-11-23
9.71,9.78,9.48,9.56,796719,7616633.640000001,2022-11-24
9.58,10.02,9.56,9.96,1760728,17536850.880000003,2022-11-25
9.69,9.71,9.48,9.6,1331563,12783004.799999999,2022-11-28
9.95,10.78,9.92,10.78,4749277,51197206.059999995,2022-11-29
10.69,11.13,10.61,10.82,3209628,34728174.96,2022-11-30
11.17,11.45,10.86,10.89,2002689,21809283.21,2022-12-01
10.93,10.94,10.48,10.69,1404203,15010930.069999998,2022-12-02
10.88,11.36,10.8,11.32,2287627,25895937.64,2022-12-05
11.13,11.45,11.04,11.22,1252579,14053936.38,2022-12-06
11.12,11.16,10.82,10.94,1377377,15068504.379999999,2022-12-07
10.94,11.31,10.91,11.15,1065723,11882811.450000001,2022-12-08
11.19,11.54,11.14,11.49,1615832,18565909.68,2022-12-09
11.37,11.37,10.85,10.9,1392584,15179165.6,2022-12-12
10.94,11.15,10.93,11.03,902285,9952203.549999999,2022-12-13
11.02,11.19,10.87,11.02,974061,10734152.219999999,2022-12-14
10.93,11.07,10.73,10.89,835349,9096950.610000001,2022-12-15
10.81,11.19,10.81,11.13,924252,10286924.760000002,2022-12-16
11.12,11.26,10.74,10.83,1030866,11164278.78,2022-12-19
10.76,10.87,10.46,10.55,896212,9455036.600000001,2022-12-20
10.64,10.78,10.53,10.68,614590,6563821.2,2022-12-21
10.79,10.94,10.69,10.74,672394,7221511.5600000005,2022-12-22
10.64,10.85,10.59,10.77,564426,6078868.02,2022-12-23
10.78,10.83,10.5,10.56,797120,8417587.200000001,2022-12-26
10.66,11.01,10.66,10.9,886004,9657443.6,2022-12-27
10.95,11.17,10.79,10.93,791192,8647728.56,2022-12-28
10.86,10.92,10.64,10.82,666890,7215749.8,2022-12-29
10.83,11.07,10.75,10.95,818036,8957494.2,2022-12-30
10.99,11.64,10.84,11.56,2194128,25364119.68,2023-01-03
11.5,12.21,11.42,12.11,2189683,26517061.13,2023-01-04
12.19,12.53,12.16,12.27,1665425,20434764.75,2023-01-05
12.29,12.51,12.27,12.41,1195745,14839195.45,2023-01-06
12.54,12.67,12.31,12.59,1057659,13315926.81,2023-01-09
12.55,12.68,12.18,12.23,1269423,15525043.290000001,2023-01-10
12.24,12.57,12.18,12.46,830566,10348852.360000001,2023-01-11
12.56,12.56,12.32,12.46,625695,7796159.7,2023-01-12
12.46,12.74,12.34,12.74,949086,12091355.64,2023-01-13
12.74,13.07,12.64,12.87,1560040,20077714.799999997,2023-01-16
12.92,12.97,12.56,12.76,935835,11941254.6,2023-01-17
12.74,12.97,12.7,12.9,718434,9267798.6,2023-01-18
12.92,13.04,12.66,12.88,641875,8267350.000000001,2023-01-19
12.95,13.03,12.79,12.92,608590,7862982.8,2023-01-20
13.39,13.53,12.68,12.94,1374318,17783674.919999998,2023-01-30
13.03,13.3,12.75,12.78,1030498,13169764.44,2023-01-31
12.82,12.87,12.3,12.49,1653421,20651228.29,2023-02-01
12.53,12.57,12.06,12.39,1577900,19550181.0,2023-02-02
12.24,12.34,11.95,12.11,1246383,15093698.129999999,2023-02-03
11.89,11.92,11.65,11.79,1317610,15534621.899999999,2023-02-06
11.85,12.11,11.82,12.0,869460,10433520.0,2023-02-07
12.03,12.11,11.82,11.83,657893,7782874.19,2023-02-08
11.8,12.09,11.75,11.92,830350,9897772.0,2023-02-09
11.89,11.91,11.65,11.77,847284,9972532.68,2023-02-10
11.73,11.73,11.39,11.61,1800054,20898626.939999998,2023-02-13
11.64,11.77,11.59,11.75,909937,10691759.75,2023-02-14
11.74,11.75,11.41,11.46,1250244,14327796.24,2023-02-15
11.47,11.7,11.29,11.39,1279123,14569210.97,2023-02-16
11.42,11.51,11.22,11.22,918364,10304044.08,2023-02-17
11.29,11.94,11.28,11.94,2116191,25267320.54,2023-02-20
11.85,11.99,11.71,11.89,990495,11776985.55,2023-02-21
11.79,11.91,11.73,11.81,638922,7545668.82,2023-02-22
11.79,12.11,11.77,11.84,824491,9761973.44,2023-02-23
11.81,11.82,11.59,11.65,729989,8504371.85,2023-02-24
11.54,11.67,11.47,11.48,621462,7134383.760000001,2023-02-27
11.54,11.64,11.4,11.57,607936,7033819.5200000005,2023-02-28
11.59,11.98,11.53,11.96,1223452,14632485.920000002,2023-03-01
11.92,12.23,11.85,12.03,1015877,12221000.309999999,2023-03-02
12.14,12.16,11.93,12.08,690954,8346724.32,2023-03-03
12.09,12.09,11.51,11.64,1455824,16945791.36,2023-03-06
11.64,11.89,11.44,11.48,1279266,14685973.68,2023-03-07
11.42,11.43,11.19,11.32,1096898,12416885.36,2023-03-08
11.33,11.37,10.92,10.99,1736065,19079354.35,2023-03-09
10.79,11.06,10.79,10.93,856996,9366966.28,2023-03-10
10.91,11.08,10.79,10.84,1000635,10846883.4,2023-03-13
10.78,10.79,10.52,10.66,1149076,12249150.16,2023-03-14
10.84,10.97,10.73,10.84,979364,10616305.76,2023-03-15
10.68,10.82,10.59,10.61,916792,9727163.12,2023-03-16
10.78,10.83,10.44,10.54,1556814,16408819.559999999,2023-03-17
10.55,10.64,10.34,10.36,1188816,12316133.76,2023-03-20
10.44,10.57,10.29,10.49,840743,8819394.07,2023-03-21
10.54,10.67,10.5,10.58,876691,9275390.78,2023-03-22
10.49,10.69,10.42,10.69,804306,8598031.139999999,2023-03-23
10.64,10.65,10.55,10.61,621519,6594316.59,2023-03-24
10.59,10.6,10.25,10.39,1008422,10477504.58,2023-03-27
10.45,10.52,10.34,10.43,673868,7028443.24,2023-03-28
10.52,10.53,10.29,10.32,596064,6151380.48,2023-03-29
10.34,10.5,10.2,10.47,824546,8632996.620000001,2023-03-30
10.48,10.56,10.3,10.32,865492,8931877.44,2023-03-31
10.34,10.48,10.25,10.46,740429,7744887.340000001,2023-04-03
10.43,10.51,10.38,10.44,647457,6759451.08,2023-04-04
10.39,10.4,10.29,10.37,563321,5841638.77,2023-04-06
10.36,10.48,10.29,10.41,607925,6328499.25,2023-04-07
10.43,10.49,10.37,10.47,640182,6702705.54,2023-04-10
10.49,10.51,10.31,10.33,777780,8034467.4,2023-04-11
10.37,10.38,10.24,10.27,909957,9345258.389999999,2023-04-12
10.2,10.46,10.09,10.35,1131591,11711966.85,2023-04-13
10.39,10.69,10.37,10.48,1297995,13602987.6,2023-04-14
10.45,10.73,10.39,10.72,1304213,13981163.360000001,2023-04-17
10.72,10.99,10.68,10.79,1538936,16605119.44,2023-04-18
10.81,10.86,10.62,10.64,1014378,10792981.92,2023-04-19
10.69,10.69,10.41,10.54,811788,8556245.52,2023-04-20
10.49,10.62,10.27,10.29,918668,9453093.719999999,2023-04-21
10.27,10.29,9.82,9.89,1467672,14515276.08,2023-04-24
9.93,10.16,9.91,10.07,1301901,13110143.07,2023-04-25
10.04,10.04,9.78,9.91,991260,9823386.6,2023-04-26
9.85,10.14,9.79,10.05,1004093,10091134.65,2023-04-27
10.05,10.57,10.01,10.34,1445254,14943926.36,2023-04-28
10.19,10.62,9.98,10.52,1478264,15551337.28,2023-05-04
10.57,10.9,10.54,10.7,1762189,18855422.299999997,2023-05-05
10.73,11.28,10.63,11.11,2630719,29227288.09,2023-05-08
11.19,11.39,10.92,10.95,2422534,26526747.299999997,2023-05-09
10.96,11.05,10.59,10.63,1237053,13149873.39,2023-05-10
10.74,10.91,10.59,10.64,903758,9615985.120000001,2023-05-11
10.61,10.66,10.4,10.41,885604,9219137.64,2023-05-12
10.47,10.64,10.24,10.62,928326,9858822.12,2023-05-15
10.59,10.71,10.36,10.41,998302,10392323.82,2023-05-16
10.37,10.43,10.23,10.28,754621,7757503.88,2023-05-17
10.36,10.43,10.22,10.28,687187,7064282.359999999,2023-05-18
10.22,10.23,10.11,10.13,688414,6973633.82,2023-05-19
10.1,10.24,10.1,10.17,549328,5586665.76,2023-05-22
10.17,10.2,10.0,10.0,694364,6943640.0,2023-05-23
9.99,10.0,9.8,9.8,824251,8077659.800000001,2023-05-24
9.78,9.79,9.6,9.72,882744,8580271.68,2023-05-25
9.72,9.92,9.63,9.89,511429,5058032.8100000005,2023-05-26
9.9,9.92,9.74,9.77,566074,5530542.9799999995,2023-05-29
9.77,9.78,9.59,9.66,763997,7380211.0200000005,2023-05-30
9.61,9.63,9.37,9.39,1179587,11076321.930000002,2023-05-31
9.39,9.47,9.29,9.38,743023,6969555.74,2023-06-01
9.47,9.76,9.43,9.72,1221843,11876313.96,2023-06-02
9.67,9.79,9.61,9.7,521846,5061906.199999999,2023-06-05
9.7,9.88,9.61,9.63,833273,8024418.99,2023-06-06
9.68,9.86,9.67,9.73,643698,6263181.54,2023-06-07
9.75,9.99,9.65,9.91,869397,8615724.27,2023-06-08
9.85,9.88,9.64,9.67,1315285,12718805.95,2023-06-09
9.61,9.69,9.55,9.58,758747,7268796.26,2023-06-12
9.55,9.63,9.48,9.56,849988,8125885.28,2023-06-13
9.63,9.81,9.54,9.55,1069200,10210860.0,2023-06-14
9.57,9.71,9.47,9.69,925301,8966166.69,2023-06-15
9.69,9.75,9.65,9.71,842034,8176150.140000001,2023-06-16
9.71,9.71,9.49,9.53,953997,9091591.41,2023-06-19
9.52,9.54,9.43,9.44,544551,5140561.4399999995,2023-06-20
9.44,9.56,9.42,9.43,616583,5814377.6899999995,2023-06-21
9.38,9.38,9.23,9.26,676577,6265103.02,2023-06-26
9.28,9.4,9.25,9.36,461702,4321530.72,2023-06-27
9.36,9.41,9.3,9.38,365396,3427414.4800000004,2023-06-28
9.37,9.37,9.25,9.26,485906,4499489.56,2023-06-29
9.26,9.39,9.23,9.31,519053,4832383.430000001,2023-06-30
9.32,9.61,9.31,9.57,885091,8470320.870000001,2023-07-03
9.54,9.57,9.4,9.48,616301,5842533.48,2023-07-04
9.44,9.48,9.38,9.42,423482,3989200.44,2023-07-05
9.38,9.42,9.29,9.32,597096,5564934.72,2023-07-06
9.28,9.35,9.26,9.28,484441,4495612.4799999995,2023-07-07
9.33,9.36,9.25,9.28,495882,4601784.96,2023-07-10
9.3,9.34,9.27,9.29,570809,5302815.609999999,2023-07-11
9.31,9.44,9.3,9.32,736084,6860302.88,2023-07-12
9.4,9.55,9.35,9.51,1124230,10691427.299999999,2023-07-13
9.51,9.63,9.48,9.54,719147,6860662.379999999,2023-07-14
9.49,9.49,9.34,9.39,608343,5712340.7700000005,2023-07-17
9.37,9.4,9.3,9.33,471966,4403442.78,2023-07-18
9.31,9.4,9.31,9.39,382196,3588820.4400000004,2023-07-19
9.41,9.52,9.37,9.4,554070,5208258.0,2023-07-20
9.39,9.47,9.36,9.42,377103,3552310.26,2023-07-21
9.41,9.41,9.32,9.34,426852,3986797.68,2023-07-24
9.53,9.81,9.52,9.8,2032958,19922988.400000002,2023-07-25
9.73,9.82,9.64,9.75,751663,7328714.25,2023-07-26
9.76,9.95,9.73,9.83,1115196,10962376.68,2023-07-27
9.77,10.38,9.75,10.34,2347013,24268114.419999998,2023-07-28
10.38,10.58,10.31,10.4,1854952,19291500.8,2023-07-31
10.34,10.45,10.21,10.24,957735,9807206.4,2023-08-01
10.14,10.32,10.01,10.11,1115900,11281749.0,2023-08-02
10.07,10.45,10.03,10.41,1175848,12240577.68,2023-08-03
10.5,10.61,10.29,10.38,1303131,13526499.780000001,2023-08-04
10.29,10.33,10.2,10.24,646913,6624389.12,2023-08-07
10.2,10.29,10.08,10.18,725705,7387676.899999999,2023-08-08
10.14,10.28,10.13,10.25,577608,5920482.0,2023-08-09
10.23,10.29,10.14,10.24,475595,4870092.8,2023-08-10
10.25,10.35,9.97,9.97,943539,9407083.83,2023-08-11
9.84,9.86,9.67,9.75,975920,9515220.0,2023-08-14
9.77,9.88,9.68,9.81,712813,6992695.53,2023-08-15
9.75,9.93,9.69,9.81,572904,5620188.24,2023-08-16
9.75,9.78,9.54,9.65,965058,9312809.700000001,2023-08-17
9.66,9.82,9.61,9.64,659819,6360655.16,2023-08-18
9.64,9.66,9.4,9.4,701498,6594081.2,2023-08-21
9.46,9.53,9.39,9.45,606808,5734335.6,2023-08-22
9.43,9.5,9.32,9.33,691810,6454587.3,2023-08-23
9.37,9.4,9.13,9.21,1291271,11892605.910000002,2023-08-24
9.18,9.41,9.16,9.31,845350,7870208.5,2023-08-25
9.92,10.01,9.57,9.6,1997610,19177056.0,2023-08-28
9.55,9.57,9.21,9.39,1964961,18450983.790000003,2023-08-29
9.35,9.35,9.21,9.21,1375638,12669625.98,2023-08-30
9.22,9.3,9.2,9.21,806474,7427625.540000001,2023-08-31
9.27,9.44,9.27,9.4,1138705,10703827.0,2023-09-01
9.43,9.67,9.41,9.64,1410029,13592679.56,2023-09-04
9.58,9.59,9.44,9.47,804177,7615556.19,2023-09-05
9.41,9.54,9.38,9.51,634841,6037337.91,2023-09-06
9.48,9.52,9.4,9.41,540042,5081795.22,2023-09-07
9.36,9.4,9.31,9.35,479030,4478930.5,2023-09-08
9.38,9.48,9.35,9.42,654486,6165258.12,2023-09-11
9.43,9.43,9.33,9.36,495485,4637739.6,2023-09-12
9.37,9.4,9.29,9.33,490218,4573733.94,2023-09-13
9.36,9.41,9.33,9.37,551650,5168960.5,2023-09-14
9.43,9.48,9.28,9.3,890476,8281426.800000001,2023-09-15
9.3,9.32,9.22,9.31,501325,4667335.75,2023-09-18
9.3,9.31,9.24,9.29,503664,4679038.56,2023-09-19
9.28,9.3,9.23,9.23,558872,5158388.5600000005,2023-09-20
9.22,9.22,9.12,9.13,843930,7705080.9,2023-09-21
9.11,9.33,9.11,9.32,911484,8495030.88,2023-09-22
9.32,9.4,9.27,9.3,761211,7079262.300000001,2023-09-25
9.3,9.34,9.22,9.24,444980,4111615.2,2023-09-26
9.23,9.3,9.23,9.25,490311,4535376.75,2023-09-27
9.27,9.32,9.26,9.28,520697,4832068.159999999,2023-09-28
9.24,9.25,9.14,9.19,695828,6394659.319999999,2023-10-09
9.27,9.28,9.1,9.1,820749,7468815.899999999,2023-10-10
9.17,9.17,9.04,9.06,724116,6560490.96,2023-10-11
9.19,9.24,9.12,9.19,853058,7839603.02,2023-10-12
9.11,9.15,9.03,9.08,684483,6215105.64,2023-10-13
9.08,9.11,9.03,9.09,501624,4559762.16,2023-10-16
9.09,9.13,9.04,9.1,493525,4491077.5,2023-10-17
9.07,9.1,8.99,9.03,651825,5885979.75,2023-10-18
8.99,9.0,8.67,8.68,1188961,10320181.48,2023-10-19
8.63,8.75,8.59,8.68,526139,4566886.52,2023-10-20
8.67,8.68,8.51,8.58,530404,4550866.32,2023-10-23
8.62,8.69,8.52,8.63,760653,6564435.390000001,2023-10-24
8.59,8.62,8.44,8.46,1411450,11940867.000000002,2023-10-25
8.39,8.5,8.38,8.49,599991,5093923.59,2023-10-26
8.46,8.56,8.41,8.53,919771,7845646.629999999,2023-10-27
8.48,8.55,8.43,8.53,805690,6872535.699999999,2023-10-30
8.51,8.57,8.49,8.54,652855,5575381.699999999,2023-10-31
8.63,8.64,8.53,8.56,567300,4856088.0,2023-11-01
8.58,8.68,8.55,8.56,619430,5302320.800000001,2023-11-02
8.57,8.6,8.51,8.56,705463,6038763.28,2023-11-03
8.59,8.77,8.59,8.77,1007062,8831933.74,2023-11-06
8.74,8.74,8.66,8.68,640866,5562716.88,2023-11-07
8.66,8.68,8.53,8.58,877819,7531687.0200000005,2023-11-08
8.54,8.6,8.51,8.57,639136,5477395.5200000005,2023-11-09
8.53,8.55,8.37,8.38,1045044,8757468.72,2023-11-10
8.39,8.41,8.3,8.33,770043,6414458.19,2023-11-13
8.32,8.41,8.31,8.35,596859,4983772.649999999,2023-11-14
8.45,8.53,8.42,8.45,1109140,9372233.0,2023-11-15
8.46,8.47,8.31,8.32,922622,7676215.04,2023-11-16
8.3,8.33,8.2,8.23,903362,7434669.260000001,2023-11-17
8.23,8.3,8.18,8.27,639528,5288896.56,2023-11-20
8.31,8.43,8.3,8.36,1041166,8704147.76,2023-11-21
8.34,8.39,8.22,8.24,737490,6076917.600000001,2023-11-22
8.23,8.24,8.15,8.23,846656,6967978.880000001,2023-11-23
8.19,8.21,8.16,8.18,684695,5600805.1,2023-11-24
8.17,8.17,8.05,8.09,836188,6764760.92,2023-11-27
8.07,8.1,8.03,8.03,786175,6312985.249999999,2023-11-28
8.03,8.05,7.78,7.8,1467597,11447256.6,2023-11-29
7.77,7.81,7.7,7.76,901765,6997696.399999999,2023-11-30
7.73,7.76,7.66,7.74,778057,6022161.18,2023-12-01
7.75,7.76,7.69,7.71,605438,4667926.9799999995,2023-12-04
7.69,7.7,7.55,7.56,787378,5952577.68,2023-12-05
7.52,7.65,7.48,7.58,753056,5708164.48,2023-12-06
7.57,7.57,7.46,7.52,585380,4402057.6,2023-12-07
7.49,7.53,7.38,7.38,1021152,7536101.76,2023-12-08
7.3,7.46,7.21,7.43,1133663,8423116.09,2023-12-11
7.39,7.58,7.38,7.5,855016,6412620.0,2023-12-12
7.46,7.47,7.23,7.24,1061302,7683826.48,2023-12-13
7.29,7.36,7.23,7.23,742901,5371174.23,2023-12-14
7.28,7.43,7.27,7.29,988939,7209365.31,2023-12-15
7.26,7.32,7.17,7.21,654426,4718411.46,2023-12-18
7.2,7.25,7.15,7.18,644071,4624429.78,2023-12-19
7.19,7.23,7.11,7.11,715634,5088157.74,2023-12-20
7.09,7.27,7.07,7.25,1017047,7373590.75,2023-12-21
7.27,7.36,7.19,7.28,1005645,7321095.600000001,2023-12-22
7.26,7.28,7.22,7.27,413971,3009569.17,2023-12-25
7.27,7.28,7.15,7.18,541896,3890813.28,2023-12-26
7.18,7.21,7.1,7.2,641534,4619044.8,2023-12-27
7.19,7.55,7.16,7.53,1661592,12511787.76,2023-12-28
7.5,7.56,7.43,7.47,853853,6378281.91,2023-12-29
7.47,7.5,7.29,7.29,1158366,8444488.14,2024-01-02
7.27,7.3,7.23,7.28,733610,5340680.8,2024-01-03
7.27,7.27,7.16,7.19,864194,6213554.86,2024-01-04
7.18,7.52,7.15,7.35,1991622,14638421.7,2024-01-05
7.31,7.38,7.19,7.23,1121156,8105957.880000001,2024-01-08
7.24,7.27,7.17,7.26,766194,5562568.4399999995,2024-01-09
7.24,7.27,7.17,7.17,858621,6156312.57,2024-01-10
7.16,7.3,7.11,7.25,934686,6776473.5,2024-01-11
7.21,7.35,7.19,7.27,772582,5616671.14,2024-01-12
7.24,7.37,7.21,7.29,745133,5432019.57,2024-01-15
7.27,7.43,7.24,7.42,1438313,10672282.459999999,2024-01-16
7.41,7.47,7.31,7.31,1482296,10835583.76,2024-01-17
7.29,7.32,7.08,7.28,1755132,12777360.96,2024-01-18
7.24,7.28,7.18,7.25,963981,6988862.25,2024-01-19
7.24,7.34,7.12,7.18,1580320,11346697.6,2024-01-22
7.13,7.26,7.04,7.24,1135545,8221345.8,2024-01-23
7.31,7.42,7.15,7.41,1759123,13035101.43,2024-01-24
7.41,7.62,7.35,7.58,2162514,16391856.120000001,2024-01-25
7.55,7.75,7.52,7.7,2272287,17496609.900000002,2024-01-26
7.77,7.96,7.66,7.78,2376252,18487240.560000002,2024-01-29
7.69,7.78,7.57,7.58,1579122,11969744.76,2024-01-30
7.54,7.64,7.46,7.54,1357217,10233416.18,2024-01-31
7.49,7.56,7.42,7.49,1055260,7903897.4,2024-02-01
7.5,7.55,7.15,7.35,1634214,12011472.899999999,2024-02-02
7.27,7.51,7.19,7.46,1803592,13454796.32,2024-02-05
7.38,7.76,7.37,7.76,1995410,15484381.6,2024-02-06
7.7,7.75,7.56,7.69,2062015,15856895.350000001,2024-02-07
7.66,7.75,7.6,7.75,1656814,12840308.5,2024-02-08
7.84,7.89,7.73,7.89,1605243,12665367.27,2024-02-19
7.87,7.92,7.81,7.9,1123564,8876155.6,2024-02-20
7.86,8.88,7.85,8.88,5055285,44890930.800000004,2024-02-21
8.73,8.99,8.7,8.98,4922325,44202478.5,2024-02-22
8.96,9.32,8.92,8.93,3567480,31857596.4,2024-02-23
8.86,8.96,8.58,8.61,2862609,24647063.49,2024-02-26
8.57,8.68,8.54,8.58,1981905,17004744.9,2024-02-27
8.59,8.78,8.48,8.57,3082693,26418679.01,2024-02-28
8.5,8.67,8.49,8.67,1845344,15999132.48,2024-02-29
8.67,8.68,8.51,8.57,1828103,15666842.71,2024-03-01
8.53,8.58,8.4,8.41,1655930,13926371.3,2024-03-04
8.38,8.55,8.34,8.51,1817319,15465384.69,2024-03-05
8.48,8.53,8.41,8.41,1345640,11316832.4,2024-03-06
8.41,8.72,8.41,8.46,2016166,17056764.360000003,2024-03-07
8.43,8.52,8.38,8.46,1113974,9424220.040000001,2024-03-08
8.46,8.55,8.42,8.55,1210673,10351254.15,2024-03-11
8.56,8.67,8.49,8.64,1641262,14180503.680000002,2024-03-12
8.61,8.63,8.38,8.41,1768039,14869207.99,2024-03-13
8.38,8.46,8.28,8.31,1409400,11712114.0,2024-03-14
8.63,8.83,8.58,8.68,3750208,32551805.439999998,2024-03-15
8.64,8.69,8.57,8.62,1671397,14407442.139999999,2024-03-18
8.61,8.62,8.47,8.48,1293216,10966471.68,2024-03-19
8.46,8.55,8.45,8.53,872663,7443815.39,2024-03-20
8.53,8.6,8.5,8.55,864466,7391184.300000001,2024-03-21
8.53,8.53,8.39,8.44,1028142,8677518.479999999,2024-03-22
8.43,8.57,8.4,8.48,953202,8083152.96,2024-03-25
8.53,8.74,8.5,8.68,1740021,15103382.28,2024-03-26
8.64,8.71,8.59,8.61,1274136,10970310.959999999,2024-03-27
8.59,8.65,8.46,8.57,1302189,11159759.73,2024-03-28
8.53,8.65,8.51,8.6,872759,7505727.399999999,2024-03-29
8.6,8.73,8.59,8.72,1191088,10386287.360000001,2024-04-01
8.71,8.76,8.61,8.63,1085458,9367502.540000001,2024-04-02
8.61,8.63,8.5,8.54,981846,8384964.839999999,2024-04-03
8.5,8.57,8.45,8.51,906361,7713132.109999999,2024-04-08
8.51,8.55,8.44,8.48,857157,7268691.36,2024-04-09
8.46,8.49,8.35,8.36,1246391,10419828.76,2024-04-10
8.32,8.37,8.2,8.33,1010213,8415074.290000001,2024-04-11
8.3,8.35,8.12,8.14,1305454,10626395.56,2024-04-12
8.15,8.4,8.14,8.37,1453203,12163309.11,2024-04-15
8.36,8.47,8.3,8.36,1478036,12356380.959999999,2024-04-16
8.34,8.71,8.29,8.7,2232641,19423976.7,2024-04-17
8.66,9.11,8.64,8.88,3165914,28113316.320000004,2024-04-18
8.79,8.9,8.74,8.77,1457675,12783809.75,2024-04-19
8.72,8.89,8.53,8.58,2009818,17244238.44,2024-04-22
8.59,8.73,8.54,8.62,1240027,10689032.739999998,2024-04-23
8.6,8.65,8.54,8.61,941568,8106900.4799999995,2024-04-24
8.58,8.7,8.56,8.69,1113812,9679026.28,2024-04-25
8.67,8.75,8.56,8.68,1607628,13954211.04,2024-04-26
8.64,8.98,8.6,8.89,2169177,19283983.53,2024-04-29
8.88,8.96,8.81,8.87,1324557,11748820.59,2024-04-30
9.04,9.19,8.92,8.97,1784101,16003385.97,2024-05-06
8.95,8.97,8.84,8.96,1087057,9740030.72,2024-05-07
8.92,8.96,8.79,8.81,1221791,10763978.71,2024-05-08
8.79,8.9,8.79,8.84,1069461,9454035.24,2024-05-09
8.85,9.04,8.84,9.02,1767836,15945880.719999999,2024-05-10
8.98,9.09,8.89,9.05,1402499,12692615.950000001,2024-05-13
9.08,9.14,8.96,8.99,1075784,9671298.16,2024-05-14
8.98,9.0,8.89,8.91,868297,7736526.2700000005,2024-05-15
8.93,9.29,8.91,9.25,3076292,28455701.0,2024-05-16
9.26,9.5,9.21,9.5,2841749,26996615.5,2024-05-17
9.51,9.61,9.39,9.46,2170210,20530186.6,2024-05-20
9.4,9.7,9.39,9.63,2030049,19549371.87,2024-05-21
9.64,9.82,9.54,9.64,2115531,20393718.84,2024-05-22
9.61,9.67,9.45,9.48,1841623,17458586.04,2024-05-23
9.45,9.57,9.38,9.39,1398276,13129811.64,2024-05-24
9.39,9.61,9.39,9.59,1454361,13947321.99,2024-05-27
9.58,9.66,9.44,9.48,1204323,11416982.040000001,2024-05-28
9.46,9.53,9.31,9.34,1444811,13494534.74,2024-05-29
9.32,9.42,9.14,9.2,1325496,12194563.2,2024-05-30
9.22,9.27,9.19,9.19,826707,7597437.329999999,2024-05-31
9.2,9.21,8.99,9.06,1326697,12019874.82,2024-06-03
9.03,9.13,8.99,9.1,981005,8927145.5,2024-06-04
9.12,9.15,8.95,8.95,1018968,9119763.6,2024-06-05
8.98,9.06,8.96,8.98,1049332,9423001.360000001,2024-06-06
9.0,9.09,8.97,9.07,1170126,10613042.82,2024-06-07
9.06,9.1,8.87,8.95,1337629,11971779.549999999,2024-06-11
8.93,8.99,8.86,8.96,957426,8578536.96,2024-06-12
8.97,9.01,8.88,8.88,1203508,10687151.040000001,2024-06-13
8.95,9.03,8.79,8.98,1637990,14709150.200000001,2024-06-14
8.93,8.96,8.88,8.9,681217,6062831.3,2024-06-17
8.91,8.96,8.84,8.88,700653,6221798.640000001,2024-06-18
8.9,9.01,8.88,8.95,796184,7125846.8,2024-06-19
8.96,8.97,8.85,8.85,629628,5572207.8,2024-06-20
8.85,8.89,8.75,8.8,830545,7308796.000000001,2024-06-21
8.77,8.87,8.68,8.78,947082,8315379.959999999,2024-06-24
8.79,8.93,8.78,8.88,769993,6837537.840000001,2024-06-25
8.86,8.93,8.82,8.88,628599,5581959.12,2024-06-26
8.86,9.01,8.8,8.93,928882,8294916.26,2024-06-27
8.9,9.06,8.89,8.95,918090,8216905.499999999,2024-06-28
8.89,9.15,8.84,9.15,1343051,12288916.65,2024-07-01
9.1,9.28,9.08,9.2,1384386,12736351.2,2024-07-02
9.2,9.23,9.09,9.11,713067,6496040.369999999,2024-07-03
9.1,9.18,9.05,9.06,735044,6659498.640000001,2024-07-04
9.06,9.09,8.72,8.77,1713354,15026114.58,2024-07-05
8.74,8.82,8.65,8.73,868660,7583401.800000001,2024-07-08
8.74,8.9,8.71,8.87,1032485,9158141.95,2024-07-09
8.87,9.0,8.85,8.94,873865,7812353.1,2024-07-10
9.01,9.03,8.87,8.93,721392,6442030.56,2024-07-11
8.92,9.11,8.92,9.11,1214164,11061034.04,2024-07-12
9.11,9.15,9.06,9.13,869412,7937731.5600000005,2024-07-15
9.13,9.17,9.04,9.1,943008,8581372.799999999,2024-07-16
9.1,9.22,9.08,9.2,1220168,11225545.6,2024-07-17
9.18,9.23,9.1,9.21,1087061,10011831.81,2024-07-18
9.18,9.22,9.09,9.17,898723,8241289.91,2024-07-19
9.16,9.18,8.99,9.03,994481,8980163.43,2024-07-22
9.05,9.13,8.96,8.98,1020154,9160982.92,2024-07-23
8.98,9.04,8.92,8.93,724518,6469945.74,2024-07-24
8.92,8.95,8.8,8.89,856404,7613431.5600000005,2024-07-25
8.9,8.92,8.77,8.83,929552,8207944.16,2024-07-26
8.82,8.94,8.77,8.91,781552,6963628.32,2024-07-29
8.9,8.93,8.83,8.88,613268,5445819.840000001,2024-07-30
8.88,9.08,8.87,9.07,1096906,9948937.42,2024-07-31
9.05,9.12,8.97,9.07,733884,6656327.88,2024-08-01
9.02,9.05,8.93,8.94,590229,5276647.26,2024-08-02
8.91,9.02,8.85,8.85,758979,6716964.149999999,2024-08-05
8.87,8.92,8.69,8.73,1265537,11048138.01,2024-08-06
8.75,8.78,8.71,8.73,517608,4518717.84,2024-08-07
8.72,8.78,8.7,8.74,500411,4373592.14,2024-08-08
8.76,8.9,8.74,8.84,730274,6455622.16,2024-08-09
8.82,8.85,8.78,8.81,353013,3110044.5300000003,2024-08-12
8.82,8.83,8.72,8.75,622077,5443173.75,2024-08-13
8.74,8.78,8.71,8.72,436380,3805233.6,2024-08-14
8.72,8.86,8.67,8.83,776247,6854261.01,2024-08-15
8.88,9.01,8.85,8.93,1260368,11255086.24,2024-08-16
8.93,9.1,8.92,9.09,1482985,13480333.65,2024-08-19
9.12,9.23,9.08,9.14,1569187,14342369.180000002,2024-08-20
9.1,9.18,9.01,9.15,1034888,9469225.200000001,2024-08-21
9.14,9.25,9.12,9.18,1109030,10180895.4,2024-08-22
9.19,9.3,9.12,9.27,1071906,9936568.62,2024-08-23
9.3,9.35,9.22,9.29,740675,6880870.749999999,2024-08-26
9.27,9.32,9.17,9.23,723137,6674554.510000001,2024-08-27
9.21,9.23,9.08,9.13,942548,8605463.24,2024-08-28
9.11,9.18,8.91,8.93,1197676,10695246.68,2024-08-29
8.91,9.06,8.91,8.96,1294059,11594768.64,2024-08-30
8.92,9.01,8.89,8.91,968836,8632328.76,2024-09-02
8.91,8.93,8.8,8.88,916581,8139239.28,2024-09-03
8.85,8.95,8.8,8.82,847992,7479289.44,2024-09-04
8.83,8.88,8.78,8.87,594209,5270633.829999999,2024-09-05
8.86,9.01,8.85,8.88,878865,7804321.200000001,2024-09-06
8.85,8.87,8.64,8.65,1639175,14178863.75,2024-09-09
8.66,8.72,8.58,8.7,767901,6680738.699999999,2024-09-10
8.68,8.68,8.43,8.45,1108727,9368743.149999999,2024-09-11
8.45,8.57,8.41,8.54,581834,4968862.359999999,2024-09-12
8.53,8.62,8.5,8.5,566462,4814927.0,2024-09-13
8.52,8.58,8.46,8.57,443611,3801746.27,2024-09-18
8.59,8.64,8.48,8.61,684293,5891762.7299999995,2024-09-19
8.61,8.7,8.58,8.7,797297,6936483.899999999,2024-09-20
8.69,8.89,8.67,8.84,896908,7928666.72,2024-09-23
8.91,9.17,8.88,9.17,1638213,15022413.209999999,2024-09-24
9.32,9.5,9.25,9.3,2160694,20094454.200000003,2024-09-25
9.3,9.95,9.3,9.95,3086457,30710247.15,2024-09-26
10.15,10.36,9.83,10.22,3840016,39244963.52,2024-09-27
10.42,11.1,10.36,11.01,5430284,59787426.839999996,2024-09-30
12.23,12.23,11.14,11.68,5888978,68783263.03999999,2024-10-08
11.43,11.43,10.46,10.48,4269345,44742735.6,2024-10-09
10.66,11.3,10.64,11.02,3426422,37759170.44,2024-10-10
11.04,11.21,10.62,10.76,2070891,22282787.16,2024-10-11
11.02,11.22,10.83,11.06,2400595,26550580.700000003,2024-10-14
10.98,11.27,10.92,10.94,2072841,22676880.54,2024-10-15
10.84,11.22,10.81,11.1,1914494,21250883.4,2024-10-16
11.11,11.27,10.97,10.99,1653708,18174250.92,2024-10-17
10.95,11.22,10.72,11.08,2604654,28859566.32,2024-10-18
10.98,10.98,10.67,10.85,2806655,30452206.75,2024-10-21
10.8,10.97,10.76,10.83,1617787,17520633.21,2024-10-22
10.86,10.93,10.79,10.9,1511866,16479339.4,2024-10-23
10.85,10.9,10.76,10.79,885299,9552376.209999999,2024-10-24
10.81,10.82,10.73,10.75,1105755,11886866.25,2024-10-25
10.72,10.72,10.57,10.68,1169487,12490121.16,2024-10-28
10.66,10.78,10.57,10.58,1198025,12675104.5,2024-10-29
10.54,10.62,10.31,10.36,1482403,15357695.08,2024-10-30
10.37,10.48,10.28,10.42,1250205,13027136.1,2024-10-31
10.42,10.59,10.38,10.47,1589811,16645321.170000002,2024-11-01
10.47,10.5,10.3,10.5,1131516,11880918.0,2024-11-04
10.46,10.7,10.43,10.69,1665418,17803318.419999998,2024-11-05
10.66,10.68,10.51,10.59,1462286,15485608.74,2024-11-06
10.54,10.97,10.52,10.95,2242844,24559141.799999997,2024-11-07
10.98,11.05,10.74,10.76,1895104,20391319.04,2024-11-08
10.67,10.72,10.51,10.64,1486952,15821169.280000001,2024-11-11
10.62,10.88,10.55,10.58,1717663,18172874.54,2024-11-12
10.54,10.74,10.52,10.65,1086263,11568700.950000001,2024-11-13
10.63,10.74,10.57,10.58,1159783,12270504.14,2024-11-14
10.54,10.65,10.46,10.48,1215784,12741416.32,2024-11-15
10.67,11.08,10.66,10.79,3797324,40973125.95999999,2024-11-18
10.79,11.0,10.59,10.72,2430037,26049996.64,2024-11-19
10.71,10.79,10.65,10.68,1286572,13740588.959999999,2024-11-20
10.66,10.69,10.6,10.63,883408,9390627.040000001,2024-11-21
10.63,10.65,10.32,10.32,1625317,16773271.440000001,2024-11-22
10.32,10.38,10.18,10.22,1166020,11916724.4,2024-11-25
10.22,10.35,10.18,10.31,831078,8568414.18,2024-11-26
10.28,10.43,10.19,10.43,895178,9336706.54,2024-11-27
10.43,10.46,10.36,10.38,733169,7610294.220000001,2024-11-28
10.41,10.5,10.38,10.42,1028488,10716844.959999999,2024-11-29
10.43,10.44,10.35,10.43,975434,10173776.62,2024-12-02
10.41,10.54,10.39,10.53,1082559,11399346.27,2024-12-03
10.48,10.57,10.41,10.5,1007471,10578445.5,2024-12-04
10.48,10.54,10.45,10.48,687109,7200902.32,2024-12-05
10.48,10.74,10.47,10.7,1726269,18471078.299999997,2024-12-06
10.67,10.76,10.63,10.71,964063,10325114.73,2024-12-09
10.94,10.99,10.79,10.83,2167807,23477349.81,2024-12-10
10.83,10.87,10.76,10.77,967691,10422032.07,2024-12-11
10.77,10.91,10.75,10.89,986235,10740099.15,2024-12-12
10.83,10.84,10.6,10.6,1343793,14244205.799999999,2024-12-13
10.6,10.7,10.57,10.61,805718,8548667.98,2024-12-16
10.61,10.69,10.56,10.57,802120,8478408.4,2024-12-17
10.62,10.78,10.61,10.69,1016590,10867347.1,2024-12-18
10.63,10.68,10.58,10.63,697379,7413138.7700000005,2024-12-19
10.63,10.74,10.62,10.66,714646,7618126.36,2024-12-20
10.68,10.88,10.68,10.77,1659405,17871791.849999998,2024-12-23
10.76,10.91,10.76,10.9,1350837,14724123.3,2024-12-24
10.9,11.06,10.88,10.96,1475283,16169101.680000002,2024-12-25
10.96,10.97,10.82,10.9,1000075,10900817.5,2024-12-26
10.91,10.94,10.7,10.87,1290012,14022430.44,2024-12-27
10.82,11.01,10.82,10.99,1351846,14856787.540000001,2024-12-30
10.97,11.03,10.74,10.74,1475367,15845441.58,2024-12-31
10.77,10.81,10.43,10.47,1819597,19051180.59,2025-01-02
10.48,10.58,10.4,10.42,1154680,12031765.6,2025-01-03
10.42,10.52,10.26,10.48,1085536,11376417.280000001,2025-01-06
10.46,10.57,10.41,10.55,747863,7889954.65,2025-01-07
10.54,10.67,10.44,10.54,1062386,11197548.44,2025-01-08
10.54,10.54,10.39,10.44,751483,7845482.52,2025-01-09
10.44,10.5,10.32,10.34,798134,8252705.56,2025-01-10
10.29,10.3,10.12,10.24,934966,9574051.84,2025-01-13
10.24,10.44,10.23,10.42,824629,8592634.18,2025-01-14
10.42,10.62,10.4,10.52,1031631,10852758.12,2025-01-15
10.59,10.63,10.51,10.61,872964,9262148.04,2025-01-16
10.57,10.59,10.46,10.49,689765,7235634.850000001,2025-01-17
10.54,10.56,10.44,10.46,832029,8703023.34,2025-01-20
10.49,10.49,10.36,10.37,902069,9354455.53,2025-01-21
10.36,10.37,10.12,10.13,1347129,13646416.770000001,2025-01-22
10.21,10.44,10.21,10.36,1514920,15694571.2,2025-01-23
10.36,10.43,10.26,10.38,944944,9808518.72,2025-01-24
10.42,10.59,10.42,10.51,1151935,12106836.85,2025-01-27
10.54,10.56,10.37,10.41,843434,8780147.94,2025-02-05
10.39,10.49,10.34,10.4,955603,9938271.200000001,2025-02-06
10.4,10.49,10.35,10.42,1407493,14666077.06,2025-02-07
10.42,10.54,10.4,10.47,1026591,10748407.770000001,2025-02-10
10.44,10.51,10.41,10.46,844520,8833679.200000001,2025-02-11
10.45,10.47,10.38,10.46,988807,10342921.22,2025-02-12
10.46,10.59,10.44,10.54,1358639,14320055.059999999,2025-02-13
10.53,10.59,10.47,10.59,973058,10304684.22,2025-02-14
10.64,10.84,10.59,10.82,2061965,22310461.3,2025-02-17
10.8,11.0,10.8,10.85,1996610,21663218.5,2025-02-18
10.84,10.85,10.72,10.75,1177749,12660801.75,2025-02-19
10.75,10.8,10.69,10.7,784396,8393037.2,2025-02-20
10.73,10.75,10.59,10.68,973969,10401988.92,2025-02-21
10.67,10.73,10.6,10.63,949956,10098032.280000001,2025-02-24
10.6,10.62,10.5,10.51,917156,9639309.56,2025-02-25
10.51,10.64,10.51,10.56,841646,8887781.76,2025-02-26
10.57,10.67,10.5,10.66,977310,10418124.6,2025-02-27
10.62,10.72,10.54,10.57,949088,10031860.16,2025-02-28
10.56,10.6,10.49,10.55,830457,8761321.350000001,2025-03-03
10.51,10.59,10.48,10.55,683179,7207538.45,2025-03-04
10.56,10.71,10.52,10.7,1080645,11562901.5,2025-03-05
10.73,10.74,10.64,10.67,877408,9361943.36,2025-03-06
10.67,10.73,10.64,10.71,835537,8948601.270000001,2025-03-07
10.7,10.71,10.59,10.63,663834,7056555.420000001,2025-03-10
10.58,10.65,10.56,10.65,608975,6485583.75,2025-03-11
10.64,10.91,10.6,10.89,1877318,20443993.02,2025-03-12
10.85,10.95,10.82,10.88,1312371,14278596.48,2025-03-13
10.86,11.04,10.86,11.01,1722418,18963822.18,2025-03-14
10.67,10.71,10.5,10.54,4603612,48522070.48,2025-03-17
10.56,10.58,10.52,10.53,1605290,16903703.7,2025-03-18
10.52,10.57,10.5,10.56,1362455,14387524.8,2025-03-19
10.55,10.65,10.53,10.53,1101157,11595183.209999999,2025-03-20
10.53,10.56,10.43,10.46,1376389,14397028.940000001,2025-03-21
10.45,10.48,10.38,10.42,1164577,12134892.34,2025-03-24
10.42,10.47,10.4,10.47,735609,7701826.23,2025-03-25
10.46,10.47,10.41,10.42,740863,7719792.46,2025-03-26
10.41,10.45,10.39,10.43,553349,5771430.07,2025-03-27
10.43,10.44,10.38,10.39,644946,6700988.94,2025-03-28
10.4,10.42,10.3,10.3,1116126,11496097.8,2025-03-31
10.31,10.34,10.26,10.31,681470,7025955.7,2025-04-01
10.29,10.45,10.29,10.41,932642,9708803.22,2025-04-02
10.35,10.43,10.34,10.38,643914,6683827.32,2025-04-03
10.04,10.09,9.52,9.74,2545560,24793754.400000002,2025-04-07
9.72,9.89,9.7,9.86,1463988,14434921.68,2025-04-08
9.77,9.87,9.7,9.84,1064394,10473636.959999999,2025-04-09
9.9,9.97,9.86,9.94,866548,8613487.12,2025-04-10
9.91,9.94,9.87,9.93,583879,5797918.47,2025-04-11
9.99,10.08,9.96,9.97,785993,7836350.210000001,2025-04-14
9.96,10.01,9.94,9.99,722754,7220312.46,2025-04-15
9.97,10.05,9.95,10.04,842822,8461932.879999999,2025-04-16
9.99,10.12,9.97,10.1,823919,8321581.899999999,2025-04-17
10.08,10.23,10.07,10.22,727098,7430941.5600000005,2025-04-18
10.04,10.17,10.01,10.06,1114184,11208691.040000001,2025-04-21
10.06,10.1,10.02,10.08,831129,8377780.32,2025-04-22
10.08,10.09,10.01,10.05,586383,5893149.15,2025-04-23
10.04,10.1,10.03,10.07,689256,6940807.92,2025-04-24
10.08,10.09,10.03,10.05,637547,6407347.350000001,2025-04-25
10.04,10.08,10.0,10.04,642018,6445860.72,2025-04-28
10.04,10.06,9.99,10.02,649045,6503430.899999999,2025-04-29
10.0,10.01,9.93,9.95,869835,8654858.25,2025-04-30
9.96,10.04,9.93,10.0,854671,8546710.0,2025-05-06
10.05,10.08,10.01,10.07,1126270,11341538.9,2025-05-07
10.04,10.12,10.03,10.12,1056614,10692933.68,2025-05-08
10.11,10.21,10.1,10.19,999897,10188950.43,2025-05-09
10.2,10.26,10.17,10.2,895605,9135171.0,2025-05-12
10.23,10.37,10.19,10.33,1261031,13026450.23,2025-05-13
10.33,10.51,10.29,10.47,1683514,17626391.580000002,2025-05-14
10.47,10.54,10.42,10.43,1035460,10799847.799999999,2025-05-15
10.41,10.47,10.35,10.42,914744,9531632.48,2025-05-16
10.44,10.51,10.4,10.41,831391,8654780.31,2025-05-19
10.44,10.51,10.41,10.43,643635,6713113.05,2025-05-20
10.44,10.63,10.43,10.52,1328278,13973484.559999999,2025-05-21
10.49,10.6,10.48,10.59,1002968,10621431.12,2025-05-22
10.59,10.64,10.47,10.5,962643,10107751.5,2025-05-23
10.48,10.54,10.44,10.46,699159,7313203.140000001,2025-05-26
10.49,10.58,10.46,10.53,801915,8444164.95,2025-05-27
10.54,10.59,10.48,10.57,658179,6956952.03,2025-05-28
10.56,10.59,10.49,10.5,919807,9657973.5,2025-05-29
10.51,10.62,10.48,10.6,1130849,11986999.4,2025-05-30
10.58,10.95,10.57,10.85,2192480,23788408.0,2025-06-03
10.86,10.92,10.82,10.88,1167960,12707404.8,2025-06-04
10.92,10.95,10.7,10.71,1166803,12496460.13,2025-06-05
10.74,10.83,10.72,10.74,682353,7328471.22,2025-06-06
10.77,10.79,10.69,10.75,773255,8312491.25,2025-06-09
10.76,10.93,10.75,10.85,1428132,15495232.2,2025-06-10
10.86,10.97,10.83,10.89,1094667,11920923.63,2025-06-11
10.96,11.1,10.92,11.08,1290220,14295637.6,2025-06-12
11.08,11.14,10.96,10.98,1095494,12028524.120000001,2025-06-13
10.97,11.19,10.93,11.19,1174438,13141961.219999999,2025-06-16
11.19,11.28,11.11,11.16,890027,9932701.32,2025-06-17
11.18,11.21,11.06,11.17,683521,7634929.57,2025-06-18
11.16,11.18,11.05,11.1,832247,9237941.7,2025-06-19
11.1,11.26,11.07,11.24,1309198,14715385.52,2025-06-20
11.21,11.37,11.07,11.33,1389170,15739296.1,2025-06-23
11.3,11.41,11.24,11.33,1308525,14825588.25,2025-06-24
11.33,11.48,11.23,11.46,1675116,19196829.360000003,2025-06-25
11.45,11.88,11.41,11.81,2174578,25681766.18,2025-06-26
11.77,11.98,11.53,11.6,2377600,27580160.0,2025-06-27
11.54,11.57,11.36,11.47,1504820,17260285.400000002,2025-06-30
11.46,11.73,11.46,11.7,1354341,15845789.7,2025-07-01
11.71,11.81,11.63,11.72,1200412,14068828.64,2025-07-02
11.73,11.82,11.68,11.75,794086,9330510.5,2025-07-03
11.75,12.12,11.7,12.0,1775333,21303996.0,2025-07-04
12.0,12.22,12.0,12.18,1495407,18214057.259999998,2025-07-07
12.15,12.24,12.05,12.09,1090986,13190020.74,2025-07-08
12.06,12.3,12.06,12.24,1205963,14760987.120000001,2025-07-09
12.22,12.73,12.19,12.58,2481416,31216213.28,2025-07-10
12.59,12.7,12.29,12.31,2443744,30082488.64,2025-07-11
12.27,12.57,12.26,12.38,1872896,23186452.48,2025-07-14
12.39,12.44,12.11,12.13,1810531,21961741.03,2025-07-15
12.13,12.16,11.9,12.04,1927864,23211482.56,2025-07-16
12.01,12.1,11.94,11.99,944641,11326245.59,2025-07-17
12.02,12.15,12.0,12.1,1241206,15018592.6,2025-07-18
12.04,12.11,11.95,12.01,1079027,12959114.27,2025-07-21
12.0,12.0,11.72,11.89,1935229,23009872.810000002,2025-07-22
11.86,12.03,11.85,11.93,1370520,16350303.6,2025-07-23
11.93,11.93,11.73,11.75,1959351,23022374.25,2025-07-24
11.73,11.86,11.72,11.75,1108267,13022137.25,2025-07-25
11.75,11.93,11.72,11.86,1238243,14685561.979999999,2025-07-28
11.86,11.91,11.74,11.74,1012818,11890483.32,2025-07-29
11.75,12.04,11.74,11.89,1715164,20393299.96,2025-07-30
11.91,11.95,11.62,11.63,1690081,19655642.03,2025-07-31
11.64,11.73,11.55,11.68,1012187,11822344.16,2025-08-01
11.64,11.78,11.61,11.7,1032690,12082473.0,2025-08-04
11.7,11.9,11.68,11.87,1132078,13437765.86,2025-08-05
11.87,11.92,11.8,11.86,690448,8188713.279999999,2025-08-06
11.84,11.93,11.79,11.87,722053,8570769.11,2025-08-07
11.88,11.93,11.79,11.8,829796,9791592.8,2025-08-08
11.8,11.82,11.67,11.7,934353,10931930.1,2025-08-11
11.7,11.8,11.7,11.73,680056,7977056.88,2025-08-12
11.77,11.8,11.63,11.66,1119813,13057019.58,2025-08-13
11.67,11.74,11.59,11.6,1241041,14396075.6,2025-08-14
11.63,11.63,11.34,11.48,1948503,22368814.44,2025-08-15
11.46,11.55,11.43,11.48,1239058,14224385.84,2025-08-18
11.5,11.52,11.42,11.46,892860,10232175.600000001,2025-08-19
11.46,11.52,11.38,11.47,1048739,12029036.33,2025-08-20
11.45,11.59,11.43,11.55,1217418,14061177.9,2025-08-21
11.55,11.57,11.38,11.46,1644260,18843219.6,2025-08-22
11.52,11.93,11.5,11.85,3045088,36084292.8,2025-08-25
11.85,11.9,11.7,11.76,1383599,16271124.24,2025-08-26
11.72,11.76,11.45,11.46,1860050,21316173.0,2025-08-27
11.49,11.54,11.37,11.48,1653588,18983190.240000002,2025-08-28
11.45,11.62,11.43,11.45,1805126,20668692.7,2025-08-29
11.45,11.45,11.25,11.29,1858459,20982002.11,2025-09-01
11.25,11.39,11.24,11.38,1492716,16987108.080000002,2025-09-02
11.38,11.41,11.14,11.15,1367232,15244636.8,2025-09-03
11.16,11.17,11.0,11.14,1295300,14429642.0,2025-09-04
11.13,11.14,11.03,11.12,819662,9114641.44,2025-09-05
11.11,11.18,11.07,11.1,924431,10261184.1,2025-09-08
11.11,11.18,11.08,11.15,860539,9595009.85,2025-09-09
11.14,11.19,11.11,11.17,792668,8854101.56,2025-09-10
11.17,11.25,11.11,11.25,963932,10844235.0,2025-09-11
11.23,11.28,11.1,11.12,940385,10457081.2,2025-09-12
11.1,11.12,11.03,11.05,840387,9286276.350000001,2025-09-15
11.06,11.11,11.01,11.04,708048,7816849.919999999,2025-09-16
11.04,11.07,10.98,11.04,771129,8513264.16,2025-09-17
11.05,11.06,10.78,10.81,1386160,14984389.600000001,2025-09-18
10.81,10.91,10.77,10.85,834651,9055963.35,2025-09-19
10.84,10.87,10.77,10.78,596402,6429213.56,2025-09-22
10.77,10.98,10.72,10.92,1341430,14648415.6,2025-09-23
10.91,11.02,10.83,10.86,1139583,12375871.379999999,2025-09-24
10.83,10.87,10.76,10.8,773276,8351380.800000001,2025-09-25
10.79,10.84,10.72,10.8,753239,8134981.2,2025-09-26
10.8,10.88,10.67,10.77,1176012,12665649.24,2025-09-29
10.77,10.77,10.69,10.74,832479,8940824.46,2025-09-30
10.73,10.81,10.67,10.8,1047469,11312665.200000001,2025-10-09
10.77,10.89,10.76,10.83,1087948,11782476.84,2025-10-10
10.72,10.86,10.68,10.8,1168802,12623061.600000001,2025-10-13
10.79,11.0,10.76,10.97,1843428,20222405.16,2025-10-14
10.98,11.06,10.9,11.04,1271061,14032513.44,2025-10-15
11.02,11.19,11.0,11.18,1261937,14108455.66,2025-10-16
11.14,11.22,11.02,11.04,1039666,11477912.639999999,2025-10-17
11.05,11.09,10.91,11.06,952641,10536209.46,2025-10-20
11.04,11.11,11.03,11.07,761165,8426096.55,2025-10-21
11.04,11.18,11.04,11.16,833703,9304125.48,2025-10-22
11.16,11.35,11.14,11.27,1373112,15474972.24,2025-10-23
11.24,11.32,11.19,11.2,980475,10981320.0,2025-10-24
11.18,11.25,11.08,11.16,1239485,13832652.6,2025-10-27
11.17,11.22,11.06,11.11,821568,9127620.48,2025-10-28
11.1,11.1,11.0,11.03,966214,10657340.42,2025-10-29
11.02,11.11,11.0,11.02,943770,10400345.4,2025-10-30
11.02,11.04,10.94,10.96,970193,10633315.280000001,2025-10-31
10.98,11.08,10.94,11.07,952326,10542248.82,2025-11-03
11.06,11.28,11.04,11.23,1503007,16878768.61,2025-11-04
11.23,11.24,11.14,11.16,794926,8871374.16,2025-11-05
11.14,11.22,11.11,11.15,766585,8547422.75,2025-11-06
11.16,11.22,11.14,11.19,734851,8222982.6899999995,2025-11-07
11.16,11.28,11.09,11.27,827208,9322634.16,2025-11-10
11.26,11.33,11.21,11.31,886509,10026416.790000001,2025-11-11
11.34,11.43,11.29,11.32,1141325,12919799.0,2025-11-12
11.32,11.36,11.21,11.34,978991,11101757.94,2025-11-13
11.31,11.48,11.3,11.39,1316995,15000573.05,2025-11-14
11.39,11.39,11.26,11.31,995233,11256085.23,2025-11-17
11.29,11.33,11.21,11.23,670077,7524964.71,2025-11-18
11.22,11.47,11.21,11.44,1334996,15272354.24,2025-11-19
11.43,11.63,11.38,11.49,1637040,18809589.6,2025-11-20
11.44,11.52,11.3,11.33,1465359,16602517.47,2025-11-21
11.34,11.37,11.24,11.24,1117119,12556417.56,2025-11-24
11.25,11.44,11.22,11.44,1028081,11761246.639999999,2025-11-25
11.45,11.49,11.29,11.33,821301,9305340.33,2025-11-26
11.3,11.35,11.22,11.35,1011847,11484463.45,2025-11-27
11.31,11.32,11.22,11.25,884358,9949027.5,2025-11-28
11.24,11.34,11.17,11.33,1037323,11752869.59,2025-12-01
11.32,11.37,11.23,11.28,768060,8663716.799999999,2025-12-02
11.28,11.34,11.18,11.19,944601,10570085.19,2025-12-03
11.19,11.22,11.1,11.13,886090,9862181.700000001,2025-12-04
11.13,11.18,11.04,11.17,890766,9949856.22,2025-12-05
11.13,11.24,11.12,11.16,855899,9551832.84,2025-12-08
11.16,11.18,11.07,11.07,733957,8124903.99,2025-12-09
11.08,11.1,10.93,10.97,1044065,11453393.05,2025-12-10
10.99,11.03,10.94,11.01,925261,10187123.61,2025-12-11
11.01,11.07,10.94,10.99,1191895,13098926.05,2025-12-12
10.98,11.18,10.97,11.15,940833,10490287.950000001,2025-12-15
11.13,11.19,11.08,11.12,647351,7198543.119999999,2025-12-16
11.11,11.22,11.06,11.17,701495,7835699.15,2025-12-17
11.15,11.29,11.12,11.28,790467,8916467.76,2025-12-18
11.27,11.29,11.22,11.26,649886,7317716.359999999,2025-12-19
11.25,11.25,11.15,11.16,742369,8284838.04,2025-12-22
11.16,11.24,11.14,11.2,666266,7462179.199999999,2025-12-23
11.19,11.22,11.13,11.18,505244,5648627.92,2025-12-24
11.18,11.26,11.16,11.2,547455,6131496.0,2025-12-25
11.2,11.23,11.17,11.18,436340,4878281.2,2025-12-26
11.18,11.26,11.14,11.2,648295,7260904.0,2025-12-29
11.17,11.2,11.09,11.12,582584,6478334.079999999,2025-12-30
11.12,11.13,11.04,11.05,590620,6526351.0,2025-12-31
11.06,11.15,11.05,11.14,875491,9752969.74,2026-01-05
11.14,11.32,11.12,11.31,1304648,14755568.88,2026-01-06
11.3,11.46,11.26,11.28,966236,10899142.08,2026-01-07
11.28,11.29,11.13,11.15,1100085,12265947.75,2026-01-08
11.17,11.17,11.08,11.1,983390,10915629.0,2026-01-09
11.09,11.13,11.06,11.12,855213,9509968.559999999,2026-01-12
11.12,11.18,11.08,11.11,1061541,11793720.51,2026-01-13
11.11,11.11,10.99,11.0,1274757,14022327.0,2026-01-14
10.97,11.01,10.94,10.95,884960,9690312.0,2026-01-15
10.98,10.98,10.8,10.83,1119473,12123892.59,2026-01-16
10.79,10.85,10.75,10.76,804741,8659013.16,2026-01-19
10.76,10.84,10.75,10.8,772276,8340580.800000001,2026-01-20
10.79,10.82,10.7,10.71,900125,9640338.75,2026-01-21
10.71,10.79,10.69,10.71,788635,8446280.850000001,2026-01-22
10.71,10.73,10.62,10.63,1109994,11799236.22,2026-01-23
10.62,10.7,10.56,10.6,1106247,11726218.2,2026-01-26
10.6,10.67,10.57,10.58,894091,9459482.78,2026-01-27
10.58,10.63,10.46,10.48,1438766,15078267.68,2026-01-28
10.48,10.62,10.3,10.6,1852994,19641736.4,2026-01-29
10.58,10.67,10.47,10.47,1091755,11430674.850000001,2026-01-30
10.46,10.67,10.44,10.5,1223173,12843316.5,2026-02-02
10.53,10.54,10.41,10.48,806628,8453461.44,2026-02-03
10.49,10.62,10.48,10.61,695415,7378353.149999999,2026-02-04
10.62,10.75,10.6,10.73,1177591,12635551.43,2026-02-05
10.72,10.78,10.63,10.69,727710,7779219.899999999,2026-02-06
10.69,10.75,10.65,10.71,619717,6637169.07,2026-02-09
10.71,10.74,10.66,10.7,600430,6424601.0,2026-02-10
10.7,10.73,10.66,10.71,431041,4616449.11,2026-02-11
10.71,10.72,10.57,10.6,681340,7222204.0,2026-02-12
10.6,10.63,10.54,10.55,555047,5855745.850000001,2026-02-13
10.57,10.59,10.52,10.55,602512,6356501.600000001,2026-02-24
10.55,10.59,10.42,10.5,1063135,11162917.5,2026-02-25
10.5,10.55,10.44,10.51,712730,7490792.3,2026-02-26
10.5,10.56,10.48,10.54,612228,6452883.119999999,2026-02-27
10.49,10.53,10.41,10.49,838874,8799788.26,2026-03-02
10.49,10.59,10.44,10.52,1028695,10821871.4,2026-03-03
10.48,10.48,10.31,10.35,1089714,11278539.9,2026-03-04
10.36,10.48,10.34,10.45,712641,7447098.449999999,2026-03-05
10.42,10.48,10.41,10.46,476577,4984995.420000001,2026-03-06
10.43,10.46,10.38,10.4,835892,8693276.8,2026-03-09
10.41,10.45,10.37,10.45,790112,8256670.399999999,2026-03-10
10.43,10.54,10.41,10.53,720535,7587233.55,2026-03-11
10.51,10.6,10.49,10.58,754906,7986905.48,2026-03-12
10.57,10.64,10.51,10.57,841939,8899295.23,2026-03-13
10.57,10.61,10.52,10.56,715603,7556767.680000001,2026-03-16
10.55,10.71,10.54,10.67,1076657,11487930.19,2026-03-17
10.68,10.68,10.55,10.6,791079,8385437.399999999,2026-03-18
10.56,10.61,10.5,10.52,624212,6566710.239999999,2026-03-19
10.51,10.58,10.4,10.41,834083,8682804.03,2026-03-20
10.32,10.32,10.07,10.09,1580088,15943087.92,2026-03-23
10.16,10.53,10.16,10.52,1622251,17066080.52,2026-03-24
10.53,10.59,10.43,10.58,744780,7879772.4,2026-03-25
10.55,10.69,10.54,10.58,827664,8756685.12,2026-03-26
10.55,10.69,10.47,10.66,884129,9424815.14,2026-03-27
10.62,10.69,10.58,10.63,632522,6723708.86,2026-03-30
10.64,10.82,10.63,10.72,1164565,12484136.8,2026-03-31
10.73,10.87,10.72,10.79,918925,9915200.75,2026-04-01
10.79,10.96,10.77,10.91,1148895,12534444.45,2026-04-02
10.92,10.92,10.73,10.76,757757,8153465.32,2026-04-03
10.76,10.78,10.61,10.67,607955,6486879.85,2026-04-07
10.75,10.86,10.69,10.86,812976,8828919.36,2026-04-08
10.81,10.86,10.7,10.74,602365,6469400.100000001,2026-04-09
10.74,10.77,10.71,10.73,481047,5161634.3100000005,2026-04-10
10.69,10.73,10.67,10.71,406104,4349373.840000001,2026-04-13
10.71,10.81,10.71,10.81,496151,5363392.3100000005,2026-04-14
10.8,10.86,10.79,10.85,503938,5467727.3,2026-04-15
10.84,10.87,10.71,10.73,680915,7306217.95,2026-04-16
10.73,10.75,10.63,10.65,722530,7694944.5,2026-04-17
10.65,10.71,10.6,10.7,630034,6741363.8,2026-04-20
10.68,10.8,10.67,10.72,806946,8650461.120000001,2026-04-21
10.72,10.73,10.59,10.62,839054,8910753.479999999,2026-04-22
10.62,10.67,10.57,10.64,648067,6895432.880000001,2026-04-23
10.62,10.67,10.56,10.64,582710,6200034.4,2026-04-24
10.97,11.21,10.93,11.02,3401276,37482061.519999996,2026-04-27
11.0,11.1,10.96,11.1,1674259,18584274.9,2026-04-28
11.07,11.18,11.03,11.16,1378423,15383200.68,2026-04-29
11.14,11.24,11.1,11.13,1139242,12679763.46,2026-04-30
11.14,11.14,10.94,11.0,1216388,13380268.0,2026-05-06
11.01,11.03,10.94,11.01,936958,10315907.58,2026-05-07
10.98,11.06,10.94,10.94,798820,8739090.799999999,2026-05-08
10.93,10.95,10.8,10.92,931865,10175965.8,2026-05-11
10.92,11.0,10.85,10.89,1029038,11206223.82,2026-05-12
10.89,10.92,10.75,10.78,1017974,10973759.719999999,2026-05-13
10.78,10.79,10.69,10.69,794368,8491793.92,2026-05-14
10.69,10.75,10.6,10.63,974742,10361507.46,2026-05-15
10.6,10.61,10.46,10.5,856382,8992011.0,2026-05-18
10.47,10.56,10.47,10.5,793529,8332054.5,2026-05-19
10.5,10.52,10.4,10.41,747632,7782849.12,2026-05-20
10.42,10.44,10.33,10.34,1110211,11479581.74,2026-05-21
10.34,10.37,10.29,10.32,954133,9846652.56,2026-05-22
10.32,10.4,10.28,10.32,663103,6843222.96,2026-05-25
10.35,10.47,10.3,10.43,837347,8733529.209999999,2026-05-26
10.4,10.49,10.36,10.4,839727,8733160.8,2026-05-27
10.4,10.43,10.27,10.3,900711,9277323.3,2026-05-28
10.29,10.57,10.26,10.57,1399368,14791319.76,2026-05-29
10.54,10.63,10.45,10.63,954596,10147355.48,2026-06-01
10.62,10.74,10.58,10.72,885428,9491788.16,2026-06-02
10.67,10.7,10.56,10.63,825272,8772641.360000001,2026-06-03
10.55,10.61,10.41,10.46,869271,9092574.66,2026-06-04
10.47,10.67,10.47,10.62,1003503,10657201.86,2026-06-05
10.61,10.74,10.6,10.67,1090926,11640180.42,2026-06-08
10.65,10.83,10.6,10.77,1149672,12381967.44,2026-06-09
10.71,10.99,10.71,10.96,1543176,16913208.96,2026-06-10
10.96,11.03,10.89,10.94,1156222,12649068.68,2026-06-11
11.0,11.25,10.88,11.24,2032355,22843670.2,2026-06-12
11.21,11.21,10.98,11.06,1541305,17046833.3,2026-06-15
11.05,11.12,10.91,10.94,942708,10313225.52,2026-06-16
10.97,10.99,10.75,10.78,965828,10411625.84,2026-06-17
10.74,10.77,10.52,10.52,1426893,15010914.36,2026-06-18
10.52,10.67,10.42,10.65,1265317,13475626.05,2026-06-22
10.65,10.91,10.63,10.71,1190604,12751368.840000002,2026-06-23
10.68,10.78,10.51,10.51,1125841,11832588.91,2026-06-24
10.47,10.59,10.41,10.42,1083999,11295269.58,2026-06-25
10.42,10.47,10.19,10.23,1236482,12649210.860000001,2026-06-26
10.22,10.32,10.02,10.24,1124140,11511193.6,2026-06-29
10.22,10.22,10.04,10.05,1111353,11169097.65,2026-06-30
10.05,10.18,9.99,10.16,906890,9214002.4,2026-07-01
10.2,10.36,10.17,10.28,1004749,10328819.719999999,2026-07-02
10.29,10.4,10.18,10.29,863327,8883634.83,2026-07-03
10.25,10.52,10.22,10.5,1061049,11141014.5,2026-07-06
10.46,10.51,10.35,10.47,805221,8430663.870000001,2026-07-07
10.44,10.63,10.34,10.6,950760,10078056.0,2026-07-08
10.55,10.59,10.43,10.49,747191,7838033.59,2026-07-09
10.5,10.51,10.4,10.45,957320,10003994.0,2026-07-10
10.42,10.55,10.38,10.54,924746,9746822.84,2026-07-13
10.53,10.7,10.48,10.69,1193715,12760813.35,2026-07-14
10.65,10.87,10.63,10.84,981422,10638614.48,2026-07-15
10.85,10.93,10.72,10.77,800766,8624249.82,2026-07-16
10.75,10.88,10.72,10.78,1075499,11593879.219999999,2026-07-17
10.75,11.0,10.74,10.98,1567304,17208997.92,2026-07-20
10.99,11.13,10.83,10.84,1755113,19025424.919999998,2026-07-21
10.81,10.98,10.77,10.98,1029484,11303734.32,2026-07-22
10.92,11.12,10.9,11.08,1095743,12140832.44,2026-07-23
11.09,11.18,11.09,11.1,1140933,12664356.299999999,2026-07-24
11.11,11.16,11.04,11.11,957156,10634003.16,2026-07-27
11.1,11.21,11.09,11.2,1061011,11883323.2,2026-07-28
11.19,11.36,11.18,11.28,1511054,17044689.119999997,2026-07-29
11.28,11.62,11.18,11.61,2777708,32249189.88,2026-07-30
11.5,11.63,11.28,11.63,2024979,23550505.770000003,2026-07-31
11.54,11.66,11.52,11.62,1060851,12327088.62,2026-08-03
11.58,11.62,11.42,11.44,1221130,13969727.2,2026-08-04
11.41,11.5,11.18,11.25,1511510,17004487.5,2026-08-05
11.22,11.28,11.12,11.27,1046343,11792285.61,2026-08-06
11.23,11.26,11.1,11.19,882977,9880512.629999999,2026-08-07
11.18,11.38,11.16,11.29,889060,10037487.399999999,2026-08-10
11.31,11.4,11.24,11.26,663361,7469444.859999999,2026-08-11
11.26,11.29,11.2,11.25,632950,7120687.5,2026-08-12
11.23,11.27,11.18,11.25,755981,8504786.25,2026-08-13
11.22,11.23,11.11,11.11,832344,9247341.84,2026-08-14
11.2,11.22,11.07,11.1,929043,10312377.299999999,2026-08-17
11.1,11.14,11.03,11.05,808930,8938676.5,2026-08-18
11.08,11.27,11.07,11.27,1426496,16076609.92,2026-08-19
11.2,11.4,11.19,11.4,1183578,13492789.200000001,2026-08-20
11.36,11.46,11.32,11.41,869128,9916750.48,2026-08-21
11.38,11.58,11.35,11.56,1199025,13860729.0,2026-08-24
11.57,11.64,11.53,11.59,994881,11530670.79,2026-08-25
11.55,11.75,11.52,11.73,1167289,13692299.97,2026-08-26
11.7,11.72,11.51,11.59,975702,11308386.18,2026-08-27
11.54,11.68,11.48,11.65,838126,9764167.9,2026-08-28
11.64,11.77,11.62,11.72,908857,10651804.040000001,2026-08-31
11.68,11.96,11.65,11.92,1523165,18156126.8,2026-09-01
11.92,11.99,11.85,11.91,892248,10626673.68,2026-09-02
11.88,12.08,11.83,11.88,1105134,13128991.920000002,2026-09-03
11.86,12.0,11.85,11.89,814373,9682894.97,2026-09-04
11.87,11.88,11.65,11.7,1087276,12721129.2,2026-09-07
11.66,11.81,11.65,11.78,740516,8723278.48,2026-09-08
11.76,11.79,11.69,11.7,582306,6812980.199999999,2026-09-09
11.68,11.86,11.66,11.85,867632,10281439.2,2026-09-10
11.82,11.86,11.71,11.74,832461,9773092.14,2026-09-11
11.73,11.9,11.72,11.85,741248,8783788.799999999,2026-09-14
11.82,11.88,11.77,11.82,755251,8927066.82,2026-09-15
11.8,11.84,11.57,11.7,949626,11110624.2,2026-09-16
11.68,11.74,11.57,11.61,691925,8033249.25,2026-09-17
11.59,11.82,11.56,11.7,853038,9980544.6,2026-09-18
11.7,11.73,11.6,11.73,817555,9589920.15,2026-09-21
11.7,11.73,11.62,11.7,421276,4928929.199999999,2026-09-22
