open,high,low,close,volume,amount,timestamps
415.2,425.36,405.09,419.05,49612,20789908.6,2018-01-02
416.7,436.6,414.94,431.06,52019,22423310.14,2018-01-03
436.6,458.7,434.53,452.27,72205,32656155.349999998,2018-01-04
456.2,461.23,443.42,453.56,39989,18137410.84,2018-01-05
450.22,471.7,450.22,467.33,52205,24396962.65,2018-01-08
467.41,498.2,467.41,497.72,64592,32148730.240000002,2018-01-09
500.2,504.08,488.68,500.91,47714,23900419.740000002,2018-01-10
502.2,503.2,487.2,490.01,50656,24821946.56,2018-01-11
488.97,504.0,482.22,503.62,45988,23160476.56,2018-01-12
508.66,514.26,494.22,500.57,52473,26266409.61,2018-01-15
495.68,503.81,483.2,488.14,65428,31938023.919999998,2018-01-16
485.2,489.2,453.71,463.13,90710,42010522.3,2018-01-17
463.13,480.2,459.29,465.94,58979,27480675.26,2018-01-18
468.1,474.1,454.22,465.38,50926,23699941.88,2018-01-19
467.01,489.2,467.01,488.84,67127,32814362.68,2018-01-22
493.01,495.2,483.8,488.98,49549,24228470.02,2018-01-23
491.64,491.66,473.8,479.66,43299,20768798.34,2018-01-24
476.2,491.2,466.2,484.36,50041,24237858.76,2018-01-25
482.44,492.6,479.2,492.42,43978,21655646.76,2018-01-26
493.96,494.87,450.2,451.52,74536,33654494.72,2018-01-29
451.2,463.97,445.22,457.28,51911,23737862.08,2018-01-30
454.2,486.91,454.2,479.74,60402,28977255.48,2018-01-31
482.2,482.5,468.12,472.93,50583,23922218.19,2018-02-01
467.42,468.43,440.2,455.6,75421,34361807.6,2018-02-02
442.42,445.16,420.8,433.43,98996,42907836.28,2018-02-05
418.2,437.8,418.2,424.06,88169,37388946.14,2018-02-06
435.2,439.08,397.21,398.63,88290,35195042.7,2018-02-07
397.4,433.2,397.4,416.19,83409,34713991.71,2018-02-08
395.2,405.09,373.2,398.63,105578,42086558.14,2018-02-09
406.2,420.7,400.4,412.68,64180,26485802.400000002,2018-02-12
420.22,430.02,419.7,427.18,53389,22806713.02,2018-02-13
435.2,435.2,427.42,433.65,30653,13292673.45,2018-02-14
442.5,459.2,438.44,457.65,50765,23232602.25,2018-02-22
462.2,471.76,452.2,457.68,38159,17464611.12,2018-02-23
462.08,467.25,448.22,458.71,43658,20026361.18,2018-02-26
464.2,471.2,452.42,453.18,42602,19306374.36,2018-02-27
447.2,457.5,434.2,440.82,48331,21305271.419999998,2018-02-28
443.2,462.05,438.97,457.17,44795,20478930.150000002,2018-03-01
453.2,458.76,445.2,451.61,25992,11738247.120000001,2018-03-02
453.38,457.2,432.23,435.31,37235,16208767.85,2018-03-05
440.2,442.8,412.33,433.46,64570,27988512.2,2018-03-06
430.2,439.2,424.19,425.24,34596,14711603.040000001,2018-03-07
429.2,439.2,423.2,437.96,35349,15481448.04,2018-03-08
442.75,447.77,438.7,443.4,30171,13377821.399999999,2018-03-09
444.75,449.12,437.97,439.15,39888,17516815.2,2018-03-12
438.2,441.8,425.2,425.55,38577,16416442.35,2018-03-13
424.87,443.28,422.42,442.08,37356,16514340.479999999,2018-03-14
443.22,462.2,443.22,461.67,56149,25922308.830000002,2018-03-15
462.8,469.18,454.08,455.05,35856,16316272.8,2018-03-16
459.17,469.19,454.2,468.68,38667,18122449.56,2018-03-19
465.2,467.2,455.2,462.93,28877,13368029.61,2018-03-20
465.31,468.31,455.2,457.2,26743,12226899.6,2018-03-21
459.2,463.2,439.21,441.28,37487,16542263.36,2018-03-22
416.2,438.69,415.28,426.26,52547,22398684.22,2018-03-23
423.2,430.26,417.08,428.69,46256,19829484.64,2018-03-26
438.2,441.08,419.2,429.94,47548,20442787.12,2018-03-27
415.17,418.2,384.2,397.25,113540,45103765.0,2018-03-28
397.4,413.05,373.61,404.3,79082,31972852.6,2018-03-29
401.2,408.7,395.08,398.82,36540,14572882.799999999,2018-03-30
395.2,406.2,389.31,395.26,32039,12663735.14,2018-04-02
393.2,402.2,390.59,393.11,40236,15817173.96,2018-04-03
397.2,415.63,395.58,409.21,56891,23280366.11,2018-04-04
412.3,420.63,405.35,413.5,30833,12749445.5,2018-04-09
420.0,423.7,413.66,423.22,32043,13561238.46,2018-04-10
425.2,429.98,418.22,420.56,25723,10818064.88,2018-04-11
419.2,422.08,407.42,409.4,30714,12574311.6,2018-04-12
413.7,416.2,400.28,402.06,27550,11076753.0,2018-04-13
395.78,402.05,392.2,396.58,32940,13063345.2,2018-04-16
400.2,400.58,380.8,381.4,35173,13414982.2,2018-04-17
386.2,386.2,360.2,370.84,62617,23220888.279999997,2018-04-18
375.05,395.2,371.86,395.16,44208,17469233.28,2018-04-19
396.2,409.2,383.43,385.46,41512,16001215.52,2018-04-20
381.21,395.53,381.21,389.21,32659,12711209.389999999,2018-04-23
391.2,408.7,390.2,405.08,47283,19153397.64,2018-04-24
404.2,407.2,398.22,406.17,25252,10256604.84,2018-04-25
407.2,407.48,388.2,393.43,35048,13788934.64,2018-04-26
400.45,403.56,370.2,377.73,57915,21876232.95,2018-04-27
375.2,384.19,360.26,383.03,70259,26911304.77,2018-05-02
381.2,388.88,373.2,386.08,36327,14025128.16,2018-05-03
386.18,390.03,375.77,378.07,37376,14130744.32,2018-05-04
375.15,417.08,372.97,413.37,85591,35380751.67,2018-05-07
413.23,427.33,413.23,424.03,62498,26501026.939999998,2018-05-08
424.28,427.5,412.32,417.15,32331,13486876.649999999,2018-05-09
418.7,431.2,418.7,429.39,39294,16872450.66,2018-05-10
433.89,445.7,430.9,433.22,39142,16957097.240000002,2018-05-11
439.2,458.2,439.2,457.61,51015,23344974.150000002,2018-05-14
461.2,461.64,449.2,458.26,38056,17439542.56,2018-05-15
455.2,460.86,448.48,449.72,30795,13849127.4,2018-05-16
450.32,452.7,439.2,442.58,28518,12621496.44,2018-05-17
439.19,456.2,436.39,454.52,29255,13296982.6,2018-05-18
459.2,462.5,447.68,450.02,29060,13077581.2,2018-05-21
450.42,455.04,445.22,454.77,16999,7730635.2299999995,2018-05-22
455.2,455.2,438.78,438.98,28269,12409525.620000001,2018-05-23
435.2,443.86,428.2,430.6,30416,13097129.600000001,2018-05-24
427.2,442.2,427.2,432.06,26511,11454342.66,2018-05-25
433.2,455.86,430.32,455.6,42805,19501958.0,2018-05-28
454.0,465.2,446.48,446.63,40820,18231436.6,2018-05-29
442.42,452.5,435.25,441.07,37147,16384427.29,2018-05-30
445.45,466.82,445.44,466.33,71853,33507209.49,2018-05-31
466.33,470.18,453.96,460.31,36178,16653095.18,2018-06-01
467.55,498.1,461.08,497.17,73806,36694129.02,2018-06-04
501.7,509.9,492.43,503.25,52630,26486047.5,2018-06-05
503.2,516.15,497.5,500.95,48969,24531020.55,2018-06-06
505.18,510.75,494.1,496.17,39168,19433986.560000002,2018-06-07
495.2,501.1,485.2,493.15,34958,17239537.7,2018-06-08
491.25,501.2,483.53,490.93,36548,17942509.64,2018-06-11
493.2,518.7,491.7,514.39,55287,28439079.93,2018-06-12
515.2,517.82,504.08,505.53,35244,17816899.32,2018-06-13
505.2,509.0,490.38,501.33,36160,18128092.8,2018-06-14
499.4,504.78,495.3,499.53,31708,15839097.239999998,2018-06-15
495.2,495.2,463.2,464.2,60196,27942983.2,2018-06-19
467.2,491.2,467.2,489.79,45838,22450994.02,2018-06-20
491.42,505.09,484.97,485.52,39183,19024130.16,2018-06-21
480.2,493.2,476.2,492.73,28855,14217724.15,2018-06-22
492.2,505.17,491.1,491.76,32934,16195623.84,2018-06-25
491.51,496.08,473.2,481.0,46578,22404018.0,2018-06-26
478.2,483.2,447.2,448.64,57298,25706174.72,2018-06-27
440.2,445.2,423.2,437.13,50834,22221066.419999998,2018-06-28
438.5,458.5,431.2,457.66,32929,15070286.14,2018-06-29
460.72,465.53,429.2,437.75,37558,16441014.5,2018-07-02
435.96,441.98,404.43,421.12,82837,34884317.44,2018-07-03
418.2,426.2,414.2,417.11,37991,15846426.01,2018-07-04
426.2,442.4,426.2,428.59,47124,20196875.16,2018-07-05
433.2,447.13,425.46,440.32,44157,19443210.24,2018-07-06
446.23,456.06,445.93,453.44,40573,18397421.12,2018-07-09
455.2,457.7,439.53,451.96,29010,13111359.6,2018-07-10
436.2,450.2,428.42,445.78,24278,10822646.84,2018-07-11
444.2,467.37,444.2,463.74,40170,18628435.8,2018-07-12
468.5,474.3,461.32,473.19,28907,13678503.33,2018-07-13
478.5,490.31,477.23,480.88,32475,15616578.0,2018-07-16
483.2,483.2,462.22,468.63,27806,13030725.78,2018-07-17
468.63,475.89,461.2,463.64,24522,11369380.08,2018-07-18
465.2,470.15,461.22,467.15,18079,8445604.85,2018-07-19
467.7,469.33,454.2,467.33,30549,14276464.17,2018-07-20
462.2,467.35,446.21,458.27,35970,16483971.899999999,2018-07-23
458.88,473.5,449.2,471.6,41809,19717124.400000002,2018-07-24
473.15,476.08,466.21,470.01,21744,10219897.44,2018-07-25
475.1,475.1,460.43,461.82,23067,10652801.94,2018-07-26
462.2,470.5,456.2,464.76,20914,9719990.64,2018-07-27
465.1,466.86,441.2,445.41,42172,18783830.52,2018-07-30
446.5,454.08,445.41,452.64,20683,9361953.12,2018-07-31
457.6,458.5,440.31,441.14,25238,11133491.32,2018-08-01
442.17,442.17,414.08,422.04,55001,23212622.040000003,2018-08-02
421.2,421.2,402.4,405.19,47337,19180479.03,2018-08-03
403.2,410.2,388.45,395.88,45248,17912778.24,2018-08-06
398.5,414.03,388.22,412.48,39086,16122193.280000001,2018-08-07
413.22,415.2,398.07,402.42,29685,11945837.700000001,2018-08-08
397.2,420.7,396.32,418.08,34486,14417906.879999999,2018-08-09
418.08,420.97,410.4,413.38,23818,9845884.84,2018-08-10
409.2,409.2,392.88,405.42,34570,14015369.4,2018-08-13
405.42,410.7,399.71,406.33,21697,8816142.01,2018-08-14
406.0,406.2,387.2,389.0,34997,13613833.0,2018-08-15
378.2,394.7,366.2,374.64,59940,22455921.599999998,2018-08-16
383.7,383.7,356.21,361.06,46575,16816369.5,2018-08-17
358.65,371.75,343.06,370.99,48852,18123603.48,2018-08-20
373.2,398.5,373.2,397.69,52249,20778904.81,2018-08-21
397.2,399.4,389.2,393.9,20676,8144276.399999999,2018-08-22
397.9,404.7,391.38,396.41,27357,10844588.370000001,2018-08-23
395.2,395.2,382.66,386.5,26090,10083785.0,2018-08-24
388.2,413.5,388.2,413.5,48017,19855029.5,2018-08-27
419.2,419.98,404.75,407.2,32489,13229520.799999999,2018-08-28
408.2,415.08,405.3,412.05,27404,11291818.200000001,2018-08-29
414.41,418.8,405.21,406.6,33788,13738200.8,2018-08-30
402.45,403.2,382.7,385.39,58981,22730687.59,2018-08-31
378.2,393.87,377.0,392.41,30180,11842933.8,2018-09-03
393.0,402.2,387.8,401.24,21540,8642709.6,2018-09-04
401.2,403.19,383.2,383.99,28983,11129182.17,2018-09-05
378.2,385.46,366.2,370.2,42371,15685744.2,2018-09-06
371.7,384.23,371.34,377.17,29240,11028450.8,2018-09-07
378.4,380.01,366.9,371.0,21202,7865942.0,2018-09-10
371.77,377.17,366.83,372.2,19497,7256783.399999999,2018-09-11
369.2,371.07,354.21,356.2,41157,14660123.4,2018-09-12
364.2,368.2,346.2,358.18,47713,17089842.34,2018-09-13
360.18,375.98,354.73,369.1,40900,15096190.0,2018-09-14
371.2,379.16,367.26,372.01,29113,10830327.129999999,2018-09-17
369.2,394.2,368.42,392.9,37859,14874801.1,2018-09-18
392.78,412.2,392.2,407.62,48222,19656251.64,2018-09-19
411.4,413.1,403.56,404.75,27519,11138315.25,2018-09-20
408.2,426.21,406.21,426.21,42617,18163791.57,2018-09-21
421.2,431.97,419.46,423.22,30640,12967460.8,2018-09-25
428.3,458.88,428.19,451.13,72288,32611285.44,2018-09-26
453.7,454.2,441.6,450.2,40509,18237151.8,2018-09-27
452.9,459.4,445.08,456.2,35090,16008058.0,2018-09-28
441.61,445.2,412.35,412.35,82745,34119900.75,2018-10-08
413.1,424.91,412.1,421.2,40223,16941927.599999998,2018-10-09
423.46,424.2,395.89,397.12,63098,25057477.76,2018-10-10
361.21,395.14,361.21,371.19,91582,33994322.58,2018-10-11
377.2,398.88,376.78,394.2,54473,21473256.599999998,2018-10-12
395.69,398.15,386.23,393.1,35607,13997111.700000001,2018-10-15
392.18,405.73,388.21,393.34,26394,10381815.959999999,2018-10-16
401.2,403.5,376.1,391.92,43077,16882737.84,2018-10-17
386.2,386.2,371.17,372.14,52156,19409333.84,2018-10-18
364.2,401.2,361.28,396.2,76199,30190043.8,2018-10-19
401.2,428.22,401.2,419.2,73109,30647292.8,2018-10-22
415.2,415.2,361.2,367.94,123113,45298197.22,2018-10-23
354.31,376.2,346.2,363.19,76113,27643480.47,2018-10-24
346.2,348.7,334.78,345.2,75568,26086073.599999998,2018-10-25
345.2,351.2,334.18,336.3,55327,18606470.1,2018-10-26
275.29,275.29,275.29,275.29,49076,13510132.040000001,2018-10-29
236.2,269.2,235.22,250.2,204397,51140129.4,2018-10-30
253.2,281.2,248.2,275.1,96885,26653063.500000004,2018-10-31
281.2,311.7,277.45,289.2,98107,28372544.4,2018-11-01
311.2,326.2,298.44,326.1,89157,29074097.700000003,2018-11-02
319.2,319.2,297.97,302.0,75517,22806134.0,2018-11-05
300.2,300.36,284.21,292.2,45566,13314385.2,2018-11-06
295.2,301.15,288.21,292.6,38108,11150400.8,2018-11-07
300.2,303.2,294.2,296.54,33764,10012376.56,2018-11-08
293.42,295.2,288.2,288.2,24337,7013923.399999999,2018-11-09
279.2,280.4,263.0,278.2,67824,18868636.8,2018-11-12
272.32,296.2,269.2,296.2,66429,19676269.8,2018-11-13
296.16,296.16,278.75,281.3,41767,11749057.1,2018-11-14
285.0,291.0,281.7,285.9,30833,8815154.7,2018-11-15
287.2,292.2,284.23,286.2,28939,8282341.8,2018-11-16
286.5,298.2,285.31,295.22,36179,10680764.38,2018-11-19
291.2,294.2,286.2,287.8,26943,7754195.4,2018-11-20
280.2,295.1,279.88,290.9,27107,7885426.3,2018-11-21
291.35,293.53,284.2,290.7,21213,6166619.1,2018-11-22
290.2,293.5,283.1,283.1,20126,5697670.600000001,2018-11-23
284.2,286.4,278.2,278.31,19120,5321287.2,2018-11-26
278.2,281.19,272.7,274.3,20234,5550186.2,2018-11-27
277.05,285.39,271.7,283.2,27738,7855401.6,2018-11-28
292.23,296.0,275.21,277.8,45069,12520168.200000001,2018-11-29
283.2,295.09,279.2,291.2,49010,14271712.0,2018-11-30
315.2,331.2,310.97,327.4,83415,27310070.999999996,2018-12-03
329.19,330.46,321.2,328.43,31474,10337005.82,2018-12-04
323.7,342.7,321.2,336.3,41588,13986044.4,2018-12-05
326.2,332.18,316.56,318.0,37758,12007044.0,2018-12-06
321.8,325.06,310.9,313.2,26842,8406914.4,2018-12-07
302.2,313.7,300.38,303.43,24641,7476818.63,2018-12-10
303.2,312.75,303.2,309.19,16317,5045053.2299999995,2018-12-11
314.99,315.4,309.0,315.2,19922,6279414.399999999,2018-12-12
316.2,333.08,315.8,327.95,40399,13248852.049999999,2018-12-13
324.21,326.0,318.2,319.16,24554,7836654.640000001,2018-12-14
318.77,322.17,311.21,316.72,24896,7885061.120000001,2018-12-17
312.08,317.74,311.2,317.14,19222,6096065.08,2018-12-18
315.2,317.19,302.23,304.0,25716,7817664.0,2018-12-19
302.42,307.7,295.09,300.7,26941,8101158.699999999,2018-12-20
297.2,299.65,288.41,293.61,30640,8996210.4,2018-12-21
289.7,297.11,284.2,294.2,19110,5622162.0,2018-12-24
288.42,293.7,279.81,291.99,26593,7764890.07,2018-12-25
290.01,294.6,284.2,286.28,17866,5114678.4799999995,2018-12-26
296.2,298.05,288.42,289.2,29494,8529664.799999999,2018-12-27
289.5,322.6,286.2,316.21,63678,20135620.38,2018-12-28
336.18,338.2,321.21,325.18,62286,20254161.48,2019-01-02
326.17,327.86,312.0,316.2,30977,9794927.4,2019-01-03
313.48,333.87,308.22,328.2,37683,12367560.6,2019-01-04
334.2,338.2,328.42,331.69,34750,11526227.5,2019-01-07
331.7,338.2,326.48,330.99,28838,9545089.620000001,2019-01-08
336.19,352.36,335.24,342.32,49892,17079029.44,2019-01-09
343.33,351.08,336.45,344.97,29044,10019308.680000002,2019-01-10
351.2,363.2,344.95,362.08,38884,14079118.719999999,2019-01-11
359.2,362.09,347.75,350.8,25649,8997669.200000001,2019-01-14
354.06,387.7,351.2,386.18,55765,21535327.7,2019-01-15
384.2,391.85,379.8,387.3,42084,16299133.200000001,2019-01-16
389.2,395.9,382.0,385.45,30285,11673353.25,2019-01-17
391.2,416.4,387.7,409.81,68609,28116654.29,2019-01-18
416.2,425.08,408.08,413.18,47052,19440945.36,2019-01-21
412.2,412.2,391.42,397.2,42122,16730858.4,2019-01-22
393.42,400.7,389.33,391.86,33625,13176292.5,2019-01-23
396.5,404.03,390.88,398.7,29155,11624098.5,2019-01-24
402.08,411.1,396.13,405.9,28986,11765417.399999999,2019-01-25
410.2,420.18,402.23,403.2,36103,14556729.6,2019-01-28
403.7,414.2,394.2,411.2,30343,12477041.6,2019-01-29
411.19,412.42,402.2,402.2,22700,9129940.0,2019-01-30
406.2,415.8,403.76,415.8,36697,15258612.6,2019-01-31
423.24,425.2,415.81,418.87,30521,12784331.27,2019-02-01
421.2,455.7,414.38,451.5,58141,26250661.5,2019-02-11
449.2,451.69,441.4,444.12,35091,15584614.92,2019-02-12
449.2,462.36,443.42,461.45,35677,16463151.65,2019-02-13
457.4,469.86,456.34,463.36,32258,14947066.88,2019-02-14
461.08,461.08,449.22,450.98,23238,10479873.24,2019-02-15
457.2,471.15,457.2,466.2,37746,17597185.2,2019-02-18
467.16,468.7,452.86,456.96,29502,13481233.92,2019-02-19
461.2,461.2,442.26,448.2,37882,16978712.4,2019-02-20
446.2,456.68,443.2,446.45,29850,13326532.5,2019-02-21
443.2,454.69,440.3,452.21,25909,11716308.889999999,2019-02-22
456.95,470.64,444.19,468.53,82623,38711354.19,2019-02-25
474.0,475.38,452.2,453.55,57965,26290025.75,2019-02-26
459.2,484.22,457.2,466.9,65942,30788319.799999997,2019-02-27
464.1,489.62,463.15,481.21,56986,27422233.06,2019-02-28
487.7,516.2,487.2,515.5,63840,32909520.0,2019-03-01
521.2,524.53,503.42,508.06,84586,42974763.160000004,2019-03-04
511.2,515.75,502.08,505.98,44831,22683589.38,2019-03-05
501.2,505.7,492.08,494.2,46731,23094460.2,2019-03-06
488.42,488.42,471.76,474.8,60181,28573938.8,2019-03-07
464.1,473.03,459.85,463.7,52275,24239917.5,2019-03-08
466.24,493.15,466.24,484.74,53057,25718850.18,2019-03-11
490.02,490.03,465.2,471.21,52510,24743237.099999998,2019-03-12
471.7,486.95,471.7,480.2,40561,19477392.2,2019-03-13
483.2,511.2,480.2,504.2,62173,31347626.599999998,2019-03-14
502.2,513.7,491.05,503.5,52401,26383903.5,2019-03-15
505.0,540.73,503.2,536.29,81319,43610566.51,2019-03-18
529.2,534.12,518.5,518.81,40635,21081844.349999998,2019-03-19
516.2,528.5,511.2,519.0,31118,16150242.0,2019-03-20
514.2,519.0,507.7,511.95,32573,16675747.35,2019-03-21
514.42,526.18,511.2,520.2,30518,15875463.600000001,2019-03-22
512.2,514.2,499.5,501.8,37270,18702086.0,2019-03-25
506.2,512.14,490.3,499.2,37596,18767923.2,2019-03-26
507.2,520.08,501.2,514.7,42807,22032762.900000002,2019-03-27
519.63,540.68,511.88,533.0,57567,30683211.0,2019-03-28
561.2,592.88,556.37,580.19,90934,52758997.46000001,2019-03-29
586.2,595.15,577.2,585.2,60935,35659162.0,2019-04-01
586.19,586.19,562.26,576.2,53227,30669397.400000002,2019-04-02
566.32,577.94,560.41,570.7,43057,24572629.900000002,2019-04-03
566.2,592.0,562.4,591.2,55772,32972406.400000002,2019-04-04
626.2,634.2,616.32,626.4,66252,41500252.8,2019-04-08
629.2,634.4,618.71,631.2,47990,30291288.000000004,2019-04-09
629.2,678.1,626.2,674.19,67814,45719520.660000004,2019-04-10
674.2,676.2,631.75,651.4,61103,39802494.199999996,2019-04-11
635.2,646.19,626.21,640.2,48612,31121402.400000002,2019-04-12
657.2,665.2,633.2,633.2,45523,28825163.6,2019-04-15
631.1,666.1,627.42,666.1,46423,30922360.3,2019-04-16
664.2,681.71,651.2,678.2,40761,27644110.200000003,2019-04-17
671.61,680.88,662.42,671.7,19599,13164648.3,2019-04-18
670.16,687.15,657.51,678.76,32380,21978248.8,2019-04-19
685.7,705.09,666.81,675.4,40628,27440151.2,2019-04-22
677.2,707.42,675.4,701.15,48852,34252579.8,2019-04-23
706.08,716.2,677.42,696.2,45227,31487037.400000002,2019-04-24
694.99,700.19,677.42,678.57,39801,27007764.57,2019-04-25
672.5,686.08,671.2,671.2,43278,29048193.6,2019-04-26
671.2,715.2,661.2,698.17,52572,36704193.239999995,2019-04-29
694.2,711.16,689.31,700.2,35943,25167288.6,2019-04-30
651.7,661.2,619.2,632.2,135100,85410220.0,2019-05-06
619.48,640.14,596.42,616.2,100837,62135759.400000006,2019-05-07
586.2,628.0,586.2,610.6,81883,49997759.800000004,2019-05-08
601.2,606.07,568.7,585.01,91545,53554740.449999996,2019-05-09
601.86,636.98,594.39,633.32,79907,50606701.24,2019-05-10
625.06,637.18,610.2,618.2,46637,28830993.400000002,2019-05-13
611.2,632.2,599.2,612.77,59983,36755782.91,2019-05-14
616.44,659.2,616.44,653.2,63124,41232596.800000004,2019-05-15
645.2,658.2,631.2,656.11,44540,29223139.400000002,2019-05-16
653.22,658.5,626.3,632.99,49842,31549487.580000002,2019-05-17
626.2,626.2,597.2,611.16,44408,27140393.279999997,2019-05-20
611.2,636.2,598.22,621.2,42386,26330183.200000003,2019-05-21
621.18,630.2,606.2,614.2,32042,19680196.400000002,2019-05-22
607.2,610.18,582.42,587.2,58059,34092244.800000004,2019-05-23
591.2,611.2,590.64,604.7,44034,26627359.8,2019-05-24
605.3,609.19,586.25,605.2,39162,23700842.400000002,2019-05-27
604.19,633.69,601.22,614.2,74773,45925576.6,2019-05-28
614.21,651.15,614.21,638.11,65647,41890007.17,2019-05-29
636.2,646.19,617.42,631.5,40247,25415980.5,2019-05-30
626.73,633.19,616.2,616.2,35794,22056262.8,2019-05-31
618.2,627.55,612.48,618.2,34479,21314917.8,2019-06-03
621.2,621.63,597.2,601.5,39689,23872933.5,2019-06-04
610.2,612.46,596.2,597.8,34067,20365252.599999998,2019-06-05
601.82,601.97,584.2,588.33,34787,20466235.71,2019-06-06
584.18,605.15,566.2,597.28,55502,33150234.56,2019-06-10
602.2,641.81,601.2,637.09,80106,51034731.54,2019-06-11
632.42,637.19,620.2,632.9,37747,23890076.3,2019-06-12
636.2,638.5,623.2,636.2,32917,20941795.400000002,2019-06-13
637.2,658.5,636.22,639.2,42455,27137236.000000004,2019-06-14
633.2,653.14,632.22,637.8,32769,20900068.2,2019-06-17
643.2,646.2,628.8,643.2,29441,18936451.200000003,2019-06-18
666.2,672.9,658.21,658.21,53726,35362990.46,2019-06-19
658.7,701.7,658.4,701.2,67272,47171126.400000006,2019-06-20
696.17,710.69,690.7,702.5,45927,32263717.5,2019-06-21
704.5,725.89,701.2,713.3,45779,32654160.7,2019-06-24
718.2,725.2,693.2,709.18,51296,36378097.279999994,2019-06-25
711.2,711.2,697.42,706.06,29588,20890903.279999997,2019-06-26
711.2,727.2,707.32,722.55,47978,34666503.9,2019-06-27
726.73,729.62,712.07,724.74,31088,22530717.12,2019-06-28
745.26,776.34,740.96,772.6,52337,40435566.2,2019-07-01
765.74,770.24,756.74,765.74,39061,29910570.14,2019-07-02
760.74,763.74,722.24,728.64,67139,48920160.96,2019-07-03
726.54,731.54,711.96,721.94,46217,33365900.980000004,2019-07-04
726.74,746.74,717.04,740.56,50033,37052438.48,2019-07-05
735.79,738.64,715.74,725.6,33614,24390318.400000002,2019-07-08
720.04,729.74,709.09,716.8,31723,22739046.4,2019-07-09
721.67,731.32,717.74,723.26,28167,20372064.419999998,2019-07-10
730.7,739.12,716.74,722.24,30514,22038431.36,2019-07-11
722.04,732.24,720.75,726.83,28174,20477708.42,2019-07-12
708.54,720.84,691.87,716.67,59870,42907032.9,2019-07-15
716.19,723.04,705.74,708.74,33245,23562061.3,2019-07-16
708.74,713.73,702.87,704.24,25469,17936288.56,2019-07-17
702.24,703.74,687.92,688.24,39253,27015484.72,2019-07-18
695.74,701.54,688.74,696.61,28015,19515529.150000002,2019-07-19
700.74,704.74,690.99,697.76,28125,19624500.0,2019-07-22
703.04,703.33,684.6,694.72,32484,22567284.48,2019-07-23
699.05,700.64,685.43,687.1,46771,32136354.1,2019-07-24
686.71,704.1,678.89,703.74,38256,26922277.44,2019-07-25
702.71,711.74,699.29,705.77,26468,18680320.36,2019-07-26
702.77,720.24,700.75,717.15,26981,19349424.15,2019-07-29
717.24,723.74,711.74,719.67,19538,14060912.459999999,2019-07-30
715.74,722.51,707.33,713.34,22526,16068696.84,2019-07-31
717.25,717.74,693.76,700.04,35090,24564403.599999998,2019-08-01
684.74,698.72,683.74,695.19,39719,27612251.610000003,2019-08-02
685.74,694.74,680.74,683.17,36774,25122893.58,2019-08-05
671.74,688.74,664.54,687.04,43991,30223576.639999997,2019-08-06
690.24,696.27,685.74,685.74,26870,18425833.8,2019-08-07
694.24,714.74,692.74,712.42,38808,27647595.36,2019-08-08
719.24,721.69,699.73,702.77,28462,20002239.74,2019-08-09
751.05,760.84,735.75,759.37,81499,61887895.63,2019-08-12
756.9,766.74,751.42,758.69,30330,23011067.700000003,2019-08-13
770.76,792.64,770.76,784.07,41411,32469122.770000003,2019-08-14
768.74,787.22,768.74,785.64,27237,21398476.68,2019-08-15
790.58,816.32,781.74,795.34,36087,28701434.580000002,2019-08-16
801.74,810.72,789.79,796.62,32868,26183306.16,2019-08-19
795.74,814.42,790.74,810.74,28602,23188785.48,2019-08-20
810.84,817.71,802.4,806.74,25067,20222551.580000002,2019-08-21
813.73,844.74,810.74,844.74,37591,31754621.34,2019-08-22
845.74,874.3,836.36,870.84,40192,35000801.28,2019-08-23
853.74,868.74,837.42,843.69,48498,40917277.620000005,2019-08-26
857.74,872.05,849.74,849.74,52164,44325837.36,2019-08-27
849.74,863.93,823.75,840.85,47010,39528358.5,2019-08-28
845.74,858.92,833.24,853.84,29330,25043127.2,2019-08-29
865.74,886.74,863.74,882.74,44891,39627081.34,2019-08-30
880.73,885.72,869.74,879.5,28234,24831803.0,2019-09-02
880.74,891.76,869.3,880.74,29485,25968618.9,2019-09-03
881.54,883.65,860.85,865.75,33600,29089200.0,2019-09-04
869.74,885.64,868.74,884.74,32931,29135372.94,2019-09-05
885.24,886.89,871.74,883.23,26177,23120311.71,2019-09-06
885.74,888.74,875.74,877.26,29379,25773021.54,2019-09-09
875.04,875.74,860.75,864.59,26227,22675601.93,2019-09-10
859.96,860.71,808.74,810.26,81717,66212016.42,2019-09-11
806.74,850.72,806.74,839.74,41211,34606525.14,2019-09-12
823.74,844.69,823.74,839.74,31372,26344323.28,2019-09-16
834.74,847.4,827.74,834.75,25197,21033195.75,2019-09-17
849.24,890.74,848.92,889.64,69314,61664506.96,2019-09-18
888.74,890.74,877.84,885.74,24480,21682915.2,2019-09-19
891.74,900.74,888.33,898.16,37627,33795066.32,2019-09-20
897.74,897.74,871.74,889.74,30026,26715333.240000002,2019-09-23
895.74,925.64,892.74,924.74,36269,33539395.06,2019-09-24
920.74,929.61,911.24,914.74,24025,21976628.5,2019-09-25
915.68,924.09,899.55,907.74,26082,23675674.68,2019-09-26
904.74,923.74,893.74,915.49,22827,20897890.23,2019-09-27
903.74,910.17,890.74,890.74,30825,27457060.5,2019-09-30
893.74,920.74,892.75,907.84,31045,28183892.8,2019-10-08
906.94,906.94,875.79,887.55,35789,31764526.95,2019-10-09
867.74,899.67,849.76,895.74,41174,36881198.76,2019-10-10
897.74,915.74,892.95,915.34,28689,26260189.26,2019-10-11
926.74,928.4,910.74,920.74,27188,25033079.12,2019-10-14
920.74,956.42,917.77,951.74,40035,38102910.9,2019-10-15
908.74,928.24,900.74,910.74,59151,53871181.74,2019-10-16
916.74,927.4,903.24,924.07,30509,28192451.630000003,2019-10-17
919.74,930.73,912.43,916.53,28292,25930466.759999998,2019-10-18
912.6,919.64,904.04,909.24,25275,22981041.0,2019-10-21
918.74,922.24,904.63,911.54,19309,17600925.86,2019-10-22
908.74,918.74,896.85,899.65,23080,20763922.0,2019-10-23
905.69,906.74,887.9,891.01,26178,23324859.78,2019-10-24
894.04,913.24,883.77,912.09,25998,23712515.82,2019-10-25
906.75,921.75,905.74,919.03,22486,20665308.58,2019-10-28
921.85,940.7,918.51,933.74,27804,25961706.96,2019-10-29
930.74,933.44,916.74,924.54,21255,19651097.7,2019-10-30
936.74,938.74,916.89,920.75,25909,23855711.75,2019-10-31
921.74,932.69,913.24,925.74,22812,21117980.88,2019-11-01
930.74,950.73,929.74,940.33,26738,25142543.540000003,2019-11-04
940.24,945.74,932.74,939.74,22255,20913913.7,2019-11-05
937.74,944.74,929.62,933.74,19738,18430160.12,2019-11-06
937.25,942.62,929.74,942.11,16168,15232034.48,2019-11-07
945.74,956.39,942.25,945.74,24512,23181978.88,2019-11-08
942.24,946.94,934.25,939.74,17342,16296971.08,2019-11-11
944.74,950.34,938.95,942.34,19151,18046753.34,2019-11-12
947.74,968.54,940.74,964.74,31977,30849490.98,2019-11-13
967.74,980.74,962.74,970.74,23521,22832775.54,2019-11-14
970.74,973.65,962.24,965.64,16341,15779523.24,2019-11-15
965.86,970.19,958.74,968.02,18038,17461144.759999998,2019-11-18
968.74,982.35,965.76,973.06,20624,20068389.439999998,2019-11-19
970.74,980.25,968.8,974.49,15281,14891181.69,2019-11-20
971.74,976.25,961.8,972.04,19187,18650531.48,2019-11-21
963.74,969.74,925.74,934.74,47054,43983255.96,2019-11-22
928.79,934.74,912.8,922.8,38282,35326629.6,2019-11-25
927.42,939.34,923.74,925.74,40240,37251777.6,2019-11-26
933.54,937.36,925.25,930.69,19849,18473265.810000002,2019-11-27
935.71,938.25,909.76,916.54,28845,26437596.3,2019-11-28
906.24,906.24,853.63,869.74,82397,71663966.78,2019-11-29
858.94,880.76,858.94,873.74,30784,26897212.16,2019-12-02
873.74,873.74,858.48,858.74,27341,23478810.34,2019-12-03
880.74,885.4,858.74,863.07,35283,30451698.810000002,2019-12-04
865.74,872.75,858.74,870.54,21339,18576453.06,2019-12-05
876.71,910.74,870.84,910.74,39506,35979694.44,2019-12-06
915.74,916.74,896.84,899.44,21824,19629378.560000002,2019-12-09
900.34,905.74,891.74,905.14,15087,13655847.18,2019-12-10
908.74,911.49,896.29,899.72,14568,13107120.96,2019-12-11
896.74,900.68,870.82,877.74,29409,25813455.66,2019-12-12
886.74,905.74,886.74,903.74,30001,27113103.740000002,2019-12-13
903.74,903.74,878.68,888.66,30936,27491585.759999998,2019-12-16
890.44,914.34,883.77,910.72,42617,38812154.24,2019-12-17
914.74,915.94,904.74,908.74,19640,17847653.6,2019-12-18
903.74,903.74,892.74,898.14,19552,17560433.28,2019-12-19
902.92,902.92,882.24,887.04,23564,20902210.56,2019-12-20
879.74,903.24,876.74,890.04,25919,23068946.759999998,2019-12-23
893.74,895.74,885.74,888.74,11823,10507573.02,2019-12-24
883.74,883.74,870.75,874.44,24306,21254138.64,2019-12-25
872.74,882.72,860.73,875.84,22877,20036591.68,2019-12-26
890.74,912.74,890.74,903.74,47066,42535426.84,2019-12-27
910.94,936.24,910.94,926.54,40761,37766696.94,2019-12-30
923.74,928.74,917.25,923.74,22589,20866362.86,2019-12-31
868.74,885.8,856.74,870.74,148099,128955723.26,2020-01-02
857.74,857.74,817.64,819.3,130319,106770356.69999999,2020-01-03
811.6,833.64,808.04,818.73,63415,51919762.95,2020-01-06
818.24,839.74,817.14,835.27,47854,39971010.58,2020-01-07
825.79,836.24,823.32,828.88,25008,20728631.04,2020-01-08
834.74,846.13,830.74,843.44,37406,31549716.64,2020-01-09
849.74,856.73,843.24,853.24,35976,30696162.240000002,2020-01-10
853.24,869.94,852.74,865.01,38516,33316725.16,2020-01-13
864.94,865.63,843.74,848.14,35145,29807880.3,2020-01-14
849.75,862.34,845.74,852.87,26029,22199353.23,2020-01-15
859.61,859.61,843.32,847.74,23192,19660786.080000002,2020-01-16
850.74,853.52,841.75,848.24,23473,19910737.52,2020-01-17
852.6,852.6,822.74,831.74,35391,29436110.34,2020-01-20
821.74,827.74,813.04,816.04,32874,26826498.959999997,2020-01-21
810.74,824.74,796.12,816.25,36200,29548250.0,2020-01-22
816.74,816.74,777.74,793.54,53468,42428996.72,2020-01-23
725.74,751.42,720.74,744.66,123443,91923064.38,2020-02-03
755.74,797.74,751.75,778.75,62624,48768440.0,2020-02-04
790.74,794.74,773.77,790.73,47418,37494835.14,2020-02-05
800.17,815.74,792.76,811.74,47171,38290587.54,2020-02-06
810.75,817.74,801.76,816.74,31279,25546810.46,2020-02-07
802.74,815.34,797.94,807.23,30533,24647153.59,2020-02-10
803.74,840.42,803.54,838.74,47918,40190743.32,2020-02-11
829.74,839.53,826.62,838.01,28125,23569031.25,2020-02-12
838.74,854.63,828.75,831.74,30357,25249131.18,2020-02-13
831.19,834.25,823.85,828.74,23288,19299697.12,2020-02-14
823.24,836.93,823.14,834.56,27028,22556487.68,2020-02-17
830.75,837.62,823.74,824.74,26665,21991692.1,2020-02-18
825.74,842.24,818.74,837.24,37051,31020579.240000002,2020-02-19
837.44,864.74,836.15,858.74,46803,40191608.22,2020-02-20
852.2,864.28,850.75,853.62,28940,24703762.8,2020-02-21
846.24,850.74,826.24,827.92,38650,31999108.0,2020-02-24
818.74,822.83,808.62,815.55,38386,31305702.299999997,2020-02-25
802.74,824.74,795.74,814.44,43561,35477820.84,2020-02-26
816.74,835.73,816.74,828.13,34498,28568828.74,2020-02-27
811.04,822.74,790.71,797.74,49947,39844719.78,2020-02-28
790.85,837.29,790.75,826.75,47663,39405385.25,2020-03-02
838.74,859.62,838.74,853.74,50250,42900435.0,2020-03-03
865.74,879.74,856.98,869.66,53793,46781620.379999995,2020-03-04
877.05,915.73,871.3,911.74,62426,56916281.24,2020-03-05
903.74,916.74,892.72,896.24,30641,27461689.84,2020-03-06
875.74,875.74,852.05,854.75,43404,37099569.0,2020-03-09
853.74,908.74,853.74,896.74,58063,52067414.62,2020-03-10
896.24,910.32,881.74,899.26,35548,31966894.48,2020-03-11
881.96,893.74,865.84,879.24,36631,32207440.44,2020-03-12
830.74,869.72,820.74,852.77,75885,64712451.449999996,2020-03-13
844.72,848.69,802.74,807.74,51233,41382943.42,2020-03-16
795.74,818.74,751.86,785.84,79359,62363476.56,2020-03-17
780.74,800.74,748.73,748.73,73460,55001705.800000004,2020-03-18
734.73,755.74,700.84,736.74,102265,75342716.1,2020-03-19
751.74,783.74,751.74,776.02,60139,46669066.78,2020-03-20
740.74,776.02,732.26,759.74,48472,36826117.28,2020-03-23
783.74,799.62,775.74,796.74,46651,37168717.74,2020-03-24
828.72,832.1,814.94,820.84,37049,30411301.16,2020-03-25
814.07,831.94,802.74,805.66,30049,24209277.34,2020-03-26
825.74,832.74,815.75,816.24,36261,29597678.64,2020-03-27
800.99,817.74,797.74,812.74,30687,24940552.38,2020-03-30
822.74,855.74,822.54,851.74,47984,40869892.160000004,2020-03-31
857.74,869.74,843.74,843.74,33205,28016386.7,2020-04-01
844.74,885.74,844.62,885.74,45206,40040762.44,2020-04-02
879.77,888.7,872.72,880.53,27618,24318477.54,2020-04-03
902.69,907.24,889.63,900.69,43488,39169206.72,2020-04-07
892.74,907.05,892.74,900.5,24224,21813712.0,2020-04-08
906.74,909.74,888.7,899.24,22817,20517959.080000002,2020-04-09
898.62,922.24,894.24,905.74,27804,25183194.96,2020-04-10
905.74,910.72,889.24,903.04,15981,14431482.24,2020-04-13
916.74,932.29,906.74,925.84,36800,34070912.0,2020-04-14
932.74,944.73,927.84,930.34,29332,27288732.880000003,2020-04-15
933.71,937.84,924.84,937.84,21728,20377387.52,2020-04-16
950.74,975.3,945.75,966.74,38246,36973938.04,2020-04-17
961.74,972.24,957.54,968.04,24239,23464321.56,2020-04-20
961.76,964.73,933.74,940.74,29224,27492185.76,2020-04-21
946.74,990.24,942.96,985.24,44035,43385043.4,2020-04-22
990.74,1006.42,988.51,993.0,26899,26710707.0,2020-04-23
988.74,1000.63,975.92,991.3,19122,18955638.599999998,2020-04-24
997.74,1018.91,991.7,1016.74,25904,26337632.96,2020-04-27
1026.05,1040.68,1012.62,1019.87,34662,35350733.94,2020-04-28
1018.54,1028.84,998.74,1015.64,23444,23810664.16,2020-04-29
1011.74,1025.75,999.62,1006.44,24661,24819816.84,2020-04-30
991.74,1040.74,990.74,1040.74,35835,37294917.9,2020-05-06
1040.14,1055.73,1033.74,1052.74,27935,29408291.9,2020-05-07
1057.74,1078.74,1049.25,1055.35,29079,30688522.65,2020-05-08
1060.74,1075.74,1054.41,1063.75,23671,25180026.25,2020-05-11
1058.74,1075.73,1056.74,1073.74,19722,21176300.28,2020-05-12
1073.74,1078.73,1063.62,1076.69,22014,23702253.66,2020-05-13
1070.74,1075.62,1065.85,1067.33,18575,19825654.75,2020-05-14
1069.74,1074.24,1042.62,1053.74,26398,27816628.52,2020-05-15
1046.74,1092.24,1045.87,1086.95,34362,37349775.9,2020-05-18
1104.74,1104.74,1078.74,1086.85,24787,26939750.95,2020-05-19
1086.85,1099.92,1077.55,1091.74,21183,23126328.42,2020-05-20
1095.74,1112.7,1093.6,1106.84,23052,25514875.68,2020-05-21
1106.74,1106.84,1063.62,1068.94,34427,36800397.38,2020-05-22
1070.74,1107.32,1061.74,1103.64,31561,34831982.04000001,2020-05-25
1110.62,1110.69,1095.74,1098.74,22470,24688687.8,2020-05-26
1099.74,1100.74,1073.74,1078.74,26777,28885420.98,2020-05-27
1078.71,1087.68,1061.87,1084.74,26486,28730423.64,2020-05-28
1072.84,1110.72,1072.84,1107.34,30444,33711858.96,2020-05-29
1121.74,1160.84,1121.74,1160.24,35480,41165315.2,2020-06-01
1156.75,1168.64,1147.4,1151.45,25960,29891642.0,2020-06-02
1155.74,1158.24,1136.51,1140.04,23557,26855922.279999997,2020-06-03
1136.74,1151.74,1136.74,1148.73,18037,20719643.01,2020-06-04
1145.99,1169.62,1141.82,1165.74,18347,21387831.78,2020-06-05
1165.74,1175.74,1142.75,1146.84,29300,33602412.0,2020-06-08
1148.74,1165.74,1141.42,1157.29,22612,26168641.48,2020-06-09
1165.74,1174.07,1157.74,1164.4,22701,26433044.400000002,2020-06-10
1151.75,1158.73,1137.73,1141.2,30712,35048534.4,2020-06-11
1127.91,1157.11,1124.05,1157.11,28427,32893165.97,2020-06-12
1142.74,1152.34,1121.74,1123.74,34615,38898260.1,2020-06-15
1139.24,1154.74,1133.87,1144.62,29207,33430916.339999996,2020-06-16
1152.6,1152.64,1135.76,1145.74,19453,22288080.22,2020-06-17
1145.64,1153.94,1140.84,1153.74,21010,24240077.4,2020-06-18
1160.74,1185.94,1155.84,1180.58,38958,45993035.64,2020-06-19
1175.84,1184.63,1173.94,1179.74,23247,27425415.78,2020-06-22
1175.74,1222.74,1174.26,1215.24,33934,41237954.160000004,2020-06-23
1221.37,1223.48,1202.77,1217.78,25139,30613771.419999998,2020-06-24
1205.77,1223.77,1194.78,1220.94,28081,34285216.14,2020-06-29
1220.89,1226.75,1212.89,1220.65,22446,27398709.900000002,2020-06-30
1225.77,1263.87,1221.79,1252.04,38682,48431411.28,2020-07-01
1256.77,1308.67,1252.77,1301.77,45884,59730414.68,2020-07-02
1307.77,1310.27,1274.65,1299.56,35126,45648344.559999995,2020-07-03
1295.77,1373.77,1289.58,1357.77,51822,70362356.94,2020-07-06
1360.86,1502.59,1358.77,1445.77,66664,96380811.28,2020-07-07
1437.77,1476.77,1417.77,1439.11,53170,76517478.69999999,2020-07-08
1448.77,1469.77,1439.77,1463.77,35033,51280254.41,2020-07-09
1446.77,1494.37,1446.71,1471.62,37100,54597101.99999999,2020-07-10
1472.45,1544.77,1472.45,1539.76,60727,93505005.52,2020-07-13
1539.76,1539.8,1506.17,1519.77,46094,70052278.38,2020-07-14
1502.65,1540.37,1502.48,1510.3,40713,61488843.9,2020-07-15
1487.68,1487.68,1357.77,1371.77,102242,140252508.34,2020-07-16
1377.77,1430.36,1377.77,1405.82,65902,92646349.64,2020-07-17
1410.27,1421.76,1346.65,1394.73,45280,63153374.4,2020-07-20
1404.41,1460.57,1388.76,1425.77,41970,59839566.9,2020-07-21
1415.77,1467.77,1415.77,1435.85,39201,56286755.849999994,2020-07-22
1429.77,1448.77,1407.77,1433.77,34321,49208420.17,2020-07-23
1412.62,1423.77,1342.77,1353.07,78752,106556968.64,2020-07-24
1373.78,1387.57,1357.77,1380.32,38788,53539852.16,2020-07-27
1387.77,1437.77,1387.77,1427.77,54912,78401706.24,2020-07-28
1447.77,1447.77,1390.77,1429.77,50748,72557967.96,2020-07-29
1428.97,1458.36,1428.27,1437.77,38373,55171548.21,2020-07-30
1442.77,1462.77,1403.77,1435.95,40685,58421625.75,2020-07-31
1444.65,1454.35,1417.77,1425.77,34661,49418613.97,2020-08-03
1432.77,1440.76,1417.77,1427.76,31941,45604082.16,2020-08-04
1419.86,1430.86,1401.08,1425.77,25522,36388501.94,2020-08-05
1427.77,1431.8,1387.77,1395.73,32649,45569188.77,2020-08-06
1402.54,1407.44,1356.27,1388.77,34242,47554262.339999996,2020-08-07
1385.74,1402.73,1365.88,1391.76,23624,32878938.24,2020-08-10
1397.77,1424.2,1397.77,1400.28,35818,50155229.04,2020-08-11
1390.77,1398.77,1363.02,1384.72,27934,38680768.480000004,2020-08-12
1387.77,1396.65,1366.77,1392.77,20541,28608888.57,2020-08-13
1397.67,1423.47,1388.77,1418.77,37653,53420946.81,2020-08-14
1431.77,1462.12,1427.77,1447.77,43572,63082234.44,2020-08-17
1455.15,1477.77,1448.77,1462.77,30423,44501851.71,2020-08-18
1457.77,1474.77,1440.76,1444.77,26915,38885984.55,2020-08-19
1431.77,1436.77,1413.77,1421.77,22382,31822056.14,2020-08-20
1430.77,1455.77,1428.77,1433.77,25082,35961819.14,2020-08-21
1457.77,1465.77,1448.78,1454.12,30933,44980293.95999999,2020-08-24
1462.57,1504.55,1456.4,1484.77,41872,62170289.44,2020-08-25
1491.77,1502.77,1472.79,1484.77,26216,38924730.32,2020-08-26
1489.76,1491.75,1462.77,1488.77,22636,33699797.72,2020-08-27
1488.77,1521.77,1479.27,1514.77,42300,64074771.0,2020-08-28
1528.35,1573.77,1528.35,1544.27,47810,73831548.7,2020-08-31
1549.77,1559.77,1532.78,1559.75,31640,49350490.0,2020-09-01
1582.77,1585.77,1527.77,1552.77,32009,49702614.93,2020-09-02
1552.77,1569.77,1537.47,1550.77,30437,47200786.49,2020-09-03
1523.77,1534.76,1503.77,1527.77,30858,47143926.66,2020-09-04
1517.77,1535.76,1461.74,1481.27,31112,46085272.24,2020-09-07
1489.77,1495.57,1434.84,1469.17,34472,50645228.24,2020-09-08
1457.44,1468.77,1437.81,1445.77,25964,37537972.28,2020-09-09
1461.51,1477.77,1457.77,1463.57,24778,36264337.46,2020-09-10
1445.77,1493.77,1445.77,1490.77,31088,46345057.76,2020-09-11
1502.77,1526.77,1488.35,1523.77,31056,47322201.12,2020-09-14
1527.76,1527.76,1505.52,1517.77,20821,31601489.169999998,2020-09-15
1517.77,1522.58,1476.77,1482.87,22516,33388300.919999998,2020-09-16
1457.77,1457.77,1415.77,1428.29,63680,90953507.2,2020-09-17
1422.77,1452.77,1392.78,1452.77,47201,68572196.77,2020-09-18
1450.53,1450.53,1424.43,1424.57,22444,31973049.08,2020-09-21
1407.77,1444.75,1407.77,1423.46,23265,33116796.900000002,2020-09-22
1392.77,1423.78,1378.79,1407.75,35726,50293276.5,2020-09-23
1393.74,1416.65,1384.57,1387.09,30051,41683441.589999996,2020-09-24
1387.77,1407.77,1382.77,1392.88,22583,31455409.040000003,2020-09-25
1392.96,1426.27,1392.96,1418.77,24232,34379634.64,2020-09-28
1427.1,1427.17,1410.07,1410.07,17431,24578930.169999998,2020-09-29
1417.77,1449.67,1417.77,1426.27,27088,38634801.76,2020-09-30
1449.77,1464.19,1445.77,1453.77,34240,49777084.8,2020-10-09
1457.77,1508.38,1457.77,1508.38,43729,65959949.02,2020-10-12
1508.39,1508.39,1492.77,1496.77,22944,34341890.88,2020-10-13
1497.77,1504.75,1483.77,1486.77,20481,30450536.37,2020-10-14
1478.9,1492.77,1478.77,1482.77,16204,24026805.08,2020-10-15
1482.77,1492.35,1460.77,1469.77,17377,25540193.29,2020-10-16
1482.77,1491.75,1449.67,1456.77,19226,28007860.02,2020-10-19
1457.76,1492.74,1452.77,1491.77,27735,41374240.95,2020-10-20
1491.87,1499.92,1480.77,1491.1,18901,28183281.099999998,2020-10-21
1487.77,1502.77,1473.28,1500.27,22481,33727569.87,2020-10-22
1498.55,1505.36,1471.77,1473.1,19292,28419045.2,2020-10-23
1376.77,1420.69,1357.77,1400.77,66015,92471831.55,2020-10-26
1400.77,1401.77,1373.89,1382.77,43944,60764444.88,2020-10-27
1383.77,1434.77,1382.85,1422.58,34637,49273903.46,2020-10-28
1412.61,1465.77,1404.77,1433.77,39374,56453259.98,2020-10-29
1435.77,1453.77,1422.77,1427.79,26055,37201068.449999996,2020-10-30
1432.77,1452.77,1429.77,1431.78,21066,30161877.48,2020-11-02
1442.76,1463.67,1433.27,1452.77,23497,34135736.69,2020-11-03
1457.77,1461.77,1442.77,1457.35,16444,23964663.4,2020-11-04
1474.77,1490.25,1469.87,1479.67,23524,34807757.08,2020-11-05
1488.32,1489.36,1447.77,1458.39,23052,33618806.28,2020-11-06
1459.15,1508.45,1458.39,1500.34,41470,62219099.8,2020-11-09
1510.69,1522.25,1493.77,1502.77,30189,45367123.53,2020-11-10
1502.77,1535.27,1488.77,1489.12,34851,51897321.12,2020-11-11
1487.78,1507.77,1480.04,1492.56,23473,35034860.879999995,2020-11-12
1481.77,1486.65,1448.77,1462.77,28155,41184289.35,2020-11-13
1468.77,1487.82,1455.03,1487.82,30613,45546633.66,2020-11-16
1497.77,1500.12,1458.84,1473.57,25224,37169329.68,2020-11-17
1472.77,1478.3,1440.93,1451.42,35179,51059504.18,2020-11-18
1442.27,1482.77,1438.37,1477.96,27816,41110935.36,2020-11-19
1477.77,1493.77,1470.42,1477.73,21875,32325343.75,2020-11-20
1528.78,1567.67,1528.78,1547.98,66637,103152743.26,2020-11-23
1527.76,1540.27,1509.24,1521.27,32465,49388030.55,2020-11-24
1519.27,1526.65,1481.77,1484.65,28226,41905730.900000006,2020-11-25
1483.77,1497.76,1482.95,1492.16,23228,34659892.480000004,2020-11-26
1490.43,1497.8,1475.77,1495.67,21569,32260106.23,2020-11-27
1492.77,1496.67,1471.68,1471.68,31940,47005459.2,2020-11-30
1483.77,1496.76,1477.78,1494.77,28196,42146534.92,2020-12-01
1503.77,1506.77,1488.77,1495.78,23572,35258526.16,2020-12-02
1495.78,1513.43,1489.87,1506.77,29506,44458755.62,2020-12-03
1509.77,1557.87,1509.77,1550.88,62491,96916042.08000001,2020-12-04
1560.47,1598.16,1558.32,1570.17,58331,91589586.27000001,2020-12-07
1572.77,1632.77,1570.77,1607.77,61454,98803897.58,2020-12-08
1623.72,1623.77,1596.77,1597.77,31152,49773731.04,2020-12-09
1597.77,1607.54,1585.77,1590.67,32654,51941738.18,2020-12-10
1592.55,1595.09,1562.58,1577.77,30776,48557449.519999996,2020-12-11
1585.54,1587.75,1572.77,1586.77,33052,52445922.04,2020-12-14
1591.27,1594.99,1562.77,1573.78,29605,46591756.9,2020-12-15
1588.27,1603.44,1577.98,1597.77,32150,51368305.5,2020-12-16
1603.27,1625.77,1597.77,1623.28,36031,58488401.68,2020-12-17
1609.58,1626.78,1598.85,1602.77,27077,43398203.29,2020-12-18
1597.77,1609.0,1595.37,1600.27,30697,49123488.19,2020-12-21
1607.74,1656.76,1600.28,1638.77,40651,66617639.269999996,2020-12-22
1655.76,1663.97,1578.79,1599.42,47706,76301930.52000001,2020-12-23
1575.77,1616.65,1552.79,1588.11,37857,60121080.269999996,2020-12-24
1560.76,1604.77,1557.77,1587.77,23088,36658433.76,2020-12-25
1584.37,1646.57,1583.82,1630.77,30080,49053561.6,2020-12-28
1630.77,1644.57,1612.77,1624.77,22868,37155240.36,2020-12-29
1627.77,1690.77,1627.76,1690.77,34452,58250408.04,2020-12-30
1698.77,1756.75,1696.77,1755.77,38860,68229222.2,2020-12-31
1757.75,1762.76,1741.58,1754.77,43514,76357061.78,2021-01-04
1747.77,1817.22,1740.23,1817.22,52116,94706237.52,2021-01-05
1822.57,1882.77,1793.8,1857.77,47410,88076875.7,2021-01-06
1854.77,1897.77,1832.77,1897.77,37931,71984313.87,2021-01-07
1899.77,1908.65,1820.79,1847.77,53862,99524587.74,2021-01-08
1847.77,1908.27,1816.37,1857.5,51080,94881100.0,2021-01-11
1845.77,1918.67,1842.77,1918.67,41059,78778671.53,2021-01-12
1921.77,1931.1,1892.77,1921.77,34390,66089670.3,2021-01-13
1913.77,1920.77,1873.88,1891.77,36152,68391269.04,2021-01-14
1872.77,1892.12,1786.77,1839.77,59509,109482872.92999999,2021-01-15
1818.83,1849.25,1798.04,1820.77,39144,71272220.88,2021-01-18
1830.88,1854.07,1764.62,1767.18,46345,81899957.10000001,2021-01-19
1765.77,1813.26,1740.27,1798.4,45082,81075468.8,2021-01-20
1805.77,1847.79,1798.77,1827.77,38310,70021868.7,2021-01-21
1826.77,1857.77,1817.87,1837.72,29248,53749634.56,2021-01-22
1840.77,1937.27,1840.77,1932.77,55957,108152010.89,2021-01-25
1942.77,1944.77,1882.88,1899.66,31747,60308506.02,2021-01-26
1899.66,1899.66,1842.77,1846.77,37120,68552102.4,2021-01-27
1837.77,1867.43,1817.79,1845.77,35129,64840054.33,2021-01-28
1858.96,1907.25,1847.99,1873.95,33701,63153988.95,2021-01-29
1887.77,1917.77,1852.77,1867.09,29341,54782287.69,2021-02-01
1869.99,1907.76,1859.87,1902.77,34582,65801592.14,2021-02-02
1907.77,1956.04,1897.77,1947.68,38714,75402483.52,2021-02-03
1948.77,2087.77,1948.77,2078.62,63851,132721965.61999999,2021-02-04
2082.77,2122.37,2048.77,2070.77,39729,82269621.33,2021-02-05
2094.77,2136.65,2070.77,2126.57,35786,76101434.02000001,2021-02-08
2126.57,2214.2,2107.77,2214.2,33297,73726217.39999999,2021-02-09
2242.77,2358.97,2242.77,2358.77,61371,144760073.67,2021-02-10
2345.75,2385.65,2222.77,2228.77,65912,146902688.24,2021-02-18
2208.93,2254.43,2139.37,2217.77,59385,131702271.45,2021-02-19
2212.77,2212.77,2035.99,2045.79,78935,161484433.65,2021-02-22
2022.91,2102.66,2022.77,2064.77,57455,118631360.35,2021-02-23
2065.76,2075.77,1918.27,1946.77,82116,159860965.32,2021-02-24
1966.77,1982.27,1878.98,1907.77,59726,113943471.02,2021-02-25
1857.77,1937.72,1825.07,1880.55,66525,125103588.75,2021-02-26
1936.77,1936.77,1877.77,1915.77,44916,86048725.32,2021-03-01
1937.77,1937.77,1790.77,1815.77,70765,128492964.05,2021-03-02
1797.77,1907.54,1790.77,1897.77,54215,102887600.55,2021-03-03
1852.77,1853.77,1767.87,1790.77,65088,116557637.76,2021-03-04
1757.77,1852.77,1745.77,1817.88,63779,115942568.52000001,2021-03-05
1832.73,1842.77,1717.77,1717.77,63100,108391287.0,2021-03-08
1712.77,1757.77,1657.95,1694.76,82266,139421126.16,2021-03-09
1734.77,1757.64,1724.77,1727.78,51172,88413958.16,2021-03-10
1732.77,1837.76,1719.25,1805.77,56769,102511757.13,2021-03-11
1827.77,1834.77,1759.78,1783.77,40323,71926957.71,2021-03-12
1807.77,1827.57,1708.92,1733.22,62485,108300251.7,2021-03-15
1732.7,1777.76,1722.77,1768.27,34649,61268787.23,2021-03-16
1757.77,1807.77,1733.78,1788.13,31375,56102578.75,2021-03-17
1792.77,1844.13,1792.77,1827.47,33865,61887271.550000004,2021-03-18
1792.77,1800.77,1750.0,1767.77,35781,63252578.37,2021-03-19
1757.87,1783.86,1713.32,1747.76,36914,64516812.64,2021-03-22
1756.65,1766.57,1727.77,1753.77,27446,48133971.42,2021-03-23
1738.77,1770.77,1738.77,1746.77,29357,51279926.89,2021-03-24
1727.78,1746.65,1704.57,1728.77,31575,54585912.75,2021-03-25
1742.77,1779.77,1715.77,1770.77,50016,88566832.32,2021-03-26
1800.97,1854.12,1783.92,1791.87,56992,102122255.03999999,2021-03-29
1797.77,1843.77,1792.85,1813.82,32627,59179505.14,2021-03-30
1802.87,1803.79,1757.77,1766.77,37154,65642572.58,2021-03-31
1778.77,1804.57,1758.99,1802.27,26588,47918754.76,2021-04-01
1813.77,1922.77,1813.77,1919.77,52028,99881793.56,2021-04-02
1918.77,1919.75,1860.07,1883.8,32742,61679379.6,2021-04-06
1861.83,1875.07,1807.77,1818.77,40201,73116372.77,2021-04-07
1804.8,1836.77,1801.77,1827.77,28548,52179177.96,2021-04-08
1799.77,1811.77,1762.78,1777.77,28809,51215775.93,2021-04-09
1768.77,1787.77,1749.47,1766.66,31943,56432420.38,2021-04-12
1777.77,1807.57,1766.77,1778.77,28992,51570099.839999996,2021-04-13
1792.77,1805.77,1773.77,1804.77,24115,43522028.55,2021-04-14
1788.67,1804.67,1747.77,1773.37,34366,60943633.419999994,2021-04-15
1782.85,1825.77,1769.77,1812.75,30294,54915448.5,2021-04-16
1812.77,1856.13,1790.77,1845.77,31754,58610580.58,2021-04-19
1828.87,1886.77,1827.77,1852.57,28290,52409205.3,2021-04-20
1833.77,1855.57,1822.87,1837.77,26150,48057685.5,2021-04-21
1847.67,1856.77,1809.27,1813.27,26850,48686299.5,2021-04-22
1813.74,1877.65,1810.27,1866.71,33463,62465716.730000004,2021-04-23
1889.77,1892.77,1831.37,1835.59,34045,62492661.55,2021-04-26
1844.85,1853.02,1822.86,1852.21,22108,40948658.68,2021-04-27
1767.77,1805.27,1760.77,1799.77,81343,146398691.10999998,2021-04-28
1804.81,1807.71,1771.77,1784.13,41284,73656022.92,2021-04-29
1783.77,1793.77,1761.48,1764.55,38401,67760484.55,2021-04-30
1757.77,1764.61,1710.77,1716.77,53546,91926166.42,2021-05-06
1722.77,1725.75,1658.77,1660.77,52493,87178799.61,2021-05-07
1657.77,1666.77,1623.78,1636.8,46003,75297710.39999999,2021-05-10
1633.77,1723.77,1631.07,1716.77,42494,72952424.38,2021-05-11
1706.85,1756.77,1706.77,1741.77,32699,56954137.23,2021-05-12
1723.52,1742.82,1710.77,1729.27,25078,43366633.06,2021-05-13
1739.77,1788.27,1733.77,1767.62,35611,62946715.81999999,2021-05-14
1782.87,1842.97,1782.87,1815.73,44524,80843562.52,2021-05-17
1822.77,1834.77,1802.83,1817.08,17504,31806168.32,2021-05-18
1816.77,1832.58,1797.77,1806.77,22410,40489715.7,2021-05-19
1831.77,1831.87,1803.13,1816.65,21857,39706519.050000004,2021-05-20
1812.85,1837.65,1794.79,1799.87,24248,43643247.76,2021-05-21
1808.77,1837.83,1788.77,1829.06,32548,59532244.879999995,2021-05-24
1842.77,1957.87,1842.77,1952.27,67757,132279958.39,2021-05-25
1965.75,1999.57,1950.85,1977.77,38604,76349833.08,2021-05-26
1968.79,2077.77,1958.87,2002.77,45373,90871683.21,2021-05-27
1998.74,2007.77,1963.28,1987.77,25807,51298380.39,2021-05-28
1973.27,1976.12,1929.77,1975.77,31739,62708964.03,2021-05-31
1979.77,2006.72,1963.77,1998.72,30616,61192811.52,2021-06-01
2007.77,2021.77,1965.95,1979.77,22863,45263481.51,2021-06-02
1977.77,2018.11,1967.85,1979.99,23450,46430765.5,2021-06-03
1972.77,2045.77,1971.81,2009.27,31422,63135281.94,2021-06-04
2022.77,2036.77,1997.78,2028.77,25466,51664656.82,2021-06-07
2017.77,2037.76,1918.92,1948.77,47314,92204103.78,2021-06-08
1949.77,1971.77,1917.88,1957.27,25502,49914299.54,2021-06-09
1952.77,2009.14,1947.85,1996.25,25567,51038123.75,2021-06-10
1996.77,2001.77,1936.58,1936.58,33971,65787559.18,2021-06-11
1952.87,1966.65,1905.77,1950.77,29361,57276557.97,2021-06-15
1949.77,1952.77,1905.77,1915.77,27593,52861841.61,2021-06-16
1913.42,1945.77,1902.13,1914.68,21068,40338478.24,2021-06-17
1904.77,1914.27,1822.77,1848.71,54028,99882103.88,2021-06-18
1842.77,1857.46,1807.77,1839.41,35488,65276982.080000006,2021-06-21
1849.77,1855.77,1811.66,1832.74,33228,60898284.72,2021-06-22
1837.77,1840.77,1791.92,1795.77,37079,66585355.83,2021-06-23
1797.78,1837.77,1778.77,1825.82,31474,57465858.68,2021-06-24
1827.02,1886.06,1819.66,1869.06,35875,67052527.5,2021-06-25
1877.06,1895.06,1850.06,1880.07,27452,51611681.64,2021-06-28
1885.06,1892.06,1828.06,1839.06,33031,60745990.86,2021-06-29
1842.06,1851.06,1823.36,1833.76,21916,40188684.16,2021-06-30
1837.03,1887.06,1808.66,1882.06,33701,63427304.059999995,2021-07-01
1852.06,1852.06,1788.56,1790.06,46275,82835026.5,2021-07-02
1777.06,1796.94,1762.06,1771.06,34421,60961656.26,2021-07-05
1772.06,1791.06,1737.07,1789.96,35283,63155158.68,2021-07-06
1787.06,1805.94,1776.07,1781.06,28122,50086969.32,2021-07-07
1777.16,1781.06,1745.06,1762.06,35517,62583085.019999996,2021-07-08
1741.58,1762.97,1722.06,1749.17,30908,54063346.36,2021-07-09
1752.61,1775.84,1717.56,1738.06,39010,67801720.6,2021-07-12
1745.06,1782.56,1742.06,1759.96,29925,52666803.0,2021-07-13
1751.06,1751.56,1722.06,1739.06,30771,53512615.26,2021-07-14
1732.08,1790.06,1727.66,1775.05,42190,74889359.5,2021-07-15
1757.06,1773.66,1727.06,1732.96,35408,61360647.68,2021-07-16
1732.95,1763.06,1718.06,1752.06,30052,52652907.12,2021-07-19
1752.06,1765.99,1738.47,1757.06,23475,41246983.5,2021-07-20
1766.06,1783.06,1739.07,1746.06,29780,51997666.8,2021-07-21
1737.06,1750.96,1716.02,1717.07,39090,67120266.3,2021-07-22
1714.88,1714.88,1672.15,1677.06,47585,79802900.1,2021-07-23
1656.06,1656.06,1557.06,1581.17,98619,155933404.23000002,2021-07-26
1580.06,1587.06,1480.06,1489.95,86577,128995401.15,2021-07-27
1480.06,1565.26,1459.18,1545.96,85369,131977059.24000001,2021-07-28
1587.07,1600.06,1511.4,1526.85,63864,97510748.39999999,2021-07-29
1502.06,1502.06,1434.82,1456.05,77736,113187502.8,2021-07-30
1441.06,1533.04,1397.78,1532.06,97401,149224176.06,2021-08-02
1507.06,1546.05,1465.86,1526.36,54375,82995825.0,2021-08-03
1511.12,1537.06,1495.06,1501.06,38175,57302965.5,2021-08-04
1469.94,1522.06,1453.42,1476.06,48060,70939443.6,2021-08-05
1466.06,1471.07,1423.66,1448.06,45686,66156069.16,2021-08-06
1428.06,1486.06,1427.06,1470.86,47698,70157080.28,2021-08-09
1477.06,1579.94,1452.06,1576.06,83285,131262157.1,2021-08-10
1557.07,1562.07,1527.07,1527.56,38663,59060052.28,2021-08-11
1509.06,1526.06,1463.25,1467.06,47551,69760170.06,2021-08-12
1467.06,1490.06,1456.06,1477.1,37905,55989475.5,2021-08-13
1473.06,1490.66,1462.14,1476.26,28057,41419426.82,2021-08-16
1477.06,1477.06,1405.94,1412.06,61201,86419484.06,2021-08-17
1401.72,1420.05,1377.06,1397.06,59970,83781688.2,2021-08-18
1399.28,1420.26,1377.06,1397.03,41292,57686162.76,2021-08-19
1332.23,1374.61,1302.56,1325.06,114545,151778997.7,2021-08-20
1314.94,1376.06,1313.83,1347.25,71597,96459058.25,2021-08-23
1352.06,1419.61,1342.83,1402.24,72594,101794210.56,2021-08-24
1424.7,1457.93,1420.06,1442.08,54239,78216977.11999999,2021-08-25
1442.05,1442.05,1371.78,1372.06,54020,74118681.2,2021-08-26
1366.06,1402.06,1361.16,1373.09,36095,49561683.55,2021-08-27
1382.06,1390.06,1323.01,1363.06,51588,70317539.28,2021-08-30
1366.86,1393.41,1332.16,1335.06,43677,58311415.62,2021-08-31
1336.06,1412.05,1308.16,1399.07,77316,108170496.11999999,2021-09-01
1410.05,1420.06,1377.95,1395.86,42837,59794454.81999999,2021-09-02
1387.08,1436.85,1359.06,1435.28,52835,75833018.8,2021-09-03
1426.06,1485.22,1403.21,1447.73,55338,80114482.74,2021-09-06
1438.09,1461.54,1428.06,1446.06,31211,45132978.66,2021-09-07
1437.06,1448.24,1405.14,1410.16,33064,46625530.24,2021-09-08
1403.06,1422.06,1401.07,1411.14,19950,28152243.000000004,2021-09-09
1411.14,1445.86,1410.06,1439.64,33388,48066700.32,2021-09-10
1442.06,1461.06,1417.16,1431.06,27720,39668983.199999996,2021-09-13
1436.06,1460.06,1430.06,1434.06,33761,48415299.66,2021-09-14
1427.06,1437.06,1387.06,1392.8,41570,57898696.0,2021-09-15
1380.06,1421.06,1362.06,1415.13,45968,65050695.84,2021-09-16
1397.06,1482.66,1397.06,1463.06,55130,80658497.8,2021-09-17
1435.89,1465.06,1412.06,1414.75,31743,44908409.25,2021-09-22
1415.06,1432.94,1402.14,1412.06,30342,42844724.519999996,2021-09-23
1405.06,1497.04,1405.06,1471.06,69537,102293099.22,2021-09-24
1527.06,1640.46,1527.06,1632.06,126869,207057820.14,2021-09-27
1625.06,1637.06,1572.06,1599.12,49221,78710285.52,2021-09-28
1586.06,1622.07,1562.96,1597.06,43291,69138324.46,2021-09-29
1595.24,1627.28,1580.46,1607.06,40539,65148605.339999996,2021-09-30
1599.48,1655.06,1584.29,1616.66,47452,76713750.32000001,2021-10-08
1616.57,1666.96,1608.07,1644.18,37676,61946125.68,2021-10-11
1643.06,1654.06,1619.48,1648.05,30606,50440218.3,2021-10-12
1647.06,1727.01,1639.06,1706.96,50143,85592095.28,2021-10-13
1705.99,1718.86,1673.06,1688.06,26623,44941221.379999995,2021-10-14
1667.16,1707.05,1667.16,1694.03,28561,48383190.83,2021-10-15
1665.06,1665.06,1564.06,1577.06,69652,109845383.11999999,2021-10-18
1577.06,1615.86,1576.94,1589.24,40315,64070210.6,2021-10-19
1610.06,1626.86,1583.07,1618.06,28663,46378453.78,2021-10-20
1618.16,1637.06,1606.06,1621.06,23019,37315180.14,2021-10-21
1632.06,1698.07,1631.06,1678.06,35963,60348071.78,2021-10-22
1657.06,1662.07,1635.06,1650.09,32461,53563571.489999995,2021-10-25
1641.09,1656.05,1621.06,1638.11,21130,34613264.3,2021-10-26
1629.36,1635.36,1577.16,1596.06,34647,55298690.82,2021-10-27
1602.26,1620.84,1579.06,1602.55,29491,47260802.05,2021-10-28
1602.06,1625.06,1590.06,1603.14,28776,46131956.64,2021-10-29
1557.06,1603.36,1537.06,1580.06,41690,65872701.4,2021-11-01
1573.76,1621.28,1565.06,1581.7,32500,51405250.0,2021-11-02
1577.06,1587.04,1538.25,1542.06,27829,42913987.74,2021-11-03
1555.0,1593.06,1546.48,1581.26,31130,49224623.8,2021-11-04
1581.27,1622.05,1581.27,1597.0,27077,43241969.0,2021-11-05
1597.06,1607.86,1579.11,1597.16,17706,28279314.96,2021-11-08
1597.04,1604.93,1559.06,1567.07,27352,42862498.64,2021-11-09
1567.07,1572.06,1512.06,1531.05,35349,54121086.449999996,2021-11-10
1529.99,1546.66,1518.56,1546.66,22652,35034942.32,2021-11-11
1555.06,1562.11,1543.72,1550.84,17607,27305639.88,2021-11-12
1550.74,1561.06,1527.06,1538.2,24947,38373475.4,2021-11-15
1545.06,1595.06,1542.06,1585.06,33526,53140721.559999995,2021-11-16
1582.06,1597.56,1567.07,1572.06,24505,38523330.3,2021-11-17
1558.28,1584.06,1547.06,1569.06,19521,30629620.259999998,2021-11-18
1571.25,1626.06,1565.26,1605.47,31156,50020023.32,2021-11-19
1626.06,1686.06,1625.06,1631.33,42573,69450612.09,2021-11-22
1629.06,1694.06,1629.06,1673.49,45782,76615719.18,2021-11-23
1677.06,1743.06,1674.06,1718.06,54512,93654886.72,2021-11-24
1730.06,1763.26,1723.31,1733.09,39753,68895526.77,2021-11-25
1741.89,1744.06,1702.06,1718.07,32656,56105293.919999994,2021-11-26
1737.06,1767.06,1728.14,1762.06,42399,74709581.94,2021-11-29
1762.46,1766.96,1704.56,1707.83,36925,63061622.75,2021-11-30
1727.06,1737.01,1696.08,1710.05,26254,44895652.699999996,2021-12-01
1717.06,1719.21,1696.66,1711.06,20422,34943267.32,2021-12-02
1709.06,1765.68,1708.11,1748.94,35818,62643532.92,2021-12-03
1760.06,1767.06,1727.06,1744.36,31064,54186799.04,2021-12-06
1757.8,1764.93,1723.79,1732.93,36980,64083751.400000006,2021-12-07
1741.94,1822.06,1727.06,1820.06,61048,111111022.88,2021-12-08
1832.0,1893.98,1822.06,1863.61,64239,119716442.78999999,2021-12-09
1837.06,1872.84,1833.06,1867.06,43148,80559904.88,2021-12-10
1931.06,1957.06,1895.06,1895.26,65807,124721374.82,2021-12-13
1895.26,1944.96,1877.06,1927.06,40449,77947649.94,2021-12-14
1919.21,1942.01,1902.08,1912.06,30078,57510940.68,2021-12-15
1892.06,1921.11,1863.29,1896.05,37211,70553916.55,2021-12-16
1877.56,1885.06,1813.06,1827.76,48403,88469067.28,2021-12-17
1827.76,1862.72,1818.06,1836.02,32258,59226333.16,2021-12-20
1822.06,1846.19,1789.89,1815.26,26286,47715924.36,2021-12-21
1817.06,1840.06,1817.06,1825.06,17431,31812620.86,2021-12-22
1830.06,1897.06,1802.06,1897.06,39099,74173148.94,2021-12-23
1925.94,1994.02,1925.94,1971.15,56130,110640649.5,2021-12-24
1945.06,1945.06,1889.06,1908.88,37556,71689897.28,2021-12-27
1910.06,1932.56,1893.66,1915.24,27651,52958301.24,2021-12-28
1927.06,1931.31,1818.06,1818.06,54049,98264324.94,2021-12-29
1818.06,1866.04,1805.06,1852.06,35261,65305487.66,2021-12-30
1847.06,1850.04,1805.06,1827.06,29665,54199734.9,2021-12-31
1832.06,1846.01,1791.06,1828.29,33843,61874818.47,2022-01-04
1822.06,1842.06,1795.06,1801.06,28396,51142899.76,2022-01-05
1799.07,1813.06,1715.57,1759.28,51795,91121907.6,2022-01-06
1752.06,1765.94,1716.38,1719.06,29817,51257212.019999996,2022-01-07
1705.07,1754.06,1694.61,1743.06,29627,51641638.62,2022-01-10
1725.06,1742.06,1708.23,1717.61,22277,38263197.97,2022-01-11
1725.06,1755.86,1725.06,1744.06,27474,47916304.44,2022-01-12
1741.88,1745.05,1642.62,1654.45,56747,93885074.15,2022-01-13
1654.45,1670.06,1640.06,1644.06,29322,48207127.32,2022-01-14
1645.06,1655.36,1612.4,1638.67,27354,44824179.18,2022-01-17
1638.74,1685.91,1629.06,1669.33,31216,52109805.28,2022-01-18
1696.06,1696.06,1665.94,1689.06,26371,44542201.26,2022-01-19
1693.06,1757.05,1693.06,1746.58,34014,59408172.12,2022-01-20
1737.06,1770.55,1728.07,1762.05,30813,54294046.65,2022-01-21
1732.06,1761.06,1708.5,1727.26,23986,41430058.36,2022-01-24
1720.06,1743.06,1708.06,1720.06,25510,43878730.6,2022-01-25
1719.1,1746.06,1696.06,1732.06,23905,41404894.3,2022-01-26
1778.07,1787.88,1729.06,1742.06,42665,74324989.89999999,2022-01-27
1732.06,1745.06,1657.07,1664.06,41020,68259741.2,2022-01-28
1678.05,1690.62,1627.06,1645.02,35150,57822453.0,2022-02-07
1645.94,1649.93,1567.06,1616.06,41713,67410710.78,2022-02-08
1616.15,1685.06,1604.03,1673.04,33885,56690960.4,2022-02-09
1677.06,1682.96,1634.45,1650.06,23032,38004181.92,2022-02-10
1634.06,1677.85,1618.06,1627.03,33746,54905754.38,2022-02-11
1617.06,1654.06,1614.37,1645.73,20196,33237163.080000002,2022-02-14
1645.86,1688.06,1636.06,1667.68,27106,45204134.08,2022-02-15
1677.06,1684.06,1665.06,1669.61,14587,24354601.07,2022-02-16
1677.67,1688.54,1658.06,1664.05,18214,30309006.7,2022-02-17
1654.69,1685.04,1642.72,1684.06,19385,32645503.099999998,2022-02-18
1677.06,1683.96,1646.01,1654.05,20816,34430704.8,2022-02-21
1637.07,1638.06,1577.08,1584.93,52299,82890254.07000001,2022-02-22
1588.47,1611.06,1577.14,1604.07,28112,45093615.839999996,2022-02-23
1585.06,1591.05,1525.16,1541.17,65359,100729330.03,2022-02-24
1552.06,1585.34,1552.06,1576.12,38979,61435581.48,2022-02-25
1564.12,1574.06,1544.06,1567.46,28923,45335645.58,2022-02-28
1579.06,1640.63,1579.06,1635.54,47379,77490249.66,2022-03-01
1617.06,1628.05,1602.06,1621.94,20074,32558823.560000002,2022-03-02
1622.86,1627.31,1571.06,1577.06,31547,49751511.82,2022-03-03
1549.06,1569.95,1532.16,1557.56,31047,48357565.32,2022-03-04
1537.26,1545.06,1480.86,1484.06,49156,72950453.36,2022-03-07
1537.04,1563.72,1509.06,1530.26,57215,87553825.9,2022-03-08
1541.16,1582.06,1498.17,1556.24,56434,87824848.16,2022-03-09
1585.06,1598.06,1568.06,1571.49,36462,57299668.38,2022-03-10
1543.06,1554.06,1495.14,1546.07,47727,73789282.89,2022-03-11
1507.06,1527.06,1477.06,1477.06,49007,72386279.42,2022-03-14
1427.06,1462.06,1380.06,1380.06,89056,122902623.36,2022-03-15
1411.06,1460.96,1370.06,1452.01,77593,112665811.92999999,2022-03-16
1497.06,1532.06,1488.72,1497.21,68352,102337297.92,2022-03-17
1495.06,1522.06,1469.34,1484.85,38349,56942512.65,2022-03-18
1501.06,1502.71,1472.07,1481.36,27877,41295872.72,2022-03-21
1500.94,1500.94,1463.39,1472.06,21054,30992751.24,2022-03-22
1482.06,1547.06,1474.06,1529.25,58067,88798959.75,2022-03-23
1515.06,1517.06,1494.41,1497.99,25815,38670611.85,2022-03-24
1489.06,1511.06,1462.06,1467.06,29709,43584885.54,2022-03-25
1402.06,1441.86,1381.06,1437.86,57542,82737340.11999999,2022-03-28
1438.56,1468.56,1438.56,1444.06,25935,37451696.1,2022-03-29
1475.06,1507.16,1472.06,1507.16,42433,63953320.28,2022-03-30
1497.06,1515.66,1485.86,1496.06,25174,37661814.44,2022-03-31
1507.0,1570.06,1498.75,1557.07,44862,69853274.34,2022-04-01
1530.06,1565.79,1530.06,1542.06,27820,42900109.199999996,2022-04-06
1535.06,1562.06,1527.16,1542.06,20196,31143443.759999998,2022-04-07
1545.06,1565.76,1543.6,1561.06,22941,35812277.46,2022-04-08
1547.06,1547.06,1483.09,1497.06,43864,65667039.839999996,2022-04-11
1506.06,1565.03,1485.06,1559.06,41630,64903667.8,2022-04-12
1544.06,1572.06,1528.14,1546.06,31148,48156676.879999995,2022-04-13
1565.06,1612.96,1557.26,1586.06,37650,59715159.0,2022-04-14
1579.26,1595.06,1572.95,1583.05,21041,33308955.05,2022-04-15
1558.19,1575.06,1545.06,1567.88,19793,31033048.840000004,2022-04-18
1577.06,1610.05,1552.56,1567.36,24205,37937948.8,2022-04-19
1578.75,1597.06,1545.74,1574.06,24156,38022993.36,2022-04-20
1567.26,1583.06,1547.06,1557.04,28953,45080979.12,2022-04-21
1540.06,1564.94,1537.24,1550.06,27900,43246674.0,2022-04-22
1527.06,1553.56,1479.06,1485.06,53658,79685349.48,2022-04-25
1480.39,1526.04,1477.06,1509.54,44564,67271140.56,2022-04-26
1544.18,1587.06,1544.18,1571.98,57402,90234795.96000001,2022-04-27
1570.06,1622.06,1563.56,1612.06,44010,70946760.6,2022-04-28
1613.06,1626.06,1588.04,1605.44,34885,56005774.4,2022-04-29
1607.06,1647.06,1606.04,1614.06,33661,54330873.66,2022-05-05
1592.05,1596.06,1558.06,1570.06,28596,44897435.76,2022-05-06
1557.06,1557.06,1515.06,1529.06,30352,46410029.12,2022-05-09
1497.06,1562.02,1482.07,1543.25,40119,61913646.75,2022-05-10
1532.06,1565.54,1529.06,1545.06,30313,46835403.78,2022-05-11
1530.06,1555.06,1527.06,1539.73,22038,33932569.74,2022-05-12
1557.06,1575.0,1543.06,1555.3,20731,32242924.3,2022-05-13
1574.06,1574.06,1519.73,1535.06,27765,42620940.9,2022-05-16
1546.94,1552.06,1532.06,1545.06,20145,31125233.7,2022-05-17
1550.72,1550.98,1520.08,1538.06,24850,38220791.0,2022-05-18
1522.06,1534.06,1516.06,1533.06,19776,30317794.56,2022-05-19
1537.05,1578.21,1529.06,1577.07,41950,66158086.5,2022-05-20
1577.06,1580.95,1549.06,1558.06,22157,34521935.42,2022-05-23
1563.06,1564.06,1532.56,1537.06,27342,42026294.519999996,2022-05-24
1542.33,1549.06,1524.06,1532.57,22389,34312709.73,2022-05-25
1538.06,1538.06,1507.06,1519.86,28053,42636632.58,2022-05-26
1537.05,1557.06,1530.07,1532.22,25120,38489366.4,2022-05-27
1543.06,1567.61,1543.06,1555.47,34466,53610829.02,2022-05-30
1551.83,1591.96,1544.04,1581.09,40751,64430998.589999996,2022-05-31
1579.06,1591.84,1556.06,1565.31,21760,34061145.6,2022-06-01
1565.03,1572.86,1557.06,1563.06,16915,26439159.9,2022-06-02
1567.06,1572.06,1535.06,1565.06,36741,57501869.46,2022-06-06
1561.2,1602.06,1547.37,1594.96,35049,55901753.04,2022-06-07
1602.06,1659.06,1602.06,1642.66,44354,72858541.64,2022-06-08
1649.06,1665.41,1626.06,1630.06,26329,42917849.74,2022-06-09
1622.07,1684.06,1612.06,1677.66,47345,79428812.7,2022-06-10
1667.06,1669.06,1625.14,1633.06,36755,60023120.3,2022-06-13
1611.06,1652.48,1609.06,1648.06,29416,48479332.96,2022-06-14
1647.06,1682.06,1640.05,1652.16,33664,55618314.24,2022-06-15
1671.65,1684.69,1652.39,1654.06,26887,44472711.22,2022-06-16
1655.15,1729.06,1655.15,1728.06,50542,87339608.52,2022-06-17
1727.06,1747.06,1707.06,1719.08,34975,60124823.0,2022-06-20
1726.06,1744.05,1705.06,1722.8,23717,40859647.6,2022-06-21
1732.06,1735.06,1709.06,1713.06,19647,33656489.82,2022-06-22
1719.76,1742.1,1717.06,1734.16,26844,46551791.04,2022-06-23
1747.06,1797.06,1742.06,1786.07,39635,70790884.45,2022-06-24
1797.0,1827.0,1777.36,1787.61,40115,71709975.14999999,2022-06-27
1796.8,1818.06,1778.06,1813.06,25246,45772512.76,2022-06-28
1805.06,1819.06,1788.07,1807.06,30360,54862341.6,2022-06-29
1798.73,1875.73,1798.72,1843.73,38982,71872282.86,2022-06-30
1853.73,1866.5,1813.94,1827.78,21596,39472736.88,2022-07-01
1818.74,1823.02,1799.74,1816.73,25076,45556321.480000004,2022-07-04
1824.01,1853.18,1808.73,1831.74,26329,48227882.46,2022-07-05
1830.73,1837.73,1784.73,1800.73,32752,58977508.96,2022-07-06
1803.73,1808.08,1783.74,1788.73,20932,37441696.36,2022-07-07
1803.73,1813.62,1794.89,1797.73,15644,28123688.12,2022-07-08
1788.93,1793.5,1749.23,1762.33,23949,42206041.17,2022-07-11
1763.73,1771.53,1728.79,1747.14,23447,40965191.580000006,2022-07-12
1743.73,1770.73,1739.4,1757.62,19854,34895787.48,2022-07-13
1758.73,1775.53,1739.73,1751.73,20527,35957761.71,2022-07-14
1743.84,1798.41,1743.24,1748.23,33416,58418853.68,2022-07-15
1751.09,1757.73,1720.73,1750.39,24221,42396196.190000005,2022-07-18
1743.73,1750.38,1724.73,1741.83,21956,38243619.48,2022-07-19
1757.48,1768.73,1743.73,1748.83,18705,32711865.15,2022-07-20
1741.83,1754.63,1733.24,1737.73,14061,24434221.53,2022-07-21
1747.95,1760.73,1733.73,1745.73,25114,43842263.22,2022-07-22
1748.24,1751.03,1729.73,1743.38,16912,29484042.560000002,2022-07-25
1751.72,1763.7,1745.75,1748.94,20685,36176823.9,2022-07-26
1740.73,1746.73,1715.73,1718.33,21490,36926911.699999996,2022-07-27
1719.83,1736.73,1691.39,1696.73,34870,59164975.1,2022-07-28
1693.83,1717.72,1676.83,1697.17,37032,62849599.440000005,2022-07-29
1688.74,1706.73,1679.91,1689.03,21037,35532124.11,2022-08-01
1678.73,1686.71,1656.74,1678.71,28221,47374874.910000004,2022-08-02
1688.72,1702.73,1675.73,1683.73,24598,41416390.54,2022-08-03
1688.73,1721.83,1678.86,1714.74,30357,52054362.18,2022-08-04
1726.53,1733.73,1703.63,1722.69,20086,34601951.34,2022-08-05
1713.88,1731.61,1706.24,1710.26,16799,28730657.74,2022-08-08
1710.26,1717.72,1703.73,1708.73,13875,23708628.75,2022-08-09
1708.71,1716.73,1663.31,1674.73,27927,46770184.71,2022-08-10
1684.73,1705.73,1676.74,1705.63,26061,44450423.43,2022-08-11
1705.63,1728.73,1698.73,1726.73,20260,34983549.8,2022-08-12
1719.19,1738.23,1714.28,1718.62,19323,33208894.259999998,2022-08-15
1722.67,1732.52,1714.73,1716.57,14836,25467032.52,2022-08-16
1728.73,1728.73,1693.73,1716.73,18361,31520879.53,2022-08-17
1706.73,1711.81,1679.8,1694.23,23168,39251920.64,2022-08-18
1696.73,1707.08,1686.73,1693.74,13544,22940014.56,2022-08-19
1683.74,1705.73,1680.11,1692.71,15427,26113437.17,2022-08-22
1697.33,1697.33,1665.73,1668.74,23756,39642587.44,2022-08-23
1668.72,1673.96,1649.73,1652.93,18728,30956073.040000003,2022-08-24
1657.73,1686.73,1652.93,1683.73,21925,36915780.25,2022-08-25
1698.73,1710.73,1684.73,1696.73,23142,39265725.660000004,2022-08-26
1681.73,1698.7,1672.73,1677.55,13570,22764353.5,2022-08-29
1681.08,1683.73,1652.93,1668.73,18235,30429291.55,2022-08-30
1658.83,1724.29,1658.74,1722.73,44692,76992249.16,2022-08-31
1710.88,1714.73,1679.62,1679.62,26845,45089398.9,2022-09-01
1688.67,1691.69,1664.9,1673.73,19391,32455298.43,2022-09-02
1661.37,1667.73,1618.73,1633.73,36822,60157206.06,2022-09-05
1634.09,1646.93,1623.73,1643.73,20830,34238895.9,2022-09-06
1633.76,1636.39,1609.74,1616.74,28306,45763442.44,2022-09-07
1618.73,1630.73,1613.73,1613.73,16591,26773394.43,2022-09-08
1623.73,1650.73,1614.73,1643.52,27090,44522956.8,2022-09-09
1678.73,1687.11,1656.96,1677.73,28693,48139106.89,2022-09-13
1662.74,1678.73,1661.73,1667.73,16042,26753724.66,2022-09-14
1668.73,1691.85,1668.69,1678.73,20810,34934371.3,2022-09-15
1670.53,1684.33,1653.84,1657.73,24121,39986105.33,2022-09-16
1653.73,1687.32,1651.61,1670.37,18584,31042156.08,2022-09-19
1668.71,1683.33,1657.28,1676.73,14116,23668720.68,2022-09-20
1675.4,1681.73,1646.73,1646.73,20995,34573096.35,2022-09-21
1638.73,1639.75,1615.58,1619.54,22704,36770036.16,2022-09-22
1619.54,1653.73,1619.54,1633.16,28288,46198830.080000006,2022-09-23
1618.73,1686.73,1618.71,1661.73,35135,58384883.55,2022-09-26
1667.59,1695.73,1649.84,1686.73,28820,48611558.6,2022-09-27
1679.23,1698.13,1672.74,1681.73,21446,36066381.58,2022-09-28
1696.71,1700.91,1669.86,1679.08,21590,36251337.199999996,2022-09-29
1697.35,1700.72,1664.73,1671.23,21289,35578815.47,2022-09-30
1688.73,1689.73,1578.93,1584.73,48584,76992522.32000001,2022-10-10
1587.73,1604.73,1558.73,1578.72,32047,50593239.84,2022-10-11
1572.39,1577.73,1506.73,1558.73,48195,75122992.35,2022-10-12
1519.19,1533.73,1495.73,1498.72,63969,95871619.68,2022-10-13
1508.73,1553.73,1500.67,1536.34,46520,71470536.8,2022-10-14
1524.73,1526.72,1496.53,1517.23,33550,50903066.5,2022-10-17
1523.73,1528.73,1499.73,1504.56,28083,42252558.48,2022-10-18
1500.71,1500.71,1446.73,1446.73,60121,86978854.33,2022-10-19
1419.73,1467.16,1409.73,1442.23,42778,61695714.94,2022-10-20
1438.73,1446.53,1408.73,1422.73,38907,55354156.11,2022-10-21
1368.73,1387.73,1286.74,1300.01,132098,171728720.98,2022-10-24
1278.15,1313.73,1270.73,1278.48,81362,104019689.76,2022-10-25
1287.53,1313.72,1258.73,1262.81,81781,103273864.61,2022-10-26
1278.73,1286.71,1182.58,1199.73,107106,128498281.38,2022-10-27
1189.5,1204.73,1157.44,1158.73,93143,107927588.39,2022-10-28
1148.73,1180.74,1131.73,1148.73,71847,82532804.31,2022-10-31
1157.73,1268.13,1157.73,1260.74,118766,149733046.84,2022-11-01
1258.73,1304.73,1234.73,1270.69,79777,101371836.13000001,2022-11-02
1242.3,1261.23,1226.83,1238.23,45160,55918466.800000004,2022-11-03
1236.69,1326.5,1236.69,1315.3,80008,105234522.39999999,2022-11-04
1292.78,1317.21,1285.32,1305.84,42698,55756756.31999999,2022-11-07
1306.73,1316.72,1267.69,1283.61,39325,50477963.24999999,2022-11-08
1282.68,1287.61,1248.73,1258.63,36090,45423956.7,2022-11-09
1242.73,1283.73,1233.88,1273.73,37720,48045095.6,2022-11-10
1326.73,1343.18,1293.71,1326.88,73947,98118795.36000001,2022-11-11
1342.23,1362.26,1326.73,1331.73,57370,76401350.1,2022-11-14
1330.73,1397.7,1319.73,1386.73,56318,78097860.14,2022-11-15
1379.73,1396.73,1366.73,1383.98,26848,37157095.04,2022-11-16
1389.23,1395.03,1351.61,1365.73,30580,41764023.4,2022-11-17
1374.73,1382.73,1354.73,1365.86,23609,32246588.74,2022-11-18
1340.08,1340.08,1297.26,1318.71,39096,51556286.160000004,2022-11-21
1316.17,1358.47,1314.84,1338.68,29901,40027870.68,2022-11-22
1326.73,1355.73,1319.77,1347.73,22177,29888608.21,2022-11-23
1357.73,1367.61,1312.71,1318.72,27687,36511400.64,2022-11-24
1319.24,1330.73,1308.73,1320.74,18621,24593499.54,2022-11-25
1283.51,1313.73,1249.73,1308.61,47723,62450795.029999994,2022-11-28
1368.29,1398.73,1349.73,1397.73,73420,102621336.6,2022-11-29
1385.85,1402.73,1383.73,1397.73,31497,44024301.81,2022-11-30
1458.73,1478.73,1429.52,1429.53,51358,73417801.74,2022-12-01
1433.73,1451.72,1419.93,1432.61,23884,34216457.239999995,2022-12-02
1466.73,1477.73,1447.73,1463.63,36127,52876561.010000005,2022-12-05
1453.73,1525.63,1450.73,1486.73,44147,65634669.31,2022-12-06
1476.54,1518.73,1468.76,1482.73,35526,52675465.980000004,2022-12-07
1480.73,1493.73,1463.73,1485.75,19730,29313847.5,2022-12-08
1490.73,1528.73,1480.73,1528.73,39215,59949146.95,2022-12-09
1514.59,1564.73,1513.73,1537.75,34755,53444501.25,2022-12-12
1535.73,1559.42,1528.73,1548.73,21385,33119591.05,2022-12-13
1541.73,1579.53,1541.73,1569.6,29098,45672220.8,2022-12-14
1603.73,1614.73,1578.73,1585.72,30634,48576946.480000004,2022-12-15
1571.98,1589.73,1541.73,1585.6,33303,52805236.8,2022-12-16
1597.53,1597.53,1558.9,1571.73,24987,39272817.51,2022-12-19
1564.06,1564.06,1481.18,1513.73,46198,69931298.54,2022-12-20
1522.73,1537.73,1516.38,1537.73,22816,35084847.68,2022-12-21
1555.43,1581.73,1543.73,1566.73,23175,36308967.75,2022-12-22
1551.13,1580.73,1543.73,1569.73,17319,27186153.87,2022-12-23
1569.73,1569.73,1533.75,1540.79,21384,32948253.36,2022-12-26
1558.64,1567.79,1546.14,1553.64,17905,27817924.200000003,2022-12-27
1566.52,1567.64,1528.65,1553.64,21438,33306934.32,2022-12-28
1537.64,1547.63,1521.69,1539.64,22418,34515649.52,2022-12-29
1556.64,1573.63,1547.64,1547.64,25333,39206364.120000005,2022-12-30
1551.84,1559.07,1526.65,1550.65,26034,40369622.1,2023-01-03
1550.64,1559.34,1536.64,1545.65,20416,31555990.400000002,2023-01-04
1557.64,1621.64,1553.64,1621.64,47943,77746286.52000001,2023-01-05
1626.76,1632.54,1607.64,1624.41,24904,40454306.64,2023-01-06
1655.64,1670.62,1628.46,1661.84,30977,51478817.68,2023-01-09
1659.7,1685.14,1651.14,1675.09,22732,38078145.879999995,2023-01-10
1676.64,1680.64,1657.48,1665.59,22720,37842204.8,2023-01-11
1668.64,1676.64,1653.64,1654.64,17193,28448225.520000003,2023-01-12
1664.82,1708.64,1660.64,1707.64,31940,54542021.6,2023-01-13
1706.64,1755.64,1701.64,1733.54,36848,63877481.92,2023-01-16
1733.8,1743.64,1715.64,1728.64,21299,36818303.36,2023-01-17
1734.64,1745.94,1710.64,1713.64,21063,36094399.32,2023-01-18
1713.14,1713.16,1686.64,1700.85,23439,39866223.15,2023-01-19
1709.83,1718.89,1678.64,1680.65,25609,43039765.85,2023-01-20
1729.64,1729.64,1700.64,1708.64,35923,61379474.720000006,2023-01-30
1717.14,1720.59,1653.71,1666.4,32991,54976202.400000006,2023-01-31
1675.62,1679.64,1632.04,1665.61,33974,56587434.13999999,2023-02-01
1669.02,1679.64,1646.64,1656.75,29759,49303223.25,2023-02-02
1640.64,1646.64,1616.32,1638.64,34945,57262274.800000004,2023-02-03
1600.64,1615.64,1580.64,1615.64,42661,68924818.04,2023-02-06
1628.72,1629.44,1608.37,1617.64,24322,39344240.080000006,2023-02-07
1620.65,1626.61,1595.64,1604.64,16676,26758976.64,2023-02-08
1598.64,1650.39,1595.65,1638.64,29754,48756094.56,2023-02-09
1630.74,1639.13,1621.69,1630.64,17985,29327060.400000002,2023-02-10
1630.64,1695.14,1630.64,1676.99,38147,63972137.53,2023-02-13
1677.1,1678.04,1655.64,1664.43,19566,32566237.380000003,2023-02-14
1664.42,1675.94,1656.45,1661.64,18177,30203630.28,2023-02-15
1661.98,1707.64,1648.64,1682.46,33246,55935065.160000004,2023-02-16
1670.8,1693.64,1640.69,1641.42,26443,43404069.06,2023-02-17
1641.64,1699.44,1637.84,1695.64,29669,50307943.160000004,2023-02-20
1694.64,1694.64,1671.64,1687.64,18751,31644937.64,2023-02-21
1675.65,1684.54,1652.44,1656.64,21869,36229060.160000004,2023-02-22
1660.64,1669.44,1625.89,1638.64,21881,35855081.84,2023-02-23
1630.75,1630.83,1602.82,1608.64,24635,39628846.400000006,2023-02-24
1599.14,1635.64,1595.66,1631.05,22065,35989118.25,2023-02-27
1639.64,1642.65,1603.94,1634.38,23952,39146669.760000005,2023-02-28
1633.64,1668.64,1623.87,1659.17,24458,40579979.86,2023-03-01
1649.64,1659.63,1641.74,1648.64,13144,21669724.16,2023-03-02
1660.41,1662.25,1623.12,1638.68,16198,26543338.64,2023-03-03
1638.82,1639.14,1617.41,1627.78,20646,33607145.88,2023-03-06
1626.62,1637.24,1608.64,1608.94,22785,36659697.9,2023-03-07
1600.66,1606.58,1581.76,1591.06,22764,36218889.839999996,2023-03-08
1588.64,1605.64,1560.64,1590.66,27612,43921303.92,2023-03-09
1572.21,1601.64,1570.64,1570.64,21161,33236313.040000003,2023-03-10
1571.64,1595.64,1569.64,1582.64,20560,32539078.400000002,2023-03-13
1584.42,1600.52,1559.14,1586.64,23705,37611301.2,2023-03-14
1599.01,1605.52,1570.76,1571.56,19213,30194382.279999997,2023-03-15
1560.64,1590.64,1559.65,1572.63,17646,27750628.98,2023-03-16
1590.64,1596.53,1556.64,1562.64,27023,42227220.720000006,2023-03-17
1571.64,1575.64,1548.64,1550.24,20491,31765967.84,2023-03-20
1555.64,1606.49,1544.61,1595.64,31142,49691420.88,2023-03-21
1600.64,1613.64,1586.19,1593.99,15330,24435866.7,2023-03-22
1586.64,1611.75,1585.65,1595.5,17356,27691498.0,2023-03-23
1589.72,1604.24,1586.64,1599.26,12770,20422550.2,2023-03-24
1599.24,1599.24,1576.64,1588.43,15296,24296625.28,2023-03-27
1590.64,1610.64,1585.66,1602.44,17261,27659716.84,2023-03-28
1619.64,1620.64,1605.71,1610.64,15393,24792581.520000003,2023-03-29
1613.64,1625.64,1599.64,1620.64,19257,31208664.48,2023-03-30
1645.64,1668.64,1639.64,1640.64,27446,45029005.440000005,2023-03-31
1645.64,1648.41,1620.72,1622.71,21417,34753580.07,2023-04-03
1632.64,1635.81,1607.64,1635.23,20066,32812525.18,2023-04-04
1625.64,1636.54,1608.86,1617.6,14874,24060182.4,2023-04-06
1615.64,1626.65,1608.98,1611.63,13525,21797295.75,2023-04-07
1611.52,1611.52,1564.64,1592.34,29418,46843458.12,2023-04-10
1613.64,1613.64,1564.64,1566.14,29209,45745383.260000005,2023-04-11
1567.9,1570.64,1513.46,1514.74,51105,77410787.7,2023-04-12
1510.64,1544.23,1504.65,1543.64,29543,45603756.52,2023-04-13
1546.64,1553.64,1525.44,1534.06,21232,32571161.919999998,2023-04-14
1560.64,1573.64,1548.64,1573.64,30467,47944089.88,2023-04-17
1573.64,1589.64,1566.66,1578.64,18314,28911212.96,2023-04-18
1582.64,1586.14,1570.64,1579.64,14601,23064323.64,2023-04-19
1580.75,1585.64,1549.64,1562.52,19885,31070710.2,2023-04-20
1566.64,1568.72,1541.92,1546.11,18518,28630864.979999997,2023-04-21
1541.64,1542.64,1521.64,1525.64,20231,30865222.840000004,2023-04-24
1526.64,1556.62,1522.64,1551.02,20583,31924644.66,2023-04-25
1564.64,1581.64,1540.64,1564.55,27892,43638428.6,2023-04-26
1568.64,1590.64,1550.64,1578.56,25605,40419028.8,2023-04-27
1583.65,1603.41,1574.61,1581.16,26225,41465921.0,2023-04-28
1589.64,1598.31,1556.64,1570.54,27466,43136451.64,2023-05-04
1586.64,1586.64,1557.03,1570.64,20714,32534236.96,2023-05-05
1588.96,1589.64,1537.81,1541.16,33171,51121818.36,2023-05-08
1535.64,1560.62,1527.71,1542.64,29378,45319677.92,2023-05-09
1535.83,1556.64,1535.64,1545.64,20773,32107579.720000003,2023-05-10
1551.64,1555.64,1535.64,1537.71,15246,23443926.66,2023-05-11
1535.64,1550.52,1525.65,1527.04,19460,29716198.4,2023-05-12
1522.64,1537.64,1511.84,1536.94,25740,39560835.6,2023-05-15
1534.63,1540.63,1517.64,1523.93,22224,33867820.32,2023-05-16
1528.64,1533.64,1519.65,1521.64,16777,25528554.28,2023-05-17
1525.63,1526.04,1510.64,1511.64,19219,29052209.16,2023-05-18
1491.64,1524.97,1476.19,1520.14,26741,40650063.74,2023-05-19
1510.65,1572.64,1510.64,1566.64,41284,64677165.760000005,2023-05-22
1574.63,1574.64,1545.19,1545.19,16894,26104439.86,2023-05-23
1552.97,1554.19,1530.75,1531.54,18479,28301327.66,2023-05-24
1526.63,1530.64,1510.64,1521.64,22466,34185164.24,2023-05-25
1522.64,1525.64,1495.65,1511.2,18291,27641359.2,2023-05-26
1517.64,1518.99,1498.64,1509.64,17771,26827812.44,2023-05-29
1509.64,1519.53,1479.2,1488.93,26453,39386665.29,2023-05-30
1481.65,1486.36,1447.31,1449.54,36957,53570649.78,2023-05-31
1438.64,1495.63,1438.64,1456.56,28645,41723161.199999996,2023-06-01
1465.64,1493.79,1456.75,1491.24,25058,37367491.92,2023-06-02
1486.8,1503.52,1483.64,1485.64,16201,24068853.64,2023-06-05
1490.64,1504.64,1472.19,1487.63,19914,29624663.820000004,2023-06-06
1493.63,1499.44,1470.64,1471.54,17890,26325850.599999998,2023-06-07
1476.47,1495.64,1470.65,1488.64,14703,21887473.92,2023-06-08
1492.63,1498.61,1486.64,1486.64,17580,26135131.200000003,2023-06-09
1486.66,1528.64,1482.16,1516.64,27029,40993262.56,2023-06-12
1514.52,1525.25,1505.64,1519.64,14663,22282481.32,2023-06-13
1539.64,1554.88,1526.85,1547.52,31506,48756165.12,2023-06-14
1550.98,1576.29,1543.64,1575.64,25223,39742367.72,2023-06-15
1577.64,1620.64,1570.74,1618.33,37918,61363836.94,2023-06-16
1610.64,1618.59,1558.64,1564.64,31700,49599088.0,2023-06-19
1560.64,1585.64,1555.64,1564.1,20947,32763202.7,2023-06-20
1560.64,1577.24,1555.64,1556.47,17721,27582204.87,2023-06-21
1540.75,1550.64,1515.64,1529.64,23993,36700652.52,2023-06-26
1530.63,1540.34,1520.73,1531.69,15174,23241864.060000002,2023-06-27
1533.82,1554.64,1531.64,1549.02,18574,28771497.48,2023-06-28
1551.64,1555.63,1533.65,1534.35,14231,21835334.849999998,2023-06-29
1546.55,1555.54,1533.03,1537.55,20459,31456735.45,2023-06-30
1545.55,1571.83,1538.55,1570.65,19139,30060670.35,2023-07-03
1570.75,1580.99,1564.63,1577.15,12472,19670214.8,2023-07-04
1576.55,1578.52,1546.55,1561.93,14745,23030657.85,2023-07-05
1555.71,1579.55,1546.55,1549.53,15141,23461433.73,2023-07-06
1547.55,1555.54,1536.55,1536.58,15167,23305308.86,2023-07-07
1551.55,1561.51,1546.55,1547.45,13477,20854983.650000002,2023-07-10
1556.55,1561.72,1548.65,1556.55,12583,19586068.65,2023-07-11
1559.59,1569.55,1557.88,1560.35,13285,20729249.75,2023-07-12
1568.54,1591.96,1565.56,1584.95,25807,40902804.65,2023-07-13
1602.55,1605.05,1587.75,1599.55,18550,29671652.5,2023-07-14
1597.55,1597.55,1573.15,1576.52,14336,22600990.72,2023-07-17
1580.13,1581.06,1567.55,1569.35,14738,23129080.299999997,2023-07-18
1561.56,1574.55,1560.35,1569.55,12483,19592692.65,2023-07-19
1574.54,1595.53,1568.55,1570.55,16693,26217191.15,2023-07-20
1578.43,1619.05,1572.55,1617.85,39377,63706079.449999996,2023-07-21
1597.07,1617.7,1597.07,1617.7,19713,31889720.1,2023-07-24
1646.55,1675.43,1646.54,1675.1,43086,72173358.6,2023-07-25
1675.1,1682.54,1661.63,1675.1,19611,32850386.099999998,2023-07-26
1682.55,1701.34,1675.25,1684.58,20340,34264357.199999996,2023-07-27
1678.55,1746.55,1674.56,1743.55,39018,68029833.89999999,2023-07-28
1754.55,1781.55,1720.55,1727.13,45379,78375432.27000001,2023-07-31
1724.56,1753.5,1724.44,1735.55,19231,33376362.05,2023-08-01
1729.95,1736.55,1713.35,1726.55,18509,31956713.95,2023-08-02
1716.55,1736.55,1697.05,1725.02,21543,37162105.86,2023-08-03
1734.37,1753.07,1728.55,1740.02,24574,42759251.48,2023-08-04
1727.5,1744.55,1717.58,1734.48,23892,41440196.160000004,2023-08-07
1726.58,1740.26,1710.63,1736.55,17736,30799450.8,2023-08-08
1736.55,1751.55,1729.51,1736.83,18523,32171302.09,2023-08-09
1728.55,1735.55,1708.85,1721.55,18436,31738495.8,2023-08-10
1731.55,1731.95,1680.43,1680.55,26786,45015212.3,2023-08-11
1656.55,1671.53,1642.55,1649.55,23731,39145471.05,2023-08-14
1655.55,1664.55,1647.56,1659.53,14818,24590915.54,2023-08-15
1654.13,1669.9,1652.55,1666.55,13184,21971795.2,2023-08-16
1652.63,1680.55,1648.1,1674.6,17290,28953834.0,2023-08-17
1678.54,1681.54,1649.14,1649.14,17023,28073310.220000003,2023-08-18
1639.55,1660.54,1636.62,1637.55,18912,30969345.599999998,2023-08-21
1647.54,1649.11,1617.57,1634.55,26650,43560757.5,2023-08-22
1643.55,1646.55,1616.63,1620.55,19912,32268391.599999998,2023-08-23
1626.17,1674.55,1621.55,1662.85,26055,43325556.75,2023-08-24
1655.34,1684.32,1652.56,1671.53,18831,31476581.43,2023-08-25
1745.13,1745.13,1678.43,1681.52,41052,69029759.04,2023-08-28
1674.55,1715.63,1674.55,1697.88,28950,49153626.0,2023-08-29
1714.45,1714.55,1690.21,1702.55,19812,33730920.6,2023-08-30
1706.55,1706.55,1687.56,1693.55,14820,25098411.0,2023-08-31
1699.38,1712.02,1692.58,1697.6,13145,22314952.0,2023-09-01
1709.15,1726.49,1700.08,1712.55,23871,40880281.05,2023-09-04
1714.55,1714.55,1703.35,1705.25,15659,26702509.75,2023-09-05
1704.55,1713.21,1695.56,1707.55,11121,18989663.55,2023-09-06
1699.15,1703.44,1677.74,1684.55,16982,28607028.099999998,2023-09-07
1681.49,1681.49,1661.5,1665.05,12212,20333590.599999998,2023-09-08
1654.55,1686.55,1654.55,1668.72,15926,26576034.72,2023-09-11
1673.15,1673.53,1662.57,1666.51,12168,20278093.68,2023-09-12
1676.47,1676.47,1646.6,1666.46,19501,32497636.46,2023-09-13
1669.08,1673.53,1652.55,1665.24,17505,29150026.2,2023-09-14
1665.55,1666.33,1627.85,1628.54,28431,46301020.74,2023-09-15
1622.86,1676.05,1619.55,1675.75,32559,54560744.25,2023-09-18
1668.75,1675.55,1654.55,1673.49,14990,25085615.1,2023-09-19
1668.55,1676.55,1664.6,1670.55,12502,20885216.099999998,2023-09-20
1664.56,1668.55,1644.94,1644.94,19489,32058235.66,2023-09-21
1652.18,1696.51,1638.96,1695.55,34390,58309964.5,2023-09-22
1694.05,1694.55,1673.14,1678.93,13979,23469762.470000003,2023-09-25
1674.55,1681.43,1659.65,1662.55,15762,26205113.099999998,2023-09-26
1661.55,1680.05,1649.35,1660.55,20880,34672284.0,2023-09-27
1671.53,1671.53,1644.35,1645.1,20538,33787063.8,2023-09-28
1643.49,1643.49,1611.45,1623.55,29763,48321718.65,2023-10-09
1629.44,1645.53,1614.55,1616.55,20284,32790100.2,2023-10-10
1631.2,1631.2,1614.55,1625.05,21945,35661722.25,2023-10-11
1644.45,1644.78,1623.75,1632.55,14865,24267855.75,2023-10-12
1617.43,1624.56,1584.74,1597.55,25028,39983481.4,2023-10-13
1597.53,1602.55,1569.0,1576.45,20790,32774395.5,2023-10-16
1585.55,1585.99,1562.55,1572.55,14945,23501759.75,2023-10-17
1565.35,1588.55,1563.73,1574.55,20318,31991706.9,2023-10-18
1546.55,1546.58,1472.58,1476.55,73492,108514612.6,2023-10-19
1476.55,1501.55,1462.8,1491.55,45376,67680572.8,2023-10-20
1476.52,1506.55,1468.15,1490.53,25234,37612034.019999996,2023-10-23
1494.55,1499.91,1467.76,1489.5,29861,44477959.5,2023-10-24
1516.66,1544.55,1513.57,1524.05,36179,55138604.949999996,2023-10-25
1513.55,1534.55,1508.56,1518.78,22386,33999409.08,2023-10-26
1510.55,1538.43,1507.15,1523.26,34262,52189934.12,2023-10-27
1515.55,1535.43,1515.55,1527.55,24086,36792569.3,2023-10-30
1526.55,1536.55,1514.4,1531.13,19859,30406710.67,2023-10-31
1696.55,1696.55,1620.34,1627.54,93143,151593958.22,2023-11-01
1641.55,1641.55,1622.61,1626.05,27908,45379803.4,2023-11-02
1626.55,1661.44,1620.55,1657.79,30176,50025471.04,2023-11-03
1666.55,1670.34,1647.67,1658.55,25524,42332830.199999996,2023-11-06
1651.55,1656.55,1630.63,1637.72,19582,32069833.04,2023-11-07
1630.6,1650.35,1629.42,1644.89,14546,23926569.94,2023-11-08
1636.66,1645.55,1629.55,1640.66,12800,21000448.0,2023-11-09
1627.1,1634.55,1619.65,1622.39,16466,26714273.740000002,2023-11-10
1618.83,1631.43,1603.53,1610.55,18370,29585803.5,2023-11-13
1610.55,1621.54,1606.56,1611.82,12817,20658696.939999998,2023-11-14
1625.55,1629.44,1613.55,1619.48,18435,29855113.8,2023-11-15
1620.55,1622.55,1606.6,1606.6,12558,20175682.799999997,2023-11-16
1598.55,1605.55,1584.45,1599.97,21714,34741748.58,2023-11-17
1601.55,1616.05,1583.21,1609.05,18608,29941202.4,2023-11-20
1629.97,1644.55,1616.65,1636.55,30098,49256881.9,2023-11-21
1629.85,1640.9,1627.09,1628.06,12665,20619379.9,2023-11-22
1624.85,1634.55,1617.55,1632.55,11550,18855952.5,2023-11-23
1635.55,1635.55,1621.55,1623.55,13085,21244151.75,2023-11-24
1619.85,1619.85,1601.55,1609.55,16261,26172892.55,2023-11-27
1607.55,1620.43,1604.55,1615.59,14520,23458366.799999997,2023-11-28
1614.55,1622.55,1604.55,1621.26,17149,27802987.74,2023-11-29
1623.27,1641.31,1617.63,1638.05,21353,34977281.65,2023-11-30
1635.86,1636.25,1594.55,1606.83,33051,53107338.33,2023-12-01
1606.83,1608.38,1591.83,1597.26,18440,29453474.4,2023-12-04
1595.33,1595.43,1554.57,1555.55,29903,46515611.65,2023-12-05
1549.18,1566.02,1547.68,1549.55,23851,36958317.05,2023-12-06
1550.55,1555.63,1533.85,1546.55,25042,38728705.1,2023-12-07
1546.55,1555.39,1538.77,1551.47,26288,40785043.36,2023-12-08
1536.55,1550.55,1503.55,1544.55,36831,56887321.05,2023-12-11
1534.15,1556.54,1530.55,1556.54,21011,32704461.939999998,2023-12-12
1551.77,1552.27,1503.63,1506.55,38789,58437567.949999996,2023-12-13
1512.51,1516.42,1481.57,1482.45,40672,60294206.4,2023-12-14
1494.78,1524.32,1490.56,1491.55,37093,55326064.15,2023-12-15
1486.55,1509.88,1481.55,1508.55,19897,30015619.349999998,2023-12-18
1511.55,1526.42,1491.64,1521.55,22207,33789060.85,2023-12-19
1523.66,1525.66,1508.66,1515.45,23092,34994771.4,2023-12-20
1505.67,1537.98,1505.67,1535.66,29012,44552567.92,2023-12-21
1535.36,1544.76,1523.67,1536.31,21667,33287228.77,2023-12-22
1536.66,1544.26,1533.66,1537.66,12471,19176157.86,2023-12-25
1538.16,1540.56,1523.16,1535.66,14771,22683233.86,2023-12-26
1533.66,1542.81,1526.66,1532.72,16056,24609352.32,2023-12-27
1536.65,1593.65,1532.72,1590.65,38338,60982339.7,2023-12-28
1585.66,1615.24,1585.66,1591.66,27539,43832724.74,2023-12-29
1580.66,1583.85,1543.76,1550.67,32156,49863344.52,2024-01-02
1546.77,1560.88,1541.99,1559.66,20229,31550362.14,2024-01-03
1558.66,1558.66,1528.59,1534.66,21551,33073457.66,2024-01-04
1526.99,1544.32,1517.77,1529.02,20243,30951951.86,2024-01-05
1526.66,1527.66,1505.67,1509.65,25586,38625904.900000006,2024-01-08
1506.67,1517.98,1500.73,1506.66,24412,36780583.92,2024-01-09
1506.76,1525.12,1503.66,1507.16,17351,26150733.16,2024-01-10
1505.76,1523.6,1503.72,1512.23,16441,24862573.43,2024-01-11
1505.63,1516.92,1505.06,1508.72,11603,17505678.16,2024-01-12
1500.66,1520.63,1500.11,1505.66,17854,26882053.64,2024-01-15
1504.16,1512.66,1490.6,1505.09,25903,38986346.269999996,2024-01-16
1495.66,1501.14,1442.66,1442.66,51633,74488863.78,2024-01-17
1439.66,1478.46,1421.21,1476.53,60440,89241473.2,2024-01-18
1474.53,1503.67,1466.54,1500.66,46378,69597609.48,2024-01-19
1494.66,1508.66,1484.54,1507.66,46946,70778606.36,2024-01-22
1497.67,1505.61,1474.66,1484.66,34835,51718131.1,2024-01-23
1494.66,1499.5,1469.22,1491.66,33216,49546978.56,2024-01-24
1492.48,1506.66,1487.66,1503.66,31206,46923213.96,2024-01-25
1496.02,1509.76,1488.66,1502.98,26955,40512825.9,2024-01-26
1505.96,1526.24,1505.95,1515.66,31421,47623552.86,2024-01-29
1515.64,1515.64,1475.66,1478.66,30866,45640319.56,2024-01-30
1478.66,1485.63,1463.79,1470.57,29649,43600929.93,2024-01-31
1471.16,1489.55,1466.66,1475.69,26485,39083649.65,2024-02-01
1480.66,1493.44,1446.66,1461.66,39382,57563094.120000005,2024-02-02
1461.66,1503.1,1460.91,1495.67,53130,79464947.10000001,2024-02-05
1495.67,1551.14,1491.76,1541.66,52472,80893983.52000001,2024-02-06
1546.69,1580.25,1527.27,1576.65,52601,82933366.65,2024-02-07
1585.67,1590.66,1550.66,1571.66,46757,73486106.62,2024-02-08
1603.53,1603.59,1553.66,1561.09,36977,57724424.93,2024-02-19
1563.02,1563.02,1522.22,1535.66,34470,52934200.2,2024-02-20
1531.68,1596.66,1527.66,1583.32,46154,73076551.28,2024-02-21
1573.16,1588.67,1566.19,1584.04,22794,36106607.76,2024-02-22
1576.77,1590.04,1565.68,1579.75,27306,43136653.5,2024-02-23
1573.66,1574.4,1550.68,1560.64,27318,42633563.52,2024-02-26
1548.66,1558.58,1543.66,1555.16,22080,34337932.800000004,2024-02-27
1554.58,1562.23,1539.67,1547.21,31867,49304941.07,2024-02-28
1547.21,1562.16,1544.86,1560.66,24758,38638820.28,2024-02-29
1555.66,1560.63,1542.34,1550.72,26868,41664744.96,2024-03-01
1544.66,1546.65,1535.71,1541.96,26485,40838810.6,2024-03-04
1536.47,1562.66,1532.34,1560.76,36238,56558820.88,2024-03-05
1556.66,1560.66,1543.68,1546.21,22142,34236181.82,2024-03-06
1545.66,1555.46,1543.66,1549.29,21599,33463114.71,2024-03-07
1546.22,1552.34,1535.71,1537.09,22156,34055766.04,2024-03-08
1540.66,1564.54,1538.84,1560.15,29895,46640684.25,2024-03-11
1559.6,1614.76,1556.16,1610.66,54227,87341259.82000001,2024-03-12
1605.63,1613.66,1585.76,1593.11,26500,42217415.0,2024-03-13
1584.66,1600.5,1577.16,1582.29,19405,30704337.45,2024-03-14
1578.16,1598.06,1577.66,1583.15,17834,28233897.1,2024-03-15
1580.66,1585.51,1564.66,1573.92,26055,41008485.6,2024-03-18
1568.66,1585.6,1558.77,1573.68,23948,37686488.64,2024-03-19
1569.02,1579.34,1565.89,1575.26,15249,24021139.74,2024-03-20
1573.76,1584.66,1570.16,1574.66,16596,26133057.360000003,2024-03-21
1570.69,1574.65,1553.66,1567.01,25456,39889806.56,2024-03-22
1564.2,1564.43,1546.24,1554.67,24473,38047438.910000004,2024-03-25
1553.12,1578.46,1553.12,1574.95,28069,44207271.550000004,2024-03-26
1570.66,1577.66,1564.66,1566.66,18113,28376912.580000002,2024-03-27
1560.66,1583.66,1558.86,1567.3,24642,38621406.6,2024-03-28
1567.3,1576.65,1563.76,1568.56,13457,21108111.919999998,2024-03-29
1575.65,1599.66,1574.36,1586.99,27131,43056625.69,2024-04-01
1587.66,1590.65,1570.71,1579.65,25449,40200512.85,2024-04-02
1599.66,1605.1,1575.68,1580.77,29046,45915045.42,2024-04-03
1560.66,1561.66,1528.26,1532.32,59167,90662777.44,2024-04-08
1526.33,1538.66,1524.11,1527.88,25590,39098449.2,2024-04-09
1527.93,1530.65,1510.66,1513.64,27631,41823386.84,2024-04-10
1505.77,1515.66,1500.35,1513.66,22766,34459983.56,2024-04-11
1516.66,1529.66,1499.69,1499.69,26744,40107709.36,2024-04-12
1500.67,1541.27,1500.64,1538.64,35818,55111007.52,2024-04-15
1531.15,1545.22,1524.66,1535.66,26266,40335645.56,2024-04-16
1533.66,1540.86,1523.66,1532.66,24819,38039088.54,2024-04-17
1524.67,1548.64,1523.84,1536.44,26568,40820137.92,2024-04-18
1526.44,1534.16,1506.94,1512.3,23500,35539050.0,2024-04-19
1519.66,1544.54,1510.66,1540.72,29951,46146104.72,2024-04-22
1540.66,1560.66,1540.66,1557.94,24980,38917341.2,2024-04-23
1562.64,1565.57,1548.99,1559.26,17086,26641516.36,2024-04-24
1555.99,1561.26,1547.91,1558.7,14476,22563741.2,2024-04-25
1559.66,1579.66,1559.64,1575.09,30996,48821489.64,2024-04-26
1562.61,1593.66,1559.48,1569.66,41332,64877187.120000005,2024-04-29
1570.67,1595.54,1570.66,1570.66,30760,48313501.6,2024-04-30
1599.63,1630.66,1592.66,1625.86,59909,97403646.74,2024-05-06
1631.45,1643.46,1622.34,1635.66,24925,40768825.5,2024-05-07
1635.35,1635.63,1621.33,1629.63,14769,24068005.470000003,2024-05-08
1623.66,1630.64,1615.66,1621.66,22387,36304102.42,2024-05-09
1626.76,1633.54,1599.65,1604.64,26207,42052800.480000004,2024-05-10
1597.68,1598.32,1566.88,1571.66,37662,59191858.92,2024-05-13
1571.65,1578.93,1565.67,1567.64,21274,33349973.360000003,2024-05-14
1568.24,1573.66,1564.25,1565.66,15739,24641922.740000002,2024-05-15
1570.66,1575.54,1555.66,1570.16,29680,46602348.800000004,2024-05-16
1565.67,1582.24,1565.66,1580.66,28924,45719009.84,2024-05-17
1583.65,1598.65,1573.77,1574.66,31426,49485265.160000004,2024-05-20
1573.66,1575.39,1563.82,1570.66,16293,25590763.380000003,2024-05-21
1568.66,1575.62,1556.66,1563.37,20286,31714523.819999997,2024-05-22
1565.66,1572.04,1555.74,1557.67,18885,29416597.950000003,2024-05-23
1558.66,1560.66,1542.66,1542.74,20217,31189574.580000002,2024-05-24
1543.66,1553.11,1533.67,1535.78,25098,38545006.44,2024-05-27
1536.06,1540.83,1528.66,1530.3,23521,35994186.3,2024-05-28
1531.66,1545.66,1530.66,1539.66,19651,30255858.66,2024-05-29
1540.66,1541.04,1514.66,1514.66,32208,48784169.28,2024-05-30
1516.16,1529.16,1514.11,1514.11,21857,33093902.27,2024-05-31
1515.66,1516.58,1500.77,1505.05,30261,45544318.05,2024-06-03
1506.16,1521.66,1502.21,1518.86,20841,31654561.259999998,2024-06-04
1517.66,1524.34,1508.69,1509.66,19056,28768080.96,2024-06-05
1509.32,1517.65,1501.57,1505.47,25610,38555086.7,2024-06-06
1511.79,1511.84,1484.67,1484.84,33525,49779261.0,2024-06-07
1468.65,1470.66,1432.66,1434.66,70247,100780561.02000001,2024-06-11
1435.66,1455.66,1435.66,1437.34,33171,47678005.14,2024-06-12
1442.43,1442.55,1418.81,1420.67,36186,51408364.620000005,2024-06-13
1420.66,1429.62,1386.12,1420.66,59514,84549159.24000001,2024-06-14
1397.95,1414.43,1376.67,1407.16,48318,67991156.88000001,2024-06-17
1396.55,1420.2,1382.34,1387.16,41258,57231447.28,2024-06-18
1394.53,1400.54,1378.64,1397.54,41262,57665295.48,2024-06-19
1396.54,1412.55,1394.54,1396.64,24711,34512371.04,2024-06-20
1397.04,1401.52,1366.76,1367.54,43320,59241832.8,2024-06-21
1319.54,1385.53,1310.55,1373.09,63840,87658065.6,2024-06-24
1373.54,1399.53,1373.54,1383.19,42098,58229532.620000005,2024-06-25
1376.54,1397.61,1374.34,1385.76,29570,40976923.2,2024-06-26
1388.54,1390.51,1364.54,1387.03,32822,45525098.66,2024-06-27
1376.54,1391.03,1360.54,1363.93,38582,52623147.260000005,2024-06-28
1365.42,1369.53,1324.54,1336.92,32161,42996684.120000005,2024-07-01
1329.54,1394.54,1329.54,1387.24,51853,71932555.72,2024-07-02
1395.54,1409.55,1384.56,1396.54,31573,44092957.42,2024-07-03
1401.54,1408.54,1377.67,1382.28,24380,33699986.4,2024-07-04
1375.54,1389.72,1346.54,1349.54,38829,52401288.66,2024-07-05
1339.54,1354.31,1315.68,1316.54,39527,52038876.58,2024-07-08
1316.54,1351.43,1306.64,1334.57,33621,44869577.97,2024-07-09
1335.79,1362.42,1331.54,1334.13,23763,31702931.19,2024-07-10
1346.51,1365.54,1336.75,1358.63,29020,39427442.6,2024-07-11
1369.55,1382.94,1361.99,1375.36,23386,32164168.959999997,2024-07-12
1366.54,1384.54,1366.54,1371.44,19176,26298733.44,2024-07-15
1372.54,1378.54,1361.59,1372.54,20316,27884522.64,2024-07-16
1372.64,1399.54,1366.56,1397.94,34311,47964719.34,2024-07-17
1396.04,1411.54,1389.07,1394.05,28870,40246223.5,2024-07-18
1387.35,1425.72,1380.55,1422.16,38943,55383176.88,2024-07-19
1421.57,1426.52,1388.19,1395.54,28543,39832898.22,2024-07-22
1395.54,1397.54,1351.54,1351.54,30944,41822053.76,2024-07-23
1346.74,1360.24,1331.54,1336.56,24123,32241836.88,2024-07-24
1336.56,1344.54,1316.55,1327.03,28347,37617319.41,2024-07-25
1327.03,1334.26,1307.44,1318.73,32354,42666190.42,2024-07-26
1311.54,1318.53,1294.54,1294.56,30869,39961772.64,2024-07-29
1282.52,1286.81,1257.84,1276.53,51779,66097446.87,2024-07-30
1269.64,1323.81,1269.64,1317.82,43272,57024707.04,2024-07-31
1314.54,1316.54,1281.24,1282.7,32038,41095142.6,2024-08-01
1270.14,1293.51,1270.14,1281.99,21928,28111476.72,2024-08-02
1285.42,1322.54,1282.06,1306.55,37736,49303970.8,2024-08-05
1318.54,1320.54,1290.55,1301.24,27444,35711230.56,2024-08-06
1302.04,1318.53,1294.84,1312.04,20622,27056888.88,2024-08-07
1307.54,1344.72,1305.54,1327.23,25131,33354617.13,2024-08-08
1356.57,1365.54,1333.34,1333.34,30138,40184200.919999994,2024-08-09
1326.54,1339.54,1323.12,1332.64,13632,18166548.48,2024-08-12
1329.54,1331.54,1308.55,1319.55,16308,21519221.4,2024-08-13
1319.55,1321.44,1308.56,1309.84,13414,17570193.759999998,2024-08-14
1301.57,1332.53,1300.49,1323.43,23039,30490503.770000003,2024-08-15
1323.33,1332.46,1313.55,1327.74,16455,21847961.7,2024-08-16
1328.54,1355.42,1321.54,1321.98,20433,27012017.34,2024-08-19
1326.44,1326.47,1310.54,1319.26,18591,24526362.66,2024-08-20
1316.54,1324.52,1312.23,1314.12,15092,19832699.04,2024-08-21
1312.54,1316.54,1296.55,1306.59,19527,25513782.93,2024-08-22
1304.54,1320.04,1302.66,1311.53,15320,20092639.599999998,2024-08-23
1313.54,1320.4,1299.69,1308.54,15628,20449863.12,2024-08-26
1308.54,1309.54,1297.65,1300.61,13657,17762430.77,2024-08-27
1300.61,1302.54,1271.54,1285.54,31664,40705338.56,2024-08-28
1276.54,1314.54,1276.54,1309.84,27472,35983924.48,2024-08-29
1309.54,1354.61,1301.54,1339.73,38739,51899800.47,2024-08-30
1326.54,1334.54,1291.54,1291.54,34135,44086717.9,2024-09-02
1294.54,1311.52,1289.56,1306.54,17888,23371387.52,2024-09-03
1298.54,1315.73,1296.28,1296.54,14211,18425129.94,2024-09-04
1297.04,1303.54,1293.54,1301.42,14503,18874494.26,2024-09-05
1301.54,1302.54,1294.54,1294.54,10321,13360947.34,2024-09-06
1276.55,1290.25,1266.62,1271.54,28638,36414362.519999996,2024-09-09
1266.56,1289.54,1266.56,1274.54,19803,25239715.62,2024-09-10
1272.14,1282.42,1261.54,1276.54,20996,26802233.84,2024-09-11
1276.54,1281.54,1231.45,1231.6,47948,59052756.8,2024-09-12
1227.54,1228.54,1193.84,1200.67,56005,67243523.35000001,2024-09-13
1196.54,1196.55,1163.2,1163.44,46185,53733476.400000006,2024-09-18
1158.54,1189.42,1142.37,1157.54,59988,69438509.52,2024-09-19
1158.04,1170.44,1146.57,1160.46,39982,46397511.72,2024-09-20
1164.54,1190.04,1157.2,1158.08,45550,52750544.0,2024-09-23
1181.63,1269.54,1161.63,1269.14,100413,127438154.82000001,2024-09-24
1296.59,1323.54,1293.25,1295.54,73954,95810365.16,2024-09-25
1296.5,1426.41,1292.54,1425.54,97278,138673680.12,2024-09-26
1496.54,1525.74,1461.9,1525.74,87922,134146112.28,2024-09-27
1588.54,1656.42,1548.54,1644.54,157293,258674630.22,2024-09-30
1806.54,1806.54,1576.72,1619.54,194709,315339013.86,2024-10-08
1596.54,1596.54,1486.54,1491.69,120197,179296662.93,2024-10-09
1518.8,1564.62,1487.54,1536.54,74603,114630493.61999999,2024-10-10
1511.94,1536.5,1486.54,1501.53,41915,62936629.949999996,2024-10-11
1509.54,1517.17,1477.71,1498.53,44812,67152126.36,2024-10-14
1495.54,1497.53,1449.55,1450.79,43571,63212371.089999996,2024-10-15
1437.42,1446.34,1406.54,1419.04,46664,66218082.559999995,2024-10-16
1433.54,1434.2,1389.95,1391.14,39460,54894384.400000006,2024-10-17
1389.54,1464.38,1375.5,1437.54,68619,98642557.25999999,2024-10-18
1437.75,1446.51,1417.75,1425.34,42008,59875682.72,2024-10-21
1423.1,1456.72,1420.74,1439.54,36269,52210676.26,2024-10-22
1440.65,1473.49,1428.54,1464.04,40088,58690435.519999996,2024-10-23
1457.54,1471.54,1441.55,1448.74,23923,34658207.02,2024-10-24
1443.54,1471.33,1442.55,1455.39,27745,40379795.550000004,2024-10-25
1456.54,1461.54,1418.77,1461.54,39121,57176906.339999996,2024-10-28
1456.54,1476.54,1426.54,1428.16,41166,58791634.56,2024-10-29
1421.54,1447.73,1419.95,1428.54,32006,45721851.24,2024-10-30
1428.69,1436.54,1416.54,1424.33,29957,42668653.809999995,2024-10-31
1417.54,1441.67,1417.34,1430.29,32284,46175482.36,2024-11-01
1441.47,1446.54,1424.6,1444.74,29093,42031820.82,2024-11-04
1436.54,1474.24,1432.55,1473.53,45640,67251909.2,2024-11-05
1471.54,1485.53,1457.76,1467.54,37631,55224997.74,2024-11-06
1459.0,1550.04,1458.84,1545.68,74739,115522577.52000001,2024-11-07
1557.43,1563.65,1497.55,1506.51,60771,91552119.21,2024-11-08
1486.54,1506.49,1463.73,1494.55,43854,65541995.699999996,2024-11-11
1485.54,1519.54,1470.49,1473.74,49223,72541904.02,2024-11-12
1464.54,1483.2,1457.82,1475.04,29125,42960540.0,2024-11-13
1466.54,1490.99,1462.19,1470.34,29248,43004504.32,2024-11-14
1465.54,1480.34,1449.54,1455.54,33761,49140485.94,2024-11-15
1458.54,1472.53,1451.54,1455.54,27092,39433489.68,2024-11-18
1461.54,1465.91,1421.54,1438.46,33266,47851810.36,2024-11-19
1439.54,1450.51,1427.84,1441.35,21345,30765615.749999996,2024-11-20
1440.41,1445.53,1428.54,1441.67,18262,26327777.540000003,2024-11-21
1437.69,1444.31,1404.36,1404.36,33436,46956180.95999999,2024-11-22
1407.54,1428.54,1393.21,1395.11,33186,46298120.45999999,2024-11-25
1395.11,1415.42,1385.42,1405.54,25745,36185627.3,2024-11-26
1405.54,1418.69,1401.54,1415.59,25934,36711911.059999995,2024-11-27
1418.54,1421.53,1398.54,1414.54,23952,33881062.08,2024-11-28
1413.54,1451.54,1409.75,1422.28,36088,51327240.64,2024-11-29
1422.54,1426.53,1411.64,1421.54,26820,38125702.8,2024-12-02
1420.54,1425.44,1412.62,1423.28,24807,35307306.96,2024-12-03
1416.61,1420.2,1406.54,1416.54,23924,33889302.96,2024-12-04
1407.4,1414.4,1406.54,1407.54,16141,22719103.14,2024-12-05
1409.54,1435.44,1404.61,1417.55,32040,45418302.0,2024-12-06
1418.56,1426.26,1409.74,1415.34,19800,28023732.0,2024-12-09
1466.54,1476.27,1441.72,1443.13,60312,87038056.56,2024-12-10
1436.54,1451.54,1427.52,1432.14,29671,42493025.940000005,2024-12-11
1428.56,1462.54,1425.54,1462.34,41937,61326152.58,2024-12-12
1446.55,1451.53,1415.42,1415.54,49512,70086216.48,2024-12-13
1417.54,1425.54,1407.25,1423.74,32537,46324228.38,2024-12-16
1422.53,1465.54,1417.55,1454.54,54172,78795340.88,2024-12-17
1454.51,1473.54,1443.64,1468.04,41162,60427462.48,2024-12-18
1461.68,1464.47,1446.87,1447.55,24809,35912267.949999996,2024-12-19
1451.55,1462.22,1440.44,1442.42,28158,40615662.36,2024-12-20
1443.42,1458.42,1437.42,1446.87,21603,31256732.61,2024-12-23
1445.42,1464.42,1442.01,1459.24,22105,32256500.2,2024-12-24
1459.22,1459.22,1446.52,1450.42,17123,24835541.66,2024-12-25
1454.42,1459.2,1443.42,1448.21,18287,26483416.27,2024-12-26
1449.32,1456.42,1439.92,1449.39,20759,30087887.01,2024-12-27
1454.39,1464.38,1445.42,1445.42,25130,36323404.6,2024-12-30
1445.82,1465.42,1442.43,1444.42,39354,56843704.68,2024-12-31
1444.42,1444.91,1400.42,1408.42,50029,70461844.18,2025-01-02
1414.92,1415.41,1387.43,1395.42,32628,45529763.760000005,2025-01-03
1373.42,1383.08,1353.22,1360.42,44255,60205387.1,2025-01-06
1365.08,1372.31,1359.42,1360.62,24221,32955577.019999996,2025-01-07
1360.42,1372.24,1347.08,1362.92,35258,48053833.36,2025-01-08
1369.41,1385.0,1353.4,1364.42,29706,40531460.52,2025-01-09
1367.52,1372.37,1356.42,1356.42,21872,29667618.240000002,2025-01-10
1345.42,1364.86,1342.43,1364.4,21083,28765645.200000003,2025-01-13
1365.37,1399.1,1362.42,1392.92,30957,43120624.440000005,2025-01-14
1387.42,1395.02,1380.43,1391.69,18399,25605704.310000002,2025-01-15
1394.42,1403.08,1362.42,1366.8,26342,36004245.6,2025-01-16
1366.81,1381.42,1366.8,1375.17,18309,25177987.53,2025-01-17
1381.42,1410.21,1380.42,1395.22,31410,43823860.2,2025-01-20
1401.42,1402.42,1385.42,1388.57,16856,23405735.919999998,2025-01-21
1383.69,1388.37,1358.42,1361.42,28294,38520017.480000004,2025-01-22
1370.39,1388.42,1358.42,1363.42,27125,36982767.5,2025-01-23
1362.42,1368.21,1350.73,1356.42,31360,42537331.2,2025-01-24
1357.42,1364.39,1347.44,1355.41,29356,39789415.96,2025-01-27
1360.42,1363.42,1322.63,1324.22,40757,53971234.54,2025-02-05
1320.43,1342.41,1320.43,1333.26,27356,36472660.56,2025-02-06
1334.1,1363.1,1323.83,1356.42,37242,50515793.64,2025-02-07
1358.42,1360.42,1347.51,1351.93,20840,28174221.200000003,2025-02-10
1355.37,1356.38,1336.32,1338.42,23573,31550574.66,2025-02-11
1338.42,1365.42,1337.3,1363.42,25476,34734487.92,2025-02-12
1363.44,1395.67,1354.93,1385.48,43385,60109049.800000004,2025-02-13
1385.48,1397.42,1378.64,1395.42,27100,37815882.0,2025-02-14
1401.42,1415.4,1387.52,1392.04,32471,45200930.839999996,2025-02-17
1390.42,1413.41,1382.5,1395.42,27800,38792676.0,2025-02-18
1395.47,1414.86,1385.32,1411.42,32393,45720128.06,2025-02-19
1403.42,1412.39,1393.81,1394.42,23750,33117475.0,2025-02-20
1400.42,1417.15,1393.43,1408.63,36418,51299487.34,2025-02-21
1408.42,1419.94,1394.42,1399.49,34744,48623880.56,2025-02-24
1390.43,1393.81,1372.42,1374.42,28387,39015660.54,2025-02-25
1375.87,1385.38,1365.42,1380.43,26366,36396417.38,2025-02-26
1380.44,1410.32,1374.42,1405.98,49762,69964376.76,2025-02-27
1405.92,1448.8,1402.42,1421.21,56129,79771096.09,2025-02-28
1423.02,1441.41,1401.92,1407.44,31596,44469474.24,2025-03-03
1405.42,1406.42,1385.63,1390.53,25211,35056651.83,2025-03-04
1392.42,1394.42,1380.52,1386.79,24605,34121967.949999996,2025-03-05
1394.42,1430.62,1392.5,1426.4,42168,60148435.2,2025-03-06
1423.42,1448.78,1423.42,1441.42,37991,54760987.220000006,2025-03-07
1440.23,1447.3,1426.56,1443.32,31369,45275505.08,2025-03-10
1437.42,1469.1,1432.42,1469.1,39776,58434921.599999994,2025-03-11
1467.38,1470.1,1446.77,1463.0,29604,43310652.0,2025-03-12
1464.42,1475.92,1451.3,1458.19,25724,37510479.56,2025-03-13
1468.08,1548.43,1461.42,1548.43,92913,143869276.59,2025-03-14
1577.42,1578.41,1547.3,1558.28,54689,85220774.92,2025-03-17
1565.46,1572.42,1542.12,1544.42,31613,48823749.46,2025-03-18
1544.71,1568.42,1543.42,1556.13,27390,42622400.7,2025-03-19
1556.13,1558.02,1515.49,1524.42,36737,56002617.54,2025-03-20
1519.42,1532.62,1489.25,1494.17,33614,50225030.38,2025-03-21
1490.42,1510.08,1482.8,1503.42,25566,38436435.72,2025-03-24
1508.42,1513.22,1487.08,1495.92,17674,26438890.080000002,2025-03-25
1493.19,1503.0,1491.42,1496.42,14324,21434720.080000002,2025-03-26
1496.42,1518.67,1493.8,1509.42,17956,27103145.52,2025-03-27
1511.35,1513.42,1496.42,1505.63,16228,24433363.64,2025-03-28
1501.4,1507.38,1480.48,1481.42,21085,31235740.700000003,2025-03-31
1484.42,1490.31,1472.63,1476.44,18556,27396820.64,2025-04-01
1478.42,1488.22,1465.92,1469.44,21674,31848642.560000002,2025-04-02
1450.42,1506.42,1449.43,1489.3,35481,52841853.3,2025-04-03
1440.43,1457.27,1382.42,1420.42,101953,144816080.26000002,2025-04-07
1433.42,1465.42,1415.42,1465.42,73876,108259367.92,2025-04-08
1445.44,1477.22,1440.97,1461.46,55630,81301019.8,2025-04-09
1471.41,1475.42,1448.42,1469.42,38620,56749000.400000006,2025-04-10
1500.39,1500.39,1465.42,1489.4,32634,48605079.6,2025-04-11
1481.39,1486.42,1471.95,1472.41,21711,31967493.51,2025-04-14
1472.42,1485.42,1465.42,1478.42,21489,31769767.380000003,2025-04-15
1472.42,1496.42,1457.42,1479.59,31156,46098106.04,2025-04-16
1474.42,1496.92,1470.41,1490.42,23846,35540555.32,2025-04-17
1486.42,1495.42,1476.42,1486.36,20298,30170135.279999997,2025-04-18
1485.92,1485.92,1471.42,1471.42,18057,26569430.94,2025-04-21
1470.42,1476.72,1463.63,1469.22,18432,27080663.04,2025-04-22
1479.42,1479.64,1465.42,1472.42,18669,27488608.98,2025-04-23
1472.42,1481.1,1469.4,1472.67,14872,21901548.240000002,2025-04-24
1477.52,1481.62,1470.42,1470.42,14765,21710751.3,2025-04-25
1472.42,1475.42,1467.02,1470.42,14660,21556357.2,2025-04-28
1470.42,1472.96,1452.44,1464.42,18922,27709755.240000002,2025-04-29
1470.41,1487.08,1466.72,1467.42,25754,37791934.68,2025-04-30
1479.42,1479.42,1464.75,1470.62,18300,26912345.999999996,2025-05-06
1490.42,1490.42,1470.62,1475.42,27462,40517984.04,2025-05-07
1473.42,1513.2,1470.25,1498.61,33481,50174961.41,2025-05-08
1499.41,1517.87,1495.47,1511.6,23672,35782595.199999996,2025-05-09
1518.42,1539.35,1517.03,1524.92,24735,37718896.2,2025-05-12
1529.34,1529.34,1505.53,1510.72,21258,32114885.76,2025-05-13
1510.42,1565.42,1508.6,1555.41,39460,61376478.6,2025-05-14
1555.22,1564.01,1544.55,1552.43,24733,38396251.190000005,2025-05-15
1554.41,1557.41,1534.55,1534.55,22935,35194904.25,2025-05-16
1516.42,1520.42,1494.3,1499.4,38063,57071662.2,2025-05-19
1500.42,1515.22,1495.52,1506.42,19522,29408331.240000002,2025-05-20
1505.42,1516.36,1501.39,1501.39,19795,29720015.05,2025-05-21
1501.41,1505.41,1490.52,1500.42,15090,22641337.8,2025-05-22
1495.62,1508.32,1492.08,1493.02,21537,32155171.74,2025-05-23
1490.42,1495.05,1465.42,1470.92,27087,39842810.04,2025-05-26
1471.42,1479.02,1463.93,1464.32,17752,25994608.64,2025-05-27
1464.41,1466.88,1453.42,1457.42,16266,23706393.720000003,2025-05-28
1460.42,1475.42,1452.42,1460.42,21860,31924781.200000003,2025-05-29
1460.57,1465.42,1435.66,1442.42,31239,45059758.38,2025-05-30
1428.43,1439.42,1425.44,1429.42,28979,41423162.18,2025-06-03
1430.92,1443.42,1429.64,1430.38,23008,32910183.040000003,2025-06-04
1434.42,1436.42,1422.62,1434.42,23214,33298625.880000003,2025-06-05
1434.22,1439.39,1423.42,1426.81,25023,35703066.629999995,2025-06-06
1425.44,1429.12,1406.1,1406.53,44959,63236182.269999996,2025-06-09
1406.42,1412.42,1395.22,1395.43,30492,42549451.56,2025-06-10
1397.22,1414.42,1396.52,1400.42,30893,43263175.06,2025-06-11
1400.42,1404.29,1374.52,1379.42,49904,68838575.68,2025-06-12
1364.83,1370.39,1345.48,1347.37,59113,79647082.80999999,2025-06-13
1321.62,1345.46,1321.6,1342.71,42888,57586146.480000004,2025-06-16
1340.42,1347.42,1332.6,1347.42,27232,36692941.440000005,2025-06-17
1360.42,1363.86,1341.43,1345.42,30761,41386464.620000005,2025-06-18
1346.42,1354.09,1337.6,1346.42,24501,32988636.42,2025-06-19
1344.0,1361.56,1340.62,1349.08,34816,46969569.28,2025-06-20
1340.42,1353.42,1325.6,1340.42,26723,35820043.660000004,2025-06-23
1343.77,1372.1,1343.77,1357.62,36312,49297897.44,2025-06-24
1359.53,1369.62,1340.93,1356.28,41050,55675294.0,2025-06-25
1363.02,1376.02,1358.1,1368.02,34860,47689177.2,2025-06-26
1368.03,1371.02,1351.11,1351.11,38250,51679957.49999999,2025-06-27
1351.52,1361.25,1350.02,1357.54,30457,41346595.78,2025-06-30
1357.02,1359.96,1351.33,1353.12,19878,26897319.36,2025-07-01
1357.52,1362.82,1348.02,1357.62,26218,35594081.16,2025-07-02
1360.02,1370.71,1356.02,1363.62,24413,33290055.06,2025-07-03
1363.72,1379.91,1358.03,1370.24,28767,39417694.08,2025-07-04
1370.3,1371.52,1358.03,1358.72,23855,32412265.6,2025-07-07
1358.73,1368.02,1358.72,1364.13,18674,25473763.62,2025-07-08
1363.02,1377.99,1362.19,1366.9,27745,37924640.5,2025-07-09
1366.99,1384.2,1358.42,1374.52,38725,53228287.0,2025-07-10
1371.18,1406.02,1371.18,1375.02,57243,78710269.86,2025-07-11
1378.02,1383.0,1369.62,1371.62,27781,38104975.22,2025-07-14
1369.0,1370.95,1356.34,1359.02,35406,48117462.12,2025-07-15
1358.03,1365.51,1357.97,1359.05,21286,28928738.3,2025-07-16
1362.0,1371.03,1360.9,1364.37,23106,31525133.22,2025-07-17
1368.02,1385.83,1364.4,1385.02,41823,57925691.46,2025-07-18
1385.01,1394.82,1383.02,1391.02,26203,36448897.06,2025-07-21
1392.02,1414.62,1388.7,1413.0,42119,59514147.0,2025-07-22
1417.02,1443.02,1416.97,1423.52,45045,64122458.4,2025-07-23
1424.02,1447.02,1423.02,1439.52,38804,55859134.08,2025-07-24
1439.42,1439.42,1401.02,1403.02,41911,58801971.22,2025-07-25
1401.02,1403.01,1384.32,1386.68,38586,53506434.480000004,2025-07-28
1387.62,1396.81,1383.03,1387.02,26304,36484174.08,2025-07-29
1392.02,1405.18,1385.02,1397.46,31868,44534255.28,2025-07-30
1391.02,1392.89,1366.02,1369.69,51798,70947202.62,2025-07-31
1369.89,1373.98,1362.02,1365.02,29636,40453732.72,2025-08-01
1363.02,1367.82,1362.02,1367.02,18688,25546869.759999998,2025-08-04
1369.02,1377.96,1365.13,1375.76,25342,34864509.92,2025-08-05
1377.02,1377.02,1367.32,1371.9,23699,32512658.1,2025-08-06
1371.9,1375.72,1368.08,1370.37,28001,38371730.37,2025-08-07
1371.07,1374.52,1366.02,1368.99,18655,25538508.45,2025-08-08
1371.52,1400.01,1371.02,1393.02,47159,65693430.18,2025-08-11
1397.02,1413.09,1384.02,1385.06,42019,58198836.14,2025-08-12
1373.02,1381.7,1368.02,1368.07,65528,89646890.96,2025-08-13
1368.96,1395.53,1368.96,1375.01,48129,66177856.29,2025-08-14
1374.03,1376.68,1368.24,1370.1,47582,65192098.199999996,2025-08-15
1375.01,1384.66,1371.12,1376.52,47378,65216764.56,2025-08-18
1381.52,1394.68,1380.02,1386.02,46372,64272519.44,2025-08-19
1386.02,1400.82,1378.04,1398.02,45805,64036306.1,2025-08-20
1401.47,1403.01,1391.67,1396.27,30891,43132176.57,2025-08-21
1396.9,1412.02,1392.79,1411.97,44971,63497702.870000005,2025-08-22
1418.03,1444.02,1414.02,1438.35,65325,93960213.75,2025-08-25
1438.34,1442.25,1428.03,1429.63,39602,56616207.260000005,2025-08-26
1429.9,1432.95,1396.02,1396.02,56006,78185496.12,2025-08-27
1395.99,1404.12,1386.79,1394.12,39282,54763821.839999996,2025-08-28
1401.02,1430.6,1400.02,1428.02,62256,88902813.12,2025-08-29
1430.22,1436.02,1413.72,1424.12,45123,64260566.76,2025-09-01
1426.68,1457.02,1426.02,1439.32,56688,81592172.16,2025-09-02
1439.02,1451.52,1414.02,1428.57,45045,64349935.65,2025-09-03
1420.02,1427.32,1408.49,1420.68,47747,67833207.96000001,2025-09-04
1419.02,1434.99,1412.02,1431.02,37388,53502975.76,2025-09-05
1431.02,1454.46,1425.52,1449.25,51383,74466812.75,2025-09-08
1453.02,1457.97,1441.44,1453.02,35743,51935293.86,2025-09-09
1454.68,1477.97,1444.02,1470.03,49663,73006099.89,2025-09-10
1470.03,1474.04,1456.52,1471.52,37239,54797933.28,2025-09-11
1474.02,1486.04,1458.55,1464.02,33722,49369682.44,2025-09-12
1463.89,1465.5,1449.52,1463.12,25827,37788000.239999995,2025-09-15
1463.12,1469.01,1444.23,1448.0,32718,47375664.0,2025-09-16
1448.01,1458.3,1438.03,1441.02,30331,43707577.62,2025-09-17
1440.02,1445.82,1411.52,1415.98,49721,70403941.58,2025-09-18
1416.01,1423.52,1405.03,1415.99,32637,46213665.63,2025-09-19
1413.11,1415.99,1398.03,1401.37,34947,48973677.38999999,2025-09-22
1398.52,1405.52,1388.02,1395.44,38663,53951896.72,2025-09-23
1382.09,1404.8,1382.09,1390.02,30744,42734774.88,2025-09-24
1390.85,1393.23,1384.02,1387.02,33870,46978367.4,2025-09-25
1389.2,1395.13,1376.03,1383.02,45121,62403245.42,2025-09-26
1387.4,1418.01,1383.02,1408.88,53684,75634313.92,2025-09-29
1408.02,1408.78,1388.02,1392.01,39364,54795081.64,2025-09-30
1384.02,1387.4,1368.02,1384.8,54918,76050446.39999999,2025-10-09
1385.62,1387.96,1375.52,1378.02,36001,49610098.019999996,2025-10-10
1363.72,1370.87,1363.14,1367.22,46069,62986458.18,2025-10-13
1378.01,1412.02,1378.01,1399.04,66672,93276794.88,2025-10-14
1399.0,1411.02,1393.1,1410.02,42785,60327705.699999996,2025-10-15
1409.94,1432.97,1406.9,1432.93,45730,65527888.900000006,2025-10-16
1431.12,1436.02,1402.05,1403.02,38086,53435419.72,2025-10-17
1403.02,1417.52,1402.9,1405.95,25950,36484402.5,2025-10-20
1407.02,1417.96,1403.52,1410.28,25443,35881754.04,2025-10-21
1410.1,1413.75,1404.02,1406.72,18195,25595270.400000002,2025-10-22
1403.02,1416.82,1395.22,1416.0,29322,41519952.0,2025-10-23
1415.97,1426.9,1397.36,1398.02,38226,53440712.519999996,2025-10-24
1388.02,1400.51,1384.01,1388.43,37102,51513529.86,2025-10-27
1390.02,1399.22,1389.12,1393.02,27124,37784274.48,2025-10-28
1388.04,1394.57,1378.06,1379.92,33937,46830345.04,2025-10-29
1369.83,1384.65,1369.83,1374.76,47456,65240610.56,2025-10-30
1370.02,1384.0,1368.13,1378.03,35694,49187402.82,2025-10-31
1379.02,1396.02,1368.12,1383.02,34548,47780574.96,2025-11-03
1383.12,1383.8,1371.8,1377.02,26566,36581913.32,2025-11-04
1373.91,1379.01,1368.03,1368.1,34475,47165247.5,2025-11-05
1378.02,1389.47,1378.01,1383.15,38348,53041036.2,2025-11-06
1383.13,1387.8,1379.13,1381.35,18861,26053642.349999998,2025-11-07
1383.02,1411.71,1383.0,1410.32,49452,69743144.64,2025-11-10
1410.02,1410.2,1395.02,1407.01,26692,37555910.92,2025-11-11
1408.0,1426.38,1407.23,1413.17,32992,46623304.64,2025-11-12
1410.14,1421.6,1406.02,1418.4,31179,44224293.6,2025-11-13
1418.02,1426.97,1404.32,1404.62,27473,38589125.26,2025-11-14
1402.02,1421.02,1393.81,1419.02,34462,48902267.24,2025-11-17
1418.72,1434.09,1417.02,1424.02,34205,48708604.1,2025-11-18
1422.02,1427.55,1417.98,1419.03,22045,31282516.349999998,2025-11-19
1420.02,1427.92,1413.05,1415.13,24002,33965950.260000005,2025-11-20
1418.52,1428.02,1404.02,1414.62,42607,60272714.339999996,2025-11-21
1415.02,1419.02,1399.15,1400.02,33607,47050472.14,2025-11-24
1406.02,1406.02,1392.52,1392.67,28441,39608927.47,2025-11-25
1396.9,1401.51,1391.6,1397.17,20306,28370934.020000003,2025-11-26
1397.52,1398.02,1387.06,1395.32,22287,31097496.84,2025-11-27
1394.52,1403.52,1391.02,1398.52,23211,32461047.72,2025-11-28
1399.02,1410.29,1390.02,1396.02,27333,38157414.66,2025-12-01
1396.02,1399.94,1383.04,1384.05,25047,34666300.35,2025-12-02
1383.83,1383.99,1376.02,1377.12,23573,32462849.759999998,2025-12-03
1377.12,1380.52,1366.4,1372.0,29075,39890900.0,2025-12-04
1372.0,1381.11,1367.52,1378.03,25402,35004718.06,2025-12-05
1377.22,1384.69,1366.02,1366.24,33603,45909762.72,2025-12-08
1366.25,1369.02,1348.07,1349.03,42634,57514545.019999996,2025-12-09
1348.02,1350.82,1331.2,1350.82,33133,44756719.059999995,2025-12-10
1354.68,1360.01,1349.57,1360.01,22385,30443823.85,2025-12-11
1366.02,1373.02,1361.59,1368.67,37159,50858408.53,2025-12-12
1387.61,1388.01,1373.59,1374.02,33359,45835933.18,2025-12-15
1374.22,1376.8,1363.02,1370.02,23964,32831159.28,2025-12-16
1373.02,1387.96,1365.7,1381.12,31382,43342307.839999996,2025-12-17
1381.52,1386.9,1374.13,1379.02,17830,24587926.6,2025-12-18
1381.98,1384.43,1372.99,1381.98,26509,36634907.82,2025-12-19
1381.98,1386.12,1378.56,1380.24,20426,28192782.24,2025-12-22
1380.24,1384.91,1369.17,1379.84,24507,33815738.879999995,2025-12-23
1376.97,1378.34,1371.98,1372.88,25187,34578728.56,2025-12-24
1376.98,1391.46,1373.36,1386.15,23386,32416503.900000002,2025-12-25
1386.15,1391.12,1381.98,1386.11,17803,24676916.33,2025-12-26
1386.11,1386.11,1372.98,1373.98,26308,36146665.84,2025-12-29
1372.98,1373.88,1357.98,1361.7,33792,46014566.4,2025-12-30
1361.98,1365.98,1349.15,1349.16,34766,46904896.56,2025-12-31
1356.98,1403.86,1356.98,1397.98,70949,99185283.02,2026-01-05
1404.53,1408.95,1388.51,1399.99,39586,55420004.14,2026-01-06
1404.86,1406.98,1392.18,1395.34,29684,41419272.559999995,2026-01-07
1395.31,1395.34,1380.12,1384.28,29135,40330997.8,2026-01-08
1388.98,1400.58,1387.99,1391.08,29848,41520955.839999996,2026-01-09
1391.08,1402.98,1389.08,1395.21,36083,50343362.43,2026-01-12
1398.77,1401.5,1380.97,1382.98,39169,54169943.62,2026-01-13
1382.98,1394.23,1368.16,1369.99,51758,70907942.42,2026-01-14
1368.0,1374.81,1360.56,1360.87,40907,55669109.089999996,2026-01-15
1366.98,1369.48,1351.98,1353.98,55121,74632731.58,2026-01-16
1353.88,1359.47,1346.98,1347.98,42286,57000682.28,2026-01-19
1351.48,1353.56,1344.03,1345.53,36484,49090316.519999996,2026-01-20
1345.54,1346.38,1321.98,1323.04,64516,85357248.64,2026-01-21
1323.99,1333.74,1309.46,1312.04,59011,77424792.44,2026-01-22
1312.08,1319.98,1304.45,1308.98,61949,81090002.02,2026-01-23
1312.49,1326.98,1297.1,1313.98,80166,105336520.68,2026-01-26
1316.96,1325.68,1309.98,1314.99,48416,63666555.84,2026-01-27
1315.02,1318.69,1293.99,1295.67,76218,98753376.06,2026-01-28
1306.98,1416.98,1301.04,1409.7,189534,267186079.8,2026-01-29
1406.98,1406.98,1372.98,1372.98,94480,129719150.4,2026-01-30
1396.98,1430.56,1383.6,1398.98,85724,119926161.52,2026-02-02
1416.98,1448.79,1415.01,1446.9,86321,124897854.9,2026-02-03
1456.98,1505.25,1445.98,1496.98,109123,163354948.54,2026-02-04
1491.98,1536.98,1486.98,1526.98,91623,139906488.54,2026-02-05
1526.98,1539.98,1477.86,1486.99,78965,117420165.35,2026-02-06
1489.98,1514.86,1485.47,1496.94,51168,76595425.92,2026-02-09
1496.95,1496.95,1468.48,1476.78,39576,58445045.28,2026-02-10
1476.78,1485.98,1467.98,1476.31,30928,45659315.68,2026-02-11
1472.18,1474.8,1445.34,1458.58,46246,67453490.67999999,2026-02-12
1458.58,1479.78,1442.56,1457.28,41679,60737973.12,2026-02-13
1492.98,1496.38,1435.58,1438.78,41913,60303586.14,2026-02-24
1441.98,1481.64,1439.86,1463.64,36881,53980506.84,2026-02-25
1458.58,1461.47,1436.65,1438.19,32958,47399866.02,2026-02-26
1438.97,1448.19,1427.0,1427.0,32160,45892320.0,2026-02-27
1421.98,1428.98,1408.64,1412.09,35454,50064238.86,2026-03-02
1412.08,1424.85,1394.11,1398.17,45891,64163419.470000006,2026-03-03
1386.98,1394.98,1364.07,1373.16,48014,65930904.24,2026-03-04
1377.98,1384.94,1366.98,1371.02,30505,41822965.1,2026-03-05
1366.98,1379.48,1359.98,1373.98,29154,40057012.92,2026-03-06
1361.98,1376.88,1355.18,1368.98,37442,51257349.160000004,2026-03-09
1376.88,1381.47,1369.98,1373.86,24626,33832676.36,2026-03-10
1374.97,1377.97,1370.0,1371.98,24457,33554514.86,2026-03-11
1366.98,1375.93,1362.99,1363.98,27586,37626752.28,2026-03-12
1364.46,1389.6,1363.98,1385.62,33608,46567916.95999999,2026-03-13
1391.98,1437.98,1391.98,1432.16,60086,86052765.76,2026-03-16
1439.98,1470.05,1433.17,1456.98,49454,72053488.92,2026-03-17
1460.98,1468.48,1435.13,1440.78,35551,51221169.78,2026-03-18
1444.94,1444.98,1417.98,1424.85,30319,43200027.15,2026-03-19
1424.94,1434.48,1410.98,1416.98,26132,37028521.36,2026-03-20
1405.31,1406.98,1372.01,1380.05,47256,65215642.8,2026-03-23
1387.98,1389.57,1372.16,1379.31,28562,39395852.22,2026-03-24
1382.09,1389.85,1372.99,1382.25,26093,36067049.25,2026-03-25
1380.98,1385.88,1372.28,1373.16,23093,31710383.880000003,2026-03-26
1371.98,1397.98,1368.64,1388.0,30087,41760756.0,2026-03-27
1378.98,1402.98,1374.5,1391.98,28685,39928946.3,2026-03-30
1439.98,1451.91,1420.39,1421.98,61691,87723368.18,2026-03-31
1436.47,1441.97,1424.86,1431.42,29125,41690107.5,2026-04-01
1431.42,1436.86,1424.08,1431.86,21064,30160699.04,2026-04-02
1431.52,1441.94,1426.98,1431.98,20194,28917404.12,2026-04-03
1432.03,1441.98,1407.03,1412.0,24152,34102624.0,2026-04-07
1431.98,1441.06,1424.11,1437.0,33836,48622332.0,2026-04-08
1437.0,1437.0,1419.48,1432.47,20705,29659291.35,2026-04-09
1431.12,1431.69,1413.08,1425.94,28866,41161184.04,2026-04-10
1415.98,1418.48,1404.98,1415.29,25214,35685122.06,2026-04-13
1414.58,1420.58,1406.98,1418.88,24233,34383719.04,2026-04-14
1416.96,1442.77,1413.98,1439.48,34553,49738352.44,2026-04-15
1439.43,1449.39,1431.98,1434.82,24513,35171742.66,2026-04-16
1371.98,1392.98,1371.85,1379.22,96825,133542976.5,2026-04-17
1374.98,1385.92,1371.98,1382.87,36451,50406994.37,2026-04-20
1382.98,1391.88,1381.98,1383.99,21754,30107318.46,2026-04-21
1386.98,1390.98,1376.96,1381.48,26916,37183915.68,2026-04-22
1379.98,1391.68,1377.08,1390.98,37701,52441336.980000004,2026-04-23
1385.08,1430.86,1385.08,1430.47,55455,79326713.85000001,2026-04-24
1391.98,1391.98,1374.18,1375.18,72798,100110353.64,2026-04-27
1373.98,1381.37,1372.09,1376.98,34004,46822827.92,2026-04-28
1376.98,1381.73,1372.26,1373.15,34813,47803470.95,2026-04-29
1371.98,1373.15,1351.98,1356.77,52753,71573687.81,2026-04-30
1337.08,1350.98,1332.03,1346.98,47806,64393725.88,2026-05-06
1346.98,1359.98,1341.99,1343.03,40461,54340336.83,2026-05-07
1343.64,1354.75,1341.98,1344.97,33369,44880303.93,2026-05-08
1344.87,1344.87,1332.98,1333.31,57135,76178666.85,2026-05-11
1333.98,1335.56,1322.48,1326.53,50837,67436805.61,2026-05-12
1326.48,1330.58,1309.98,1316.07,56968,74973875.75999999,2026-05-13
1309.98,1341.04,1307.16,1314.15,55244,72598902.60000001,2026-05-14
1307.13,1311.26,1299.09,1304.93,58184,75926047.12,2026-05-15
1307.98,1314.66,1291.59,1294.98,49661,64310001.78,2026-05-18
1293.88,1301.97,1289.98,1296.28,43255,56070591.4,2026-05-19
1292.98,1304.97,1285.98,1286.98,47487,61114819.26,2026-05-20
1284.96,1295.5,1282.98,1282.98,38868,49866866.64,2026-05-21
1282.93,1283.89,1262.1,1262.18,49157,62044982.260000005,2026-05-22
1258.98,1276.77,1248.98,1257.86,46353,58305584.58,2026-05-25
1257.33,1261.87,1241.99,1245.36,45932,57201875.519999996,2026-05-26
1240.0,1290.98,1222.08,1274.98,82728,105476545.44,2026-05-27
1261.98,1275.98,1242.98,1247.96,45890,57268884.4,2026-05-28
1242.58,1300.98,1241.98,1297.98,76478,99266914.44,2026-05-29
1298.98,1298.98,1273.29,1281.58,43845,56190875.099999994,2026-06-01
1277.98,1298.34,1272.98,1279.2,36362,46514270.4,2026-06-02
1275.98,1275.98,1247.98,1253.89,52477,65800385.53000001,2026-06-03
1250.97,1260.97,1238.67,1239.98,33506,41546769.88,2026-06-04
1249.98,1254.98,1239.72,1244.84,31304,38968471.36,2026-06-05
1243.98,1249.98,1231.98,1234.96,30828,38071346.88,2026-06-08
1234.97,1234.98,1224.53,1227.98,27860,34211522.8,2026-06-09
1224.06,1253.98,1222.19,1247.86,39244,48971017.839999996,2026-06-10
1244.1,1254.86,1238.89,1250.98,25352,31714844.96,2026-06-11
1243.16,1266.98,1236.99,1263.89,50495,63820125.550000004,2026-06-12
1264.68,1264.68,1242.08,1243.08,41586,51694724.879999995,2026-06-15
1238.99,1239.86,1226.98,1227.65,34970,42930920.5,2026-06-16
1229.98,1231.75,1210.54,1211.98,44803,54300339.94,2026-06-17
1206.98,1210.85,1183.2,1186.98,57472,68218114.56,2026-06-18
1186.29,1224.78,1176.98,1213.39,58251,70681180.89,2026-06-22
1210.98,1235.98,1188.98,1194.43,58004,69281717.72,2026-06-23
1194.63,1213.85,1179.49,1179.66,45335,53479886.1,2026-06-24
1178.98,1198.98,1171.98,1184.08,48446,57363939.68,2026-06-25
1199.0,1199.0,1168.1,1168.63,50066,58508629.580000006,2026-06-26
1169.0,1215.0,1151.01,1194.96,66878,79916534.88,2026-06-29
1187.0,1195.67,1176.0,1185.49,39608,46954887.92,2026-06-30
1180.1,1196.8,1166.33,1193.01,42474,50671906.74,2026-07-01
1193.01,1215.52,1190.51,1203.0,50870,61196610.0,2026-07-02
1205.24,1210.14,1185.0,1194.45,34268,40931412.6,2026-07-03
1186.0,1215.0,1180.0,1206.91,40970,49447102.7,2026-07-06
1200.0,1202.0,1188.11,1188.8,27365,32531512.0,2026-07-07
1188.77,1200.98,1177.0,1199.3,25776,30913156.799999997,2026-07-08
1191.0,1191.99,1178.0,1182.19,34096,40307950.24,2026-07-09
1182.2,1204.98,1170.28,1204.98,52213,62915620.74,2026-07-10
1197.12,1215.0,1190.19,1210.99,41983,50840993.17,2026-07-13
1208.99,1226.87,1205.0,1214.88,43527,52880081.760000005,2026-07-14
1203.66,1256.6,1198.66,1251.06,71944,90006260.64,2026-07-15
1252.0,1267.97,1245.05,1258.99,47611,59941772.89,2026-07-16
1269.01,1269.33,1238.98,1253.0,58417,73196501.0,2026-07-17
1270.0,1329.0,1266.0,1327.5,106151,140915452.5,2026-07-20
1338.98,1344.7,1296.87,1308.0,77148,100909584.0,2026-07-21
1300.0,1308.0,1283.24,1305.0,65181,85061205.0,2026-07-22
1299.8,1303.0,1285.43,1292.01,33918,43822395.18,2026-07-23
1305.0,1309.21,1286.2,1297.41,35699,46316239.59,2026-07-24
1308.0,1308.0,1279.58,1289.5,31990,41251105.0,2026-07-27
1299.0,1320.0,1289.52,1320.0,53135,70138200.0,2026-07-28
1333.83,1343.48,1312.06,1321.0,62330,82337930.0,2026-07-29
1323.0,1362.0,1322.0,1361.76,71873,97873776.48,2026-07-30
1330.03,1355.72,1325.77,1350.6,55128,74455876.8,2026-07-31
1350.6,1363.35,1346.0,1358.98,36147,49123050.06,2026-08-03
1350.06,1350.94,1328.36,1328.36,37450,49747081.99999999,2026-08-04
1328.36,1333.8,1303.5,1306.45,42689,55771044.050000004,2026-08-05
1310.0,1314.4,1300.01,1308.55,25463,33319608.65,2026-08-06
1308.66,1315.28,1301.0,1309.22,24976,32699078.720000003,2026-08-07
1325.0,1359.97,1318.08,1348.86,62686,84554637.96,2026-08-10
1348.0,1352.65,1338.0,1346.5,27073,36453794.5,2026-08-11
1346.5,1356.88,1332.51,1343.0,35060,47085580.0,2026-08-12
1338.0,1359.6,1337.0,1355.29,32353,43847697.37,2026-08-13
1355.0,1359.0,1338.14,1341.99,29853,40062427.47,2026-08-14
1295.0,1301.0,1280.34,1293.09,78430,101417048.69999999,2026-08-17
1291.0,1302.9,1285.17,1297.99,38723,50262066.77,2026-08-18
1300.0,1308.88,1290.5,1307.88,37548,49108278.24,2026-08-19
1299.8,1306.88,1291.0,1291.5,25332,32716278.0,2026-08-20
1291.5,1291.5,1272.01,1272.83,33472,42604165.76,2026-08-21
1271.01,1313.8,1270.33,1304.66,48440,63197730.400000006,2026-08-24
1311.89,1317.0,1301.11,1304.0,21111,27528744.0,2026-08-25
1300.0,1314.45,1295.0,1302.8,21731,28311146.8,2026-08-26
1304.0,1305.0,1288.0,1292.3,24767,32006394.099999998,2026-08-27
1289.0,1297.89,1288.0,1297.4,16126,20921872.400000002,2026-08-28
1297.99,1305.0,1286.0,1299.52,23248,30211240.96,2026-08-31
1295.0,1307.99,1286.1,1299.56,32664,42448827.839999996,2026-09-01
1302.8,1303.0,1291.2,1297.5,20308,26349630.0,2026-09-02
1297.5,1305.0,1293.02,1298.88,17748,23052522.240000002,2026-09-03
1295.88,1338.86,1295.6,1330.0,45416,60403280.0,2026-09-04
1324.0,1333.6,1312.66,1316.01,25250,33229252.5,2026-09-07
1318.0,1323.0,1309.05,1309.3,17534,22957266.2,2026-09-08
1305.01,1309.3,1286.68,1290.88,32226,41599898.88,2026-09-09
1291.0,1294.99,1282.0,1285.13,18900,24288957.000000004,2026-09-10
1285.15,1286.15,1263.01,1275.16,34801,44376843.160000004,2026-09-11
1277.27,1285.53,1270.36,1277.96,16571,21177075.16,2026-09-14
1281.0,1284.5,1271.28,1272.75,13762,17515585.5,2026-09-15
1273.93,1274.98,1254.1,1258.0,26235,33003630.0,2026-09-16
1257.98,1267.6,1254.0,1266.98,17554,22240566.92,2026-09-17
1262.99,1265.88,1256.1,1257.12,24891,31290973.919999998,2026-09-18
