open,high,low,close,volume,amount,timestamps
996.682,996.682,984.795,986.927,232376203,229338348898.181,2005-01-04
986.57,1008.855,985.677,1003.633,348610113,349876613540.529,2005-01-05
1003.49,1003.49,990.792,994.595,293390559,291804783028.605,2005-01-06
993.434,1009.0,990.446,997.606,339162698,338350742500.988,2005-01-07
996.928,1006.457,993.123,1006.337,294940533,296809571157.621,2005-01-10
1006.211,1009.501,999.86,1008.343,313611521,316227981919.703,2005-01-11
1008.01,1008.743,998.361,1008.62,319639380,322394671455.6,2005-01-12
1008.098,1014.841,1005.348,1013.07,471573361,477736824828.27,2005-01-13
1012.699,1019.48,999.266,1000.169,401693734,401761620241.046,2005-01-14
990.987,991.022,974.333,977.522,435860320,426063051727.04004,2005-01-17
977.603,991.839,974.149,991.419,451613258,447737964633.102,2005-01-18
991.291,991.291,981.227,986.241,425524931,419670133474.371,2005-01-19
983.198,983.198,966.887,972.463,465204848,452394502100.62396,2005-01-20
971.501,989.718,951.427,988.519,618525583,611424290781.577,2005-01-21
1009.947,1009.947,998.37,1008.175,732335514,738322356826.95,2005-01-24
1006.0,1006.0,989.946,999.553,469480344,469270486286.232,2005-01-25
997.638,997.638,985.669,987.955,411390082,406434888462.31,2005-01-26
986.146,986.146,970.354,971.373,412321375,400517850997.875,2005-01-27
971.373,971.941,949.112,952.413,407237328,387858125272.464,2005-01-28
948.439,948.439,921.58,922.653,409509905,377835542377.965,2005-01-31
919.8,929.688,911.933,913.331,419974568,383575792166.008,2005-02-01
913.025,964.423,913.025,964.243,655356622,631923035267.146,2005-02-02
963.746,967.936,944.764,945.312,637130084,602286713966.208,2005-02-03
944.447,963.81,943.472,962.028,519301391,499582478580.948,2005-02-04
967.432,979.304,965.939,972.337,469332268,456349129470.316,2005-02-16
971.838,977.44,964.324,977.272,403195849,394032013743.92804,2005-02-17
977.12,977.12,964.554,964.769,411281145,396791298980.505,2005-02-18
965.001,981.887,964.471,981.819,476520314,467856698171.16595,2005-02-21
982.418,1008.671,980.505,1007.688,957578905,964940771621.64,2005-02-22
1008.293,1023.33,1002.801,1019.258,1020182334,1039829005388.172,2005-02-23
1018.292,1024.873,1012.445,1024.446,868323283,889550313976.2179,2005-02-24
1024.569,1035.474,1023.744,1024.118,965076125,988351830982.75,2005-02-25
1023.191,1026.037,1014.941,1020.847,702805156,717456535087.132,2005-02-28
1020.595,1023.96,1011.561,1021.162,667563690,681690672807.78,2005-03-01
1021.357,1028.329,1005.335,1006.148,745797116,750382276669.168,2005-03-02
1004.1,1011.7,996.362,1011.288,537249418,543313889430.38403,2005-03-03
1011.2,1012.665,1001.848,1003.21,452518936,453971521784.56,2005-03-04
1004.341,1008.356,1001.861,1006.953,447514053,450625618210.509,2005-03-07
1007.684,1029.457,1007.684,1029.457,718700799,739871568436.1431,2005-03-08
1031.602,1034.618,1024.89,1032.55,825782273,852661485986.1499,2005-03-09
1032.274,1032.274,1002.415,1005.545,710602049,714542337361.705,2005-03-10
1003.781,1010.857,999.111,1009.434,595531053,601149292954.002,2005-03-11
1009.177,1016.538,991.059,1007.766,755050325,760914045823.95,2005-03-14
1007.892,1007.892,992.015,993.831,649956805,645947221469.955,2005-03-15
992.642,992.642,977.132,983.916,531196451,522652687282.116,2005-03-16
983.105,984.246,970.338,970.966,531330742,515904085236.77203,2005-03-17
969.118,973.1,945.597,949.509,539391703,512157276523.827,2005-03-18
947.571,952.756,940.094,949.553,419219010,398070668602.53,2005-03-21
948.784,949.067,918.093,922.564,579501326,534627061319.86395,2005-03-22
921.069,937.682,914.541,923.194,529028344,488395793010.73596,2005-03-23
922.181,933.919,914.646,933.347,431920133,403131360375.151,2005-03-24
933.173,936.125,927.181,931.417,418984460,390249248779.82,2005-03-25
930.168,930.168,909.172,922.923,401957019,370975377846.537,2005-03-28
922.659,929.455,916.654,916.811,369856709,339088699234.999,2005-03-29
915.088,915.088,887.981,888.949,468949559,416872241523.49097,2005-03-30
887.07,896.408,880.878,896.068,412561375,369683046173.5,2005-03-31
895.227,934.549,884.626,927.546,692179347,642028184592.462,2005-04-01
919.139,920.623,904.618,909.87,533383808,485309925384.96,2005-04-04
908.185,912.382,899.796,901.744,457250275,412322691979.60004,2005-04-05
901.744,921.638,893.027,918.557,680502776,625080588414.232,2005-04-06
919.235,945.571,917.626,932.333,954023521,889467611404.4929,2005-04-07
931.774,949.468,928.058,949.457,799738066,759316904930.162,2005-04-08
949.847,957.342,943.722,948.509,868824248,824087618646.232,2005-04-11
947.115,947.115,927.11,927.41,603996652,560152535031.32,2005-04-12
932.311,951.198,932.311,950.229,814108633,773589632226.957,2005-04-13
952.538,954.141,934.128,935.425,698368786,653271621644.0499,2005-04-14
931.666,931.666,911.318,913.271,666159696,608384331725.616,2005-04-15
910.889,910.889,895.275,901.118,500326908,450853582683.14404,2005-04-18
899.934,905.052,893.29,902.785,479860298,433210679129.93,2005-04-19
902.22,902.22,880.928,884.083,532165039,470478064174.237,2005-04-20
881.676,886.437,863.138,867.328,625034912,542110280155.136,2005-04-21
865.817,870.005,851.343,857.401,622488482,533722246955.282,2005-04-22
846.142,847.812,829.548,841.058,581986195,489484145194.31,2005-04-25
839.248,858.107,835.857,855.24,619995510,530244959972.4,2005-04-26
857.951,857.951,839.562,839.953,594365492,499239078101.876,2005-04-27
837.384,863.452,825.509,860.616,764311242,657778483845.072,2005-04-28
860.393,860.393,845.436,847.611,601368538,509726587862.718,2005-04-29
848.088,851.209,818.105,818.399,420610047,344226841854.753,2005-05-09
814.765,818.497,791.103,818.088,494693584,404702884747.39197,2005-05-10
816.817,822.773,809.58,811.57,463757906,376372003772.42004,2005-05-11
810.16,814.887,799.816,807.51,459710546,371220863000.46,2005-05-12
806.728,819.416,801.868,814.878,519752845,423535158827.91003,2005-05-13
814.055,814.055,802.823,808.171,453750251,366707794100.921,2005-05-16
806.808,821.049,803.424,818.455,495508190,405551155646.45,2005-05-17
818.12,824.771,811.036,824.643,455807702,375878630800.386,2005-05-18
824.826,828.582,814.151,824.94,477627612,394014122243.28,2005-05-19
824.574,828.079,818.365,819.13,432752210,354480317777.3,2005-05-20
816.195,816.195,793.052,793.724,431271537,342310569433.788,2005-05-23
791.129,811.671,788.817,808.743,469529223,379728472396.689,2005-05-24
808.521,817.668,803.942,809.697,529453761,428697121920.417,2005-05-25
808.661,812.694,795.425,799.024,483878743,386630728746.832,2005-05-26
797.183,806.252,789.859,790.998,416763164,329658829197.672,2005-05-27
788.637,799.403,783.854,797.532,384870800,306946778865.60004,2005-05-30
798.334,802.036,793.876,796.872,429973699,342634001469.52795,2005-05-31
795.817,795.817,774.354,778.673,464872701,361983820705.773,2005-06-01
777.469,779.23,764.15,769.421,495063844,380912517914.32404,2005-06-02
767.67,772.831,755.255,765.967,458631503,351296596458.401,2005-06-03
764.656,778.4,751.321,778.21,476354250,370703640892.5,2005-06-06
779.723,795.42,776.121,779.844,708730037,552698866974.228,2005-06-07
782.007,845.059,782.007,841.36,1497354405,1259814102190.8,2005-06-08
840.233,858.746,829.276,849.725,1531145199,1301052354220.2751,2005-06-09
850.024,850.024,827.753,831.605,1003594822,834594471949.31,2005-06-10
830.796,837.382,818.584,834.252,689483897,575203320040.044,2005-06-13
835.353,841.334,817.531,818.191,740158653,605591148456.723,2005-06-14
815.731,815.731,794.848,796.26,588453212,468561754587.12,2005-06-15
795.755,804.038,786.005,803.945,551448200,443334023149.0,2005-06-16
805.753,809.578,796.891,800.137,547849935,438355003441.095,2005-06-17
799.467,823.913,786.428,823.733,796647678,656224981741.974,2005-06-20
823.538,824.038,813.276,816.197,638511320,521151023850.04,2005-06-21
814.912,819.491,808.767,818.647,499273725,408728937150.075,2005-06-22
818.189,821.456,808.562,809.347,524665869,424636747077.54297,2005-06-23
807.678,813.277,802.486,813.203,427675509,347787006945.32697,2005-06-24
817.284,838.42,817.284,834.346,928098446,774355226026.316,2005-06-27
832.155,832.155,817.286,819.046,574778722,470770213139.21204,2005-06-28
818.091,821.078,813.079,814.064,514989044,419234041114.816,2005-06-29
813.152,813.152,790.757,791.502,535470028,423825598102.05597,2005-06-30
789.177,789.177,758.707,760.352,646907313,491877269254.17596,2005-07-01
756.033,756.033,732.864,749.483,590970196,442922115408.66797,2005-07-04
747.894,752.773,739.621,744.595,439146253,326986104252.53503,2005-07-05
744.795,750.302,738.38,743.444,428024302,318212099176.088,2005-07-06
743.323,751.128,740.485,747.418,392513492,293371649163.656,2005-07-07
746.289,746.289,722.283,722.854,509962055,368628111304.97003,2005-07-08
725.635,742.947,712.966,714.475,504551945,360489750903.875,2005-07-11
712.307,740.594,708.992,739.534,690327173,510520415557.382,2005-07-12
738.614,738.74,729.591,732.443,571845061,418843912014.023,2005-07-13
732.005,740.05,729.269,732.544,523636686,383586912509.184,2005-07-14
732.674,736.409,712.443,714.488,594210409,424556206705.59204,2005-07-15
712.32,712.32,694.848,696.848,481789676,335734172141.248,2005-07-18
695.767,705.076,692.697,703.066,418524535,294250370724.31,2005-07-19
703.173,711.008,699.192,707.293,424300901,300105057170.993,2005-07-20
707.049,707.938,695.384,704.788,474598107,334491050636.316,2005-07-21
704.611,728.523,704.231,721.445,950855587,685990008963.2151,2005-07-22
720.609,720.987,714.684,718.867,577102003,414859585590.60095,2005-07-25
718.623,736.721,718.6,735.861,919136182,676356470022.702,2005-07-26
736.289,750.093,731.076,750.015,947247844,710450091717.66,2005-07-27
750.4,755.942,744.022,747.23,1074715208,803059444873.84,2005-07-28
746.589,748.38,739.396,744.825,705695311,525619510015.575,2005-07-29
744.771,751.046,742.896,750.488,631794348,474154076641.82404,2005-08-01
750.964,763.29,746.819,763.29,890216702,679493506469.58,2005-08-02
764.938,781.027,763.865,769.752,1408354965,1084084051018.6799,2005-08-03
767.566,769.342,761.362,765.262,866178461,662853461421.782,2005-08-04
765.39,787.926,765.39,787.819,1249026298,984006649064.0619,2005-08-05
792.401,805.597,790.179,800.117,1536139404,1229091251510.2678,2005-08-08
800.837,814.258,794.179,814.186,1401640053,1141195708191.8582,2005-08-09
814.763,823.987,804.522,823.839,1520112307,1252327802886.573,2005-08-10
823.72,833.682,820.288,832.841,1646330415,1371131469159.015,2005-08-11
833.462,839.521,811.38,816.386,1764308661,1440356890519.146,2005-08-12
814.842,839.679,814.564,839.667,1262526106,1060101507846.702,2005-08-15
841.322,846.656,830.728,839.264,1551594142,1302197105991.488,2005-08-16
837.896,854.607,823.439,854.526,1679237457,1434952067180.3818,2005-08-17
855.879,865.692,819.884,820.664,2133211994,1750650287844.0159,2005-08-18
816.96,828.117,803.281,820.869,1386054808,1137769424188.152,2005-08-19
819.478,833.271,817.165,831.496,972441322,808581069477.712,2005-08-22
830.736,830.736,809.461,816.914,918385115,750241657835.11,2005-08-23
816.742,826.731,816.608,826.716,884105752,730904370870.432,2005-08-24
827.014,836.578,821.58,836.418,1037584874,867854665141.332,2005-08-25
837.41,842.297,830.582,840.431,1188080079,998499328874.0491,2005-08-26
839.305,840.041,826.356,832.248,1078255660,897376116523.68,2005-08-29
831.492,834.208,827.092,827.55,924203558,764824654422.8999,2005-08-30
827.228,845.15,822.166,845.142,1134994316,959231366212.8721,2005-08-31
845.934,865.405,842.812,865.405,1703406614,1474136600788.67,2005-09-01
866.549,874.157,861.475,872.485,1536554793,1340621008570.605,2005-09-02
873.856,884.396,871.882,884.29,1250419203,1105733197020.8699,2005-09-05
885.362,892.216,860.358,862.491,1705090353,1470625083649.323,2005-09-06
860.384,888.181,857.758,888.125,1395759518,1239608921923.75,2005-09-07
890.193,894.739,878.284,889.69,1469915717,1307769314257.73,2005-09-08
889.549,893.827,875.606,879.503,1039946723,914636262718.6691,2005-09-09
878.73,883.561,874.766,883.561,765652323,676500532162.203,2005-09-12
884.247,904.311,883.458,904.311,1249627241,1130051659935.951,2005-09-13
906.214,915.134,902.562,914.983,1659733385,1518627831807.4548,2005-09-14
914.906,920.954,910.767,918.505,1358238477,1247548832316.885,2005-09-15
918.259,918.803,910.841,917.638,1096153231,1005871858588.378,2005-09-16
918.129,930.591,915.927,930.489,1205620878,1121816965149.342,2005-09-19
931.88,931.894,915.137,924.16,1574760592,1455330748702.72,2005-09-20
921.92,922.18,908.983,909.787,1560313942,1419553340350.354,2005-09-21
906.049,907.29,866.949,880.013,1440832168,1267951038658.184,2005-09-22
876.31,883.536,868.158,868.549,979978400,851159259341.6,2005-09-23
867.222,875.026,862.185,874.84,696568999,609386423085.16,2005-09-26
875.097,877.662,856.495,856.958,880588126,754627039280.708,2005-09-27
855.796,863.813,849.886,852.359,751078150,640188220855.85,2005-09-28
852.038,871.487,852.038,871.291,883536020,769816982401.8201,2005-09-29
871.229,873.114,866.825,869.509,752996306,654737065033.754,2005-09-30
870.049,870.049,857.965,858.748,611949522,525510428118.45605,2005-10-10
857.642,878.694,854.274,878.623,763526757,670852169815.6111,2005-10-11
879.05,891.862,874.98,887.711,945920510,839704041852.61,2005-10-12
888.303,890.857,881.227,883.45,828704887,732119332420.15,2005-10-13
882.872,883.841,873.46,876.053,795404996,696816932960.788,2005-10-14
874.854,878.885,868.461,878.757,768788822,675578558854.2539,2005-10-17
878.781,893.979,878.454,893.699,971621052,868336762551.3479,2005-10-18
893.467,900.68,884.989,886.314,984363321,872454992488.794,2005-10-19
885.34,886.835,872.477,886.551,952193584,844168174088.784,2005-10-20
886.431,898.248,885.278,895.027,1002492703,897258036487.9811,2005-10-21
895.428,899.436,891.955,897.757,878935437,789070441114.809,2005-10-24
896.693,896.693,877.543,877.577,867696644,761470617751.588,2005-10-25
875.54,876.414,853.602,854.028,938201439,801250298546.292,2005-10-26
851.081,856.967,841.864,847.593,810393716,686884040925.588,2005-10-27
846.702,850.912,814.117,825.063,866896692,715244385391.596,2005-10-28
823.233,831.178,819.355,828.659,649257458,538013035888.822,2005-10-31
827.894,827.894,808.399,823.328,694423972,571738700018.816,2005-11-01
823.206,843.154,823.206,840.316,909599265,764350815967.74,2005-11-02
839.858,842.518,826.116,828.906,755962393,626621763332.058,2005-11-03
828.04,835.224,820.895,835.122,644961044,538621156987.368,2005-11-04
835.063,842.058,829.74,842.002,613296312,516396721296.62396,2005-11-07
841.929,849.111,835.812,848.965,729783834,619560932631.81,2005-11-08
848.741,852.027,844.763,845.11,761274661,643360828757.71,2005-11-09
843.62,843.62,820.639,821.269,843958006,693116547629.614,2005-11-10
818.717,828.394,814.721,823.956,638009394,525691668242.664,2005-11-11
821.782,827.581,819.189,827.569,446843616,369793924449.50397,2005-11-14
827.516,832.993,816.79,820.491,587161567,481760781269.397,2005-11-15
820.066,826.692,808.212,826.692,554222441,458171258195.172,2005-11-16
827.218,830.372,822.995,825.797,553381628,456980888257.516,2005-11-17
824.804,845.7,824.359,843.738,969075674,817645971029.4121,2005-11-18
844.629,849.304,842.439,846.958,660867737,559727216794.046,2005-11-21
847.182,847.451,831.365,831.771,627509055,521943834186.40497,2005-11-22
831.701,838.557,828.066,838.117,494042158,414065131336.48596,2005-11-23
837.678,843.959,836.858,841.699,553120116,465560648517.084,2005-11-24
841.714,841.783,836.44,841.13,484954815,407910043540.95,2005-11-25
841.211,841.876,835.052,838.342,459130528,384908405104.576,2005-11-28
839.25,839.25,826.436,827.005,449955496,372115444969.48,2005-11-29
826.335,829.704,821.673,829.5,480517458,398589231411.0,2005-11-30
829.335,832.119,824.281,828.193,392720888,325248690395.384,2005-12-01
827.154,827.91,816.422,817.864,439908623,359785426041.27203,2005-12-02
819.791,819.791,796.34,796.926,489537012,390124772825.112,2005-12-05
795.111,800.578,792.113,798.878,372778249,297804342004.622,2005-12-06
800.183,806.889,798.291,806.778,375535545,302973815924.01,2005-12-07
807.406,808.903,801.192,805.561,389699945,313927077394.145,2005-12-08
805.521,819.525,803.814,819.2,556345562,455758284390.4,2005-12-09
820.109,825.608,817.934,824.518,546831096,450872081611.728,2005-12-12
824.628,824.964,815.351,824.861,491743826,405620304058.186,2005-12-13
824.861,833.472,819.527,832.513,593392904,494007306687.752,2005-12-14
833.465,837.477,826.605,827.539,608947257,503927604110.523,2005-12-15
827.162,834.658,824.517,834.537,519947452,433915386749.724,2005-12-16
834.956,836.465,831.977,834.712,485956893,405634050069.816,2005-12-19
834.885,836.281,829.361,836.119,445420270,372424350732.13,2005-12-20
836.632,838.14,829.189,830.766,520574270,432475403990.82,2005-12-21
830.447,835.56,828.321,835.503,508067618,424492019041.854,2005-12-22
835.765,845.626,835.544,845.589,644609954,545075086392.906,2005-12-23
846.931,855.127,846.8,853.169,786041550,670626283171.95,2005-12-26
854.751,855.965,849.481,854.526,652886932,557908858454.2319,2005-12-27
854.641,857.263,852.22,857.206,561571724,481382651243.144,2005-12-28
858.413,866.777,858.413,866.747,861709564,746884179468.308,2005-12-29
868.442,869.264,857.713,860.131,755231609,649598119080.7789,2005-12-30
860.044,871.961,859.305,871.73,803901003,700784621345.1901,2006-01-04
872.088,882.813,871.603,882.732,1088581159,960925423646.388,2006-01-05
884.924,896.055,879.178,891.94,1337023166,1192544442682.04,2006-01-06
893.525,905.431,892.211,905.068,1236129648,1118781388256.064,2006-01-09
907.635,911.294,898.73,911.191,1120008016,1020541224107.056,2006-01-10
910.761,915.018,901.397,906.496,1295314172,1174197115661.312,2006-01-11
906.939,927.42,905.426,927.42,1402461457,1300670804450.94,2006-01-12
930.303,935.528,924.546,932.499,1445938893,1348336571783.607,2006-01-13
933.217,935.527,919.916,920.332,1259213622,1158894591162.504,2006-01-16
918.52,922.68,914.376,919.279,891831946,819842379486.934,2006-01-17
920.062,939.215,919.626,939.136,1147478663,1077638521655.168,2006-01-18
941.168,950.036,935.758,949.913,1398923475,1328855594907.675,2006-01-19
950.627,954.646,943.121,952.769,1477917237,1408113727979.253,2006-01-20
955.086,962.084,946.604,961.069,1412571419,1357578601086.911,2006-01-23
961.653,969.425,956.983,960.353,1410381926,1354464513779.878,2006-01-24
960.027,963.742,947.296,957.787,1281711153,1227606280098.4111,2006-01-25
961.034,980.988,960.316,980.91,1292312167,1267641927731.97,2006-02-06
983.339,989.696,970.307,981.574,1701690792,1670335437466.608,2006-02-07
979.145,983.037,970.411,982.943,1358863093,1335684965222.699,2006-02-08
982.181,982.181,967.314,969.577,1183502422,1147496727815.494,2006-02-09
971.249,980.801,970.828,980.801,1179724437,1157074907534.037,2006-02-10
981.633,981.712,967.129,977.396,1139372163,1113617794627.5479,2006-02-13
977.277,986.057,976.16,986.056,1044762810,1030194637377.36,2006-02-14
987.088,990.492,982.027,986.161,1232201619,1215149180794.659,2006-02-15
986.326,986.326,958.18,958.59,1447752683,1387801244396.97,2006-02-16
961.254,962.498,949.428,949.993,1124600767,1068362856444.6311,2006-02-17
949.025,952.419,942.709,943.765,982157070,926925467168.5499,2006-02-20
943.109,960.088,933.37,960.017,1016677725,976027899521.3251,2006-02-21
960.103,967.607,957.663,959.947,1033943993,992531434248.371,2006-02-22
959.126,960.668,946.881,958.722,918400941,880491186957.402,2006-02-23
959.342,967.292,958.377,967.163,1000713028,967852614299.564,2006-02-24
968.211,969.339,959.446,963.379,902547290,869495105692.91,2006-02-27
962.524,964.948,947.866,964.726,870227494,839531089376.644,2006-02-28
966.842,972.246,963.238,972.067,965844128,938865203972.576,2006-03-01
972.15,972.15,950.38,953.369,1140765356,1087570326684.364,2006-03-02
951.932,956.952,941.801,954.457,943555166,900582833074.8619,2006-03-03
955.25,957.204,949.463,952.351,732304913,697411316200.463,2006-03-06
951.638,951.638,927.501,928.576,862111672,800536207939.072,2006-03-07
924.611,927.785,913.713,924.83,722665645,668342868465.35,2006-03-08
923.324,926.562,917.492,920.13,611090880,562283051414.4,2006-03-09
922.444,925.098,917.912,921.683,604909921,557535190717.043,2006-03-10
921.234,928.828,920.046,928.518,562189126,522002722895.268,2006-03-13
929.011,931.862,923.471,931.721,634260018,590953378230.978,2006-03-14
931.272,942.709,929.997,942.689,799864278,754023256363.542,2006-03-15
942.723,945.562,939.206,945.523,818227265,773652698284.595,2006-03-16
944.952,946.532,938.903,943.725,894489302,844151916529.9501,2006-03-17
944.104,956.138,939.848,956.138,912038903,872035052636.614,2006-03-20
957.893,963.991,955.01,959.927,1186527699,1138979974517.9731,2006-03-21
959.516,972.137,957.383,972.137,1151416606,1119334685107.022,2006-03-22
972.715,982.615,971.181,980.841,1389792090,1363165063347.69,2006-03-23
982.456,983.836,972.851,974.269,1264798232,1232253708692.408,2006-03-24
974.563,984.302,969.67,984.152,1070685331,1053717109874.312,2006-03-27
987.534,994.981,986.345,994.52,1336006135,1328684821380.2,2006-03-28
995.686,1007.989,993.705,997.704,1578408542,1574784515987.5679,2006-03-29
997.138,998.912,986.514,986.957,1332995528,1315609267328.296,2006-03-30
988.955,1000.532,985.414,1000.251,1328234254,1328567640797.754,2006-03-31
1001.322,1025.788,1001.322,1025.788,1749089099,1794194608685.012,2006-04-03
1029.106,1038.109,1024.166,1038.109,1867487248,1938655319534.0317,2006-04-04
1039.778,1049.08,1037.596,1048.666,1866785850,1957634850176.0999,2006-04-05
1052.354,1064.58,1045.897,1053.693,2117335449,2231021541263.1567,2006-04-06
1056.29,1068.172,1051.786,1068.11,2128852204,2273848327614.44,2006-04-07
1071.185,1090.72,1069.731,1090.72,2197651429,2397022366638.88,2006-04-10
1097.273,1098.957,1081.69,1094.409,2259582098,2472906984290.082,2006-04-11
1095.075,1101.485,1089.129,1095.497,2014051546,2206387426488.3623,2006-04-12
1097.292,1103.662,1062.472,1062.69,2261439144,2403208763937.3604,2006-04-13
1058.708,1088.266,1053.885,1088.183,1643491447,1788419453270.801,2006-04-14
1086.243,1097.499,1080.617,1093.513,1913733660,2092692635747.5798,2006-04-17
1094.358,1100.883,1087.01,1097.73,1717572867,1885431263291.91,2006-04-18
1098.582,1100.661,1082.18,1100.661,1856178229,2043022985709.3691,2006-04-19
1102.274,1102.274,1084.202,1091.851,1977024852,2158616561681.0522,2006-04-20
1091.657,1106.54,1081.189,1102.547,2048506016,2258574162422.752,2006-04-21
1106.116,1107.593,1083.094,1094.375,2277834184,2492804785115.0,2006-04-24
1091.835,1109.305,1076.905,1103.059,2074415641,2288202842545.819,2006-04-25
1103.746,1125.866,1102.833,1116.811,2260280999,2524306682774.189,2006-04-26
1119.67,1127.965,1110.688,1125.32,1857431351,2090204647907.3198,2006-04-27
1117.511,1146.382,1098.773,1141.685,2053279754,2344198695945.4897,2006-04-28
1148.084,1181.526,1148.084,1180.728,2244040231,2649601133868.168,2006-05-08
1188.797,1218.094,1182.951,1218.094,2980858218,3630965510196.492,2006-05-09
1227.286,1247.23,1214.734,1241.571,3120288528,3874059747997.488,2006-05-10
1247.122,1278.7,1237.721,1237.772,3658888380,4528869587889.359,2006-05-11
1239.755,1283.751,1237.633,1283.677,3296716375,4231918986110.8745,2006-05-12
1303.378,1344.963,1291.372,1344.924,4066894169,5469663573348.156,2006-05-15
1347.186,1357.811,1291.441,1297.932,3938162048,5111466543284.736,2006-05-16
1302.61,1327.244,1289.15,1318.966,3213714158,4238779708120.6274,2006-05-17
1311.427,1336.441,1294.906,1328.206,2851040211,3786768714491.466,2006-05-18
1332.16,1369.427,1327.193,1365.647,3078397575,4204004413106.025,2006-05-19
1370.503,1396.494,1364.448,1386.748,3321817465,4606523725953.82,2006-05-22
1388.028,1388.028,1325.991,1326.156,3140625207,4164958962014.292,2006-05-23
1333.308,1360.164,1279.954,1308.693,2660086684,3481236822744.0117,2006-05-24
1304.081,1329.628,1298.732,1324.919,1966382467,2605297491795.1733,2006-05-25
1330.227,1355.627,1329.138,1355.501,2093117262,2837222541758.2617,2006-05-26
1362.843,1387.564,1352.976,1387.524,2342928601,3250869664173.924,2006-05-29
1391.621,1411.381,1380.2,1410.542,2494138877,3518087639841.334,2006-05-30
1408.911,1426.081,1392.152,1402.332,2759887682,3870278812874.4243,2006-05-31
1402.335,1455.741,1401.838,1455.741,3306958568,4814075172738.888,2006-06-01
1462.614,1475.085,1440.273,1457.763,3832554248,5586955778227.224,2006-06-02
1461.023,1484.458,1443.31,1484.29,2941387422,4365871936600.38,2006-06-05
1482.804,1485.568,1464.101,1470.449,2532940176,3724559348859.0244,2006-06-06
1470.257,1470.257,1370.386,1370.809,2793126267,3828842624940.003,2006-06-07
1357.299,1379.367,1326.784,1376.079,2467163299,3395011605324.621,2006-06-08
1371.402,1386.933,1345.598,1346.481,2322073936,3126628435419.216,2006-06-09
1339.537,1361.905,1329.202,1352.582,1467211556,1984523940837.592,2006-06-12
1350.736,1369.612,1342.474,1361.526,1455776769,1982077921189.4941,2006-06-13
1351.335,1351.335,1328.867,1347.878,1398792227,1885401269344.306,2006-06-14
1346.0,1366.396,1344.783,1352.336,1382726739,1869911147312.304,2006-06-15
1362.058,1382.598,1360.422,1382.41,1594933191,2204851592570.31,2006-06-16
1367.057,1405.131,1359.747,1397.995,1717454331,2400992567466.3447,2006-06-19
1397.155,1415.884,1391.362,1414.905,1793339461,2537404970066.205,2006-06-20
1414.942,1426.984,1399.688,1410.502,1824167897,2572992467054.294,2006-06-21
1409.148,1416.031,1399.278,1411.278,1606707375,2267510770775.25,2006-06-22
1408.418,1430.633,1401.503,1430.513,1688695628,2415701048897.164,2006-06-23
1433.242,1458.795,1433.242,1457.137,2045322219,2980314682227.003,2006-06-26
1460.897,1466.124,1447.677,1464.686,2030608262,2974203492835.732,2006-06-27
1463.235,1468.858,1454.757,1461.793,1776840085,2597372398372.405,2006-06-28
1465.855,1489.956,1465.855,1488.164,2438537312,3628943440375.168,2006-06-29
1495.506,1501.265,1476.222,1485.995,2463673450,3661006428332.7495,2006-06-30
1489.459,1514.068,1483.948,1514.068,2534876523,3837975427425.564,2006-07-03
1516.703,1525.187,1496.628,1508.839,2785012612,4202135644477.468,2006-07-04
1508.358,1508.358,1475.018,1497.656,2157474894,3231155219848.464,2006-07-05
1498.042,1539.39,1497.21,1539.177,2542614011,3913533005608.947,2006-07-06
1544.973,1549.609,1534.186,1541.253,2502686310,3857272783346.4297,2006-07-07
1542.904,1551.091,1530.534,1550.04,1980847923,3070393514566.92,2006-07-10
1551.642,1561.904,1543.712,1561.843,2080204399,3248952679147.357,2006-07-11
1564.449,1577.396,1560.068,1562.06,2527544430,3948176052325.8,2006-07-12
1558.426,1558.601,1459.671,1459.778,3494460658,5101136790413.924,2006-07-13
1442.328,1484.886,1435.749,1470.467,2119687786,3116930939616.062,2006-07-14
1467.262,1494.793,1460.731,1494.793,1773405870,2650874680634.9097,2006-07-17
1494.964,1506.592,1481.072,1506.592,1791203895,2698613458575.8403,2006-07-18
1503.677,1503.677,1460.054,1472.354,1901380938,2799505829588.0522,2006-07-19
1470.534,1486.939,1462.412,1484.409,1624845474,2411935245214.866,2006-07-20
1483.038,1494.806,1482.921,1493.036,1589308027,2372894099399.972,2006-07-21
1464.274,1497.519,1453.089,1496.607,1630750525,2440592650968.675,2006-07-24
1498.225,1522.443,1498.225,1518.172,1783535009,2707712911683.548,2006-07-25
1521.893,1529.286,1512.013,1523.863,1739988884,2651504680738.892,2006-07-26
1523.152,1531.689,1492.673,1506.56,1979114306,2981654448847.36,2006-07-27
1504.583,1510.802,1472.63,1492.114,1860457554,2776014762729.1562,2006-07-28
1487.78,1487.78,1424.521,1425.044,1797706241,2561810492499.604,2006-07-31
1422.271,1435.652,1403.403,1408.902,1431833084,2017312495713.768,2006-08-01
1409.634,1417.368,1378.599,1401.859,1307817818,1833376178523.6619,2006-08-02
1402.93,1412.12,1387.043,1401.156,1117316284,1565534415224.304,2006-08-03
1401.619,1407.771,1353.179,1354.778,1325733569,1796074673142.6821,2006-08-04
1349.239,1349.239,1321.1,1323.726,1243696737,1646313706882.0623,2006-08-07
1322.996,1364.99,1322.996,1364.99,1237106400,1688637864936.0,2006-08-08
1365.158,1375.455,1355.542,1367.395,1192714264,1630911521022.28,2006-08-09
1367.323,1391.144,1367.302,1391.144,1245822236,1733118128677.984,2006-08-10
1391.472,1401.326,1382.052,1398.011,1229377699,1718683546356.689,2006-08-11
1397.921,1401.281,1352.809,1356.848,1297480140,1760483332998.72,2006-08-14
1355.879,1383.361,1346.163,1383.361,1011721744,1399576403501.584,2006-08-15
1383.828,1407.313,1378.921,1407.313,1380077105,1942200450868.8652,2006-08-16
1406.444,1406.444,1381.136,1395.718,1225959128,1711093222213.904,2006-08-17
1392.156,1402.907,1383.705,1384.899,1009591070,1398181663251.93,2006-08-18
1339.517,1392.969,1329.817,1392.969,1181311062,1645529688723.0781,2006-08-21
1392.234,1413.019,1389.675,1408.846,1406752248,1981897277585.808,2006-08-22
1409.877,1414.975,1398.542,1403.578,1352217316,1897942475956.648,2006-08-23
1402.829,1416.898,1391.732,1416.898,1282636549,1817365161005.002,2006-08-24
1418.115,1429.237,1416.1,1421.095,1500675996,2132603154535.62,2006-08-25
1425.484,1457.321,1425.484,1457.321,1922608293,2801857440163.0527,2006-08-28
1460.521,1482.413,1456.081,1456.44,2439629982,3553174690984.08,2006-08-29
1452.737,1468.988,1445.913,1468.664,1613686934,2369963907236.176,2006-08-30
1469.862,1479.9,1463.195,1479.9,1797138460,2659585206954.0,2006-08-31
1477.478,1481.654,1447.029,1451.95,1810229152,2628362217246.4,2006-09-01
1456.678,1484.443,1455.304,1484.443,1629600174,2419048571093.082,2006-09-04
1488.017,1492.925,1480.782,1490.153,1948367651,2903365900240.603,2006-09-05
1491.834,1497.005,1476.37,1497.005,1785090778,2672289820119.89,2006-09-06
1497.539,1497.539,1465.044,1472.505,1434170606,2111823388188.0303,2006-09-07
1470.828,1480.391,1469.408,1473.922,1191211021,1755752130494.362,2006-09-08
1474.47,1481.932,1453.594,1481.932,1419319725,2103335318708.7,2006-09-11
1481.996,1490.423,1479.043,1487.741,1531201575,2278031362392.075,2006-09-12
1488.138,1488.755,1464.853,1466.043,1493686140,2189808109744.0198,2006-09-13
1464.454,1469.105,1448.544,1467.796,1501071118,2203266182715.928,2006-09-14
1468.059,1484.687,1466.84,1484.687,1552286894,2304660171792.1777,2006-09-15
1487.864,1507.942,1485.958,1507.942,1749403344,2637998777358.048,2006-09-18
1510.142,1516.866,1502.65,1512.963,1940625400,2936094427060.1997,2006-09-19
1510.35,1521.653,1499.76,1517.29,1760993754,2671938213006.66,2006-09-20
1516.255,1523.752,1511.155,1521.95,1668735200,2539731537640.0,2006-09-21
1522.785,1523.547,1505.147,1509.385,1848755137,2790483272460.745,2006-09-22
1508.2,1522.403,1499.477,1514.277,1709207491,2588213591849.007,2006-09-25
1513.468,1514.649,1497.404,1508.2,1593939963,2403980252196.6,2006-09-26
1506.801,1522.45,1505.043,1522.45,1378012729,2097955479266.05,2006-09-27
1523.034,1540.51,1521.416,1535.272,1619720179,2486711038653.688,2006-09-28
1537.697,1552.313,1537.697,1550.803,1916380081,2971927978755.043,2006-09-29
1562.489,1579.521,1560.325,1579.521,2112986639,3337506769019.919,2006-10-09
1581.113,1591.446,1571.795,1588.806,2527876912,4016306005047.0723,2006-10-10
1587.637,1591.451,1573.48,1591.451,2160331809,3438062217764.859,2006-10-11
1591.386,1591.386,1567.012,1567.291,2263359373,3547342775068.543,2006-10-12
1566.009,1579.071,1561.452,1575.861,1767877458,2785929138841.3384,2006-10-13
1577.248,1579.213,1563.842,1567.085,1801511242,2823121244669.57,2006-10-16
1566.741,1575.479,1562.044,1568.509,1632213534,2560141618000.806,2006-10-17
1568.133,1588.59,1565.566,1588.59,1553356227,2467646168649.9297,2006-10-18
1589.394,1597.38,1586.814,1597.38,1885908261,3012512137956.18,2006-10-19
1598.131,1600.431,1586.56,1587.902,1902017717,3020217736859.734,2006-10-20
1586.824,1588.753,1529.47,1537.321,2113477654,3249093580524.9336,2006-10-23
1535.848,1577.086,1535.848,1577.086,1799656850,2838213622939.1,2006-10-24
1579.577,1583.116,1550.837,1565.901,1987133420,3111654209511.42,2006-10-25
1568.815,1568.815,1551.284,1556.69,1586215910,2469246444937.9,2006-10-26
1555.109,1557.625,1524.973,1530.26,1677615361,2567187682323.86,2006-10-27
1527.008,1531.52,1504.132,1527.216,1387148355,2118475162129.68,2006-10-30
1526.526,1541.639,1523.971,1541.639,1409196148,2172471740406.5718,2006-10-31
1541.611,1548.518,1531.104,1548.518,1568012459,2428095516985.762,2006-11-01
1548.2,1548.2,1530.846,1545.826,1589452305,2457016698828.93,2006-11-02
1545.676,1553.683,1544.18,1549.655,1423927162,2206595846229.11,2006-11-03
1540.082,1547.007,1531.552,1540.606,1490735928,2296636715092.368,2006-11-06
1540.801,1540.801,1507.517,1525.649,1632167386,2490114540283.5137,2006-11-07
1524.976,1527.196,1517.188,1521.448,1209657459,1840430921680.632,2006-11-08
1518.724,1538.568,1515.985,1537.862,1319495561,2029202082430.582,2006-11-09
1539.205,1539.818,1490.612,1498.871,1568338401,2350736947445.271,2006-11-10
1496.418,1496.674,1437.825,1445.679,1499364576,2167599880867.1042,2006-11-13
1443.572,1461.716,1422.742,1461.716,1242288067,1815872344142.972,2006-11-14
1461.263,1484.446,1453.854,1484.446,1327486329,1970581771138.734,2006-11-15
1485.908,1487.059,1461.547,1462.675,1500969323,2195430304519.025,2006-11-16
1459.706,1476.745,1452.694,1476.745,1299521867,1919062419482.9148,2006-11-17
1476.476,1476.887,1453.125,1466.653,1459635237,2140778399251.761,2006-11-20
1465.825,1477.679,1450.34,1477.679,1423756661,2103855319069.819,2006-11-21
1478.122,1509.191,1474.567,1500.813,1819559874,2730819113177.562,2006-11-22
1500.118,1509.315,1495.918,1509.315,1653887231,2496236806056.765,2006-11-23
1509.632,1533.851,1499.889,1532.019,1977450638,3029491948978.122,2006-11-24
1532.543,1567.049,1530.655,1567.049,1981229878,3104684299090.022,2006-11-27
1567.007,1582.517,1563.786,1577.179,1972305156,3110678273634.9243,2006-11-28
1561.777,1596.998,1543.124,1596.998,2095120928,3345903931774.144,2006-11-29
1599.043,1626.844,1599.043,1623.816,2761466890,4484114119452.24,2006-11-30
1626.751,1637.209,1619.319,1629.207,2763790286,4502786480483.202,2006-12-01
1631.611,1663.197,1631.611,1663.197,2983777574,4962609909744.078,2006-12-04
1666.437,1680.334,1651.89,1675.458,3517681627,5893727823410.166,2006-12-05
1674.31,1678.227,1598.808,1649.139,3748281970,6181437979723.83,2006-12-06
1644.812,1662.961,1632.897,1632.908,3293433776,5377874360300.607,2006-12-07
1618.16,1622.348,1570.723,1571.183,2580865691,4055012298982.453,2006-12-08
1565.949,1621.263,1565.949,1621.263,2010175583,3259023296221.3286,2006-12-11
1626.03,1631.763,1596.075,1626.586,2168395603,3527081930301.358,2006-12-12
1627.568,1637.002,1612.386,1634.84,1896855902,3101055902825.6797,2006-12-13
1636.545,1662.266,1634.816,1662.266,2185916074,3633573968663.684,2006-12-14
1667.717,1689.671,1666.656,1689.671,2609950322,4409957370524.0625,2006-12-15
1699.065,1718.292,1696.908,1717.225,3074703740,5279958129921.5,2006-12-18
1720.566,1724.533,1681.442,1724.533,3201571984,5521216538283.472,2006-12-19
1706.201,1756.002,1702.031,1756.002,3383825911,5942005067367.822,2006-12-20
1755.485,1769.07,1733.532,1737.381,3604082786,6261664954823.466,2006-12-21
1721.334,1741.611,1707.45,1728.396,2742047246,4739343491797.416,2006-12-22
1742.497,1755.696,1730.232,1744.817,2641350699,4608673602577.083,2006-12-25
1747.976,1751.209,1709.536,1726.777,2393145782,4132429094004.6143,2006-12-26
1727.818,1738.525,1723.367,1738.525,2099748965,3650466069376.625,2006-12-27
1739.857,1741.05,1689.999,1704.724,2408139463,4105213137923.212,2006-12-28
1706.54,1733.458,1706.54,1726.146,2461551809,4248997808898.114,2006-12-29
1738.929,1748.091,1719.498,1723.686,3212986778,5538180327423.708,2007-01-04
1719.283,1770.483,1712.737,1770.475,2954547440,5230952378834.0,2007-01-05
1773.023,1851.964,1773.023,1851.964,3971932034,7355875137414.775,2007-01-08
1855.347,1893.723,1853.901,1891.871,4284590850,8105893175980.351,2007-01-09
1896.711,1940.832,1884.619,1940.832,4540633664,8812607115368.45,2007-01-10
1946.501,2005.061,1935.396,1952.236,5388346491,10519324000203.877,2007-01-11
1941.345,1972.865,1879.59,1881.753,4408009389,8294784891778.917,2007-01-12
1881.467,1986.539,1881.467,1986.539,3881263032,7710280382326.248,2007-01-15
1991.691,2055.016,1991.041,2055.016,4807441898,9879370019460.37,2007-01-16
2064.289,2093.89,1992.539,2035.651,5883288700,11976322525443.701,2007-01-17
2025.853,2085.403,2002.656,2085.403,5094946000,10625015673237.998,2007-01-18
2097.505,2159.646,2097.505,2159.638,5792516800,12509739396918.4,2007-01-19
2183.437,2259.029,2183.437,2258.986,6358920100,14364711481018.6,2007-01-22
2267.454,2268.687,2175.598,2261.785,6108017600,13815022587416.0,2007-01-23
2260.707,2295.258,2236.575,2283.696,5104122200,11656263451651.2,2007-01-24
2271.519,2271.519,2172.984,2174.239,4817566000,10474539882274.0,2007-01-25
2143.994,2196.278,2061.66,2186.27,4475940500,9785614436935.0,2007-01-26
2201.586,2261.242,2201.586,2260.596,4564666200,10318866153055.2,2007-01-29
2271.474,2280.725,2230.652,2255.938,5024768700,11335566651540.6,2007-01-30
2251.318,2258.698,2129.786,2142.891,4904692400,10510221201728.4,2007-01-31
2120.007,2176.195,2080.162,2165.405,4233884500,9168074665722.5,2007-02-01
2170.03,2190.958,2124.298,2127.104,3861061000,8212878297343.999,2007-02-02
2122.369,2166.094,2118.871,2152.25,3013411000,6485613824750.0,2007-02-05
2158.498,2198.626,2148.099,2198.239,3087618500,6787323403821.5,2007-02-06
2209.652,2237.944,2208.378,2237.944,3832705000,8577379158520.0,2007-02-07
2245.078,2282.193,2233.521,2278.445,3905389700,8898215635016.5,2007-02-08
2282.627,2300.806,2263.612,2287.381,3716182200,8500324556818.199,2007-02-09
2291.66,2341.072,2291.66,2341.072,3618835300,8471953993441.601,2007-02-12
2351.65,2384.158,2338.565,2384.158,3816378300,9098848854971.4,2007-02-13
2386.835,2445.765,2380.736,2435.959,4406558200,10734195106313.799,2007-02-14
2451.436,2512.55,2451.318,2512.402,5151645900,12943005462451.8,2007-02-15
2528.836,2581.56,2519.232,2541.409,5405675100,13738031350215.9,2007-02-16
2557.254,2642.114,2532.097,2642.114,4896308400,12936604971957.6,2007-02-26
2654.435,2673.53,2402.719,2405.574,7240425400,17417379091179.6,2007-02-27
2370.951,2520.0,2369.053,2513.533,5302502900,13328016021745.7,2007-02-28
2526.154,2526.159,2417.842,2459.511,5882813900,14468845498002.9,2007-03-01
2458.26,2515.023,2452.965,2503.677,4723810400,11826895450840.8,2007-03-02
2508.386,2548.254,2419.288,2511.916,4953597800,12443021571384.8,2007-03-05
2501.286,2524.632,2467.68,2516.003,3332166600,8383741162099.801,2007-03-06
2525.534,2580.597,2525.466,2580.597,3723070900,9607745595327.3,2007-03-07
2587.748,2634.879,2562.499,2634.879,4307706500,11350285395013.5,2007-03-08
2637.596,2662.328,2590.438,2638.047,4803170500,12670989528013.5,2007-03-09
2639.894,2696.871,2610.402,2696.497,5136709100,13851120678022.7,2007-03-12
2701.502,2740.462,2694.382,2727.455,5359616200,14618112002771.0,2007-03-13
2704.445,2740.532,2622.755,2708.687,5658027100,15325824451417.7,2007-03-14
2703.929,2760.844,2703.57,2760.844,5100980600,14083011683626.4,2007-03-15
2769.151,2777.409,2671.955,2710.861,5563313100,15081368513579.1,2007-03-16
2623.736,2760.089,2609.312,2751.477,4764988100,13110755162423.7,2007-03-19
2761.01,2811.153,2758.995,2810.714,4355898400,12243184615457.6,2007-03-20
2821.44,2859.032,2801.925,2859.006,4827675600,13802353506453.6,2007-03-21
2869.749,2899.346,2852.671,2861.146,5600569800,16024047880990.8,2007-03-22
2862.629,2901.785,2820.99,2897.999,5227235500,15148523251764.498,2007-03-23
2915.048,2989.051,2915.048,2989.051,5673677500,16958911405052.5,2007-03-26
2995.464,3040.348,2979.126,3039.534,5695780000,17312516966520.0,2007-03-27
3048.501,3060.189,2873.377,3004.295,6700933900,20131582211100.5,2007-03-28
3005.062,3008.223,2894.743,2894.779,5599479900,16209256825442.1,2007-03-29
2878.242,2935.239,2859.728,2926.064,3596241700,10522833373668.799,2007-03-30
2935.211,2993.63,2932.636,2993.63,3767358700,11278078025081.0,2007-04-02
3004.897,3042.461,2993.186,3042.461,4676698300,14228672186516.299,2007-04-03
3049.917,3084.617,3032.485,3078.901,5312635300,16357078137805.299,2007-04-04
3076.759,3137.018,3063.424,3133.142,5280165700,16543508921629.398,2007-04-05
3110.949,3189.108,3097.061,3182.797,5625205400,17903886871503.8,2007-04-06
3201.148,3243.883,3201.148,3240.302,6214375200,20136452389310.402,2007-04-09
3253.673,3261.527,3151.49,3261.527,6355660800,20729159302041.6,2007-04-10
3267.609,3309.984,3231.31,3309.745,6772377200,22414841575814.0,2007-04-11
3316.203,3387.412,3302.359,3387.412,6470744600,21919077906975.2,2007-04-12
3393.96,3419.994,3341.27,3358.632,6753507300,22682545730013.6,2007-04-13
3362.733,3458.073,3362.733,3458.067,6039685800,20885638155348.6,2007-04-16
3482.358,3558.216,3420.306,3558.216,7794423700,27734243120119.2,2007-04-17
3572.699,3652.72,3548.36,3649.714,7161400000,26137061839600.0,2007-04-18
3642.852,3642.852,3356.019,3435.78,7801430100,26803997508978.0,2007-04-19
3456.738,3624.823,3456.738,3614.391,6225114500,22499997822769.5,2007-04-20
3667.553,3784.079,3667.553,3782.256,7372002800,27882801822316.8,2007-04-23
3813.532,3861.574,3753.134,3821.416,8181431900,31264654765570.402,2007-04-24
3802.688,3822.413,3712.041,3805.046,6438927200,24500414186651.2,2007-04-25
3814.918,3854.046,3788.867,3853.269,5543334900,21359960526788.098,2007-04-26
3861.055,3871.401,3801.554,3845.813,5829740200,22420090647782.6,2007-04-27
3831.55,3909.044,3809.974,3903.689,6557115000,25596937697235.0,2007-04-30
3990.71,4093.01,3972.034,4091.133,7312397300,29915989903140.9,2007-05-08
4107.553,4125.418,3918.745,4099.126,8305249900,34044265801587.402,2007-05-09
4103.573,4146.585,4062.48,4128.081,6851392100,28283101551560.1,2007-05-10
4101.649,4130.901,4028.361,4109.403,6024275200,24756174579705.6,2007-05-11
4051.84,4164.809,4014.565,4133.826,5875138100,24286798631370.6,2007-05-14
4140.326,4161.519,3989.364,3998.777,6400179400,25592890180593.8,2007-05-15
3981.822,4118.244,3929.515,4118.139,5555939400,22880130724776.6,2007-05-16
4146.324,4235.05,4135.373,4221.913,6270870200,26475068418692.598,2007-05-17
4219.607,4261.456,4188.321,4235.185,5920970000,25076403329450.004,2007-05-18
4089.854,4364.156,4076.517,4364.156,7162174500,31256846817222.0,2007-05-21
4402.925,4484.533,4402.762,4459.813,8065068700,35968698234153.1,2007-05-22
4486.022,4582.454,4463.271,4582.306,7429000000,34041951273999.996,2007-05-23
4606.15,4625.921,4460.926,4571.714,8313528100,38007072804163.4,2007-05-24
4559.429,4665.978,4525.291,4649.857,7120866700,33111011871061.9,2007-05-25
4707.693,4784.428,4700.615,4761.701,8115643500,38644267769593.5,2007-05-28
4782.412,4853.88,4730.48,4853.643,7563410600,36710094914815.8,2007-05-29
4486.506,4751.035,4430.688,4456.279,8063030500,35931113493509.5,2007-05-30
4329.809,4414.612,4095.403,4267.781,7444530700,31771626675376.7,2007-05-31
4260.768,4317.302,3945.404,3960.442,6604351400,26156150667318.8,2007-06-01
3901.789,3930.341,3615.107,3618.688,4516643500,16344323633728.0,2007-06-04
3430.55,3660.509,3317.866,3659.941,7041323000,25770826741943.0,2007-06-05
3676.691,3786.77,3563.233,3736.931,6713567300,25088137763956.3,2007-06-06
3751.669,3936.835,3736.164,3936.766,6477424100,25500102964460.6,2007-06-07
3970.279,4036.883,3931.382,4002.868,6457133900,25847054660025.2,2007-06-08
4057.166,4117.254,4056.821,4104.551,6173008700,25337429032593.703,2007-06-11
4138.33,4218.606,3945.679,4218.436,7356973900,31034923550820.4,2007-06-12
4263.624,4398.61,4254.626,4372.53,7771329200,33980370066875.996,2007-06-13
4365.982,4399.521,4249.206,4311.975,6896110600,29735856504435.004,2007-06-14
4262.75,4349.162,4232.303,4316.53,5208474900,22482538160097.0,2007-06-15
4400.395,4454.784,4400.395,4439.185,5788577000,25696564189745.004,2007-06-18
4446.695,4529.281,4394.226,4529.033,6184438900,28009527864583.703,2007-06-19
4539.579,4589.219,4371.003,4396.218,6728099800,29578193446556.4,2007-06-20
4372.354,4452.479,4277.04,4374.488,5200246600,22748416348740.8,2007-06-21
4376.381,4386.932,4050.674,4123.215,5568941100,22961941477636.5,2007-06-22
4139.283,4184.327,3824.889,3851.944,4765213600,18355335935238.4,2007-06-25
3739.191,3930.039,3667.821,3928.703,4362727100,17139859045951.3,2007-06-26
3944.36,4031.634,3877.079,4022.313,4201226000,16898645955738.0,2007-06-27
4017.175,4026.095,3756.603,3757.978,3996948100,15020443026941.8,2007-06-28
3636.306,3718.176,3527.316,3585.486,3878781800,13907317840954.799,2007-06-29
3571.722,3658.144,3489.117,3644.79,3350486800,12211820783772.0,2007-07-02
3675.355,3710.083,3587.714,3704.706,3057577600,11327426080185.6,2007-07-03
3711.611,3716.505,3605.448,3622.518,2683980800,9722768759654.4,2007-07-04
3562.278,3570.052,3378.451,3380.179,2941409000,9942488932211.0,2007-07-05
3359.092,3594.416,3309.148,3591.377,3795462800,13630937804275.6,2007-07-06
3627.978,3737.692,3603.508,3711.714,4151975300,15410944848664.2,2007-07-09
3704.877,3704.877,3587.156,3606.187,3473693500,12526788341684.5,2007-07-10
3581.905,3653.311,3564.149,3653.311,2480642000,9062556705662.0,2007-07-11
3659.396,3687.151,3634.483,3671.175,2359861600,8663464909380.0,2007-07-12
3671.463,3672.344,3596.249,3655.845,2016354900,7371480979390.5,2007-07-13
3654.863,3662.36,3532.064,3532.064,2084593500,7362917655984.0,2007-07-16
3514.279,3641.503,3492.265,3610.382,2145445400,7745877454142.8,2007-07-17
3601.286,3673.903,3573.529,3624.341,2495989400,9046316717985.4,2007-07-18
3615.967,3652.535,3593.211,3640.282,1883875500,6857838072891.0,2007-07-19
3642.334,3791.308,3642.334,3788.744,3523285400,13348826419537.6,2007-07-20
3813.978,3984.788,3813.978,3984.788,5043356200,20096705265485.6,2007-07-23
4012.795,4097.468,3977.448,3993.019,5108945400,20400116052162.598,2007-07-24
3991.352,4106.826,3991.175,4106.826,4105760600,16861644381855.6,2007-07-25
4135.064,4212.322,4103.282,4190.881,4762039500,19957140861799.5,2007-07-26
4171.894,4269.852,4111.686,4269.767,4819096400,20576418778538.8,2007-07-27
4279.041,4386.287,4277.832,4353.092,5300965400,23075590075016.797,2007-07-30
4349.61,4403.665,4279.301,4403.584,5071250800,22331678882867.2,2007-07-31
4423.042,4435.243,4155.48,4161.135,5939887200,24716672523972.0,2007-08-01
4181.491,4336.811,4171.857,4336.811,4642575900,20133974231454.9,2007-08-02
4376.961,4424.266,4323.987,4408.047,5389607200,23757641849138.4,2007-08-03
4446.206,4504.661,4418.258,4504.344,5475012300,24661338803431.2,2007-08-06
4510.079,4510.079,4405.602,4470.142,5109886300,22841917364854.598,2007-08-07
4435.79,4465.566,4294.058,4395.427,4610560300,20265381227748.098,2007-08-08
4392.991,4444.957,4392.99,4442.06,3880722700,17238403076762.002,2007-08-09
4443.122,4443.122,4243.742,4348.811,4067867800,17690388235185.797,2007-08-10
4343.733,4350.349,4257.381,4329.765,4050241700,17536594754200.502,2007-08-13
4329.947,4440.757,4324.86,4436.206,3700829900,16417643807359.4,2007-08-14
4448.922,4460.17,4300.555,4412.795,3700102800,16327795135326.0,2007-08-15
4396.902,4462.576,4344.458,4438.959,3936771900,17475169056452.1,2007-08-16
4422.648,4482.731,4384.53,4390.883,3800565600,16687838883424.799,2007-08-17
4475.399,4570.571,4468.854,4570.571,4557650200,20831063832264.2,2007-08-20
4598.379,4636.636,4571.764,4625.28,4959184400,22937616421632.0,2007-08-21
4566.175,4704.878,4543.517,4685.058,5546843400,25987283045917.2,2007-08-22
4708.668,4739.892,4662.031,4733.839,5001558500,23676572688081.5,2007-08-23
4752.304,4765.17,4703.052,4742.953,5088111500,24132673703259.504,2007-08-24
4802.428,4822.023,4680.098,4724.544,5224181900,24681877250553.598,2007-08-27
4706.027,4734.562,4630.42,4729.791,4777647900,22597276038588.902,2007-08-28
4711.043,4762.46,4642.645,4701.439,4490727000,21112879056153.0,2007-08-29
4721.387,4849.632,4721.387,4843.707,5151990900,24954734386266.3,2007-08-30
4871.995,4914.965,4868.455,4897.636,5558788400,27224922184222.402,2007-08-31
4941.979,5023.522,4941.979,5008.833,6463971600,32376954261142.797,2007-09-03
5032.546,5055.614,4957.888,4980.529,5777406200,28774539123879.8,2007-09-04
4985.498,5016.475,4900.541,5010.729,4576678900,22932497687918.1,2007-09-05
5036.055,5080.34,5028.053,5065.515,5102993300,25849289106049.5,2007-09-06
5036.791,5051.539,4937.811,4939.231,5732459800,28313943150413.797,2007-09-07
4881.124,5038.949,4834.323,5038.941,4922455400,24803962335731.4,2007-09-10
5041.229,5054.09,4712.09,4718.312,5578424100,26320745372119.2,2007-09-11
4692.405,4797.423,4590.272,4770.769,4794435500,22873144255899.5,2007-09-12
4788.871,4872.661,4765.23,4872.661,4137063500,20158507970973.5,2007-09-13
4892.23,4948.102,4824.015,4936.694,4690156600,23153867946280.402,2007-09-14
4926.836,5052.762,4919.704,5047.597,5251173200,26505806090800.4,2007-09-17
5068.11,5096.539,5002.233,5096.239,4977486600,25366461332897.4,2007-09-18
5106.86,5114.962,5008.454,5029.101,4311097600,21680945251257.598,2007-09-19
5043.424,5083.288,5020.586,5079.078,4122437000,20938179073086.0,2007-09-20
5093.255,5098.759,4922.329,5028.843,4290105700,21574268018705.098,2007-09-21
5040.301,5080.564,4974.564,5054.73,3962657900,20030165766867.0,2007-09-24
5054.473,5081.849,4977.45,5013.06,3314722500,16616902775850.002,2007-09-25
5010.219,5034.802,4903.29,4932.521,2777092400,13698066581940.398,2007-09-26
4934.369,4972.827,4898.227,4972.716,2524521600,12553728952665.602,2007-09-27
5009.905,5099.057,5009.905,5083.65,3537240400,17982092159460.0,2007-09-28
5169.235,5178.6,5084.659,5088.596,3625830900,18450388614416.4,2007-10-08
5089.641,5142.174,5036.066,5141.892,3544319100,18224506025737.2,2007-10-09
5157.894,5166.088,5074.957,5109.1,3798366600,19406234796060.0,2007-10-10
5110.683,5114.231,4998.599,5005.498,3639437700,18217198128474.598,2007-10-11
5005.562,5006.513,4662.109,4891.386,4724476200,23109236742013.203,2007-10-12
4896.829,4905.594,4774.239,4890.596,3424587500,16748273929149.998,2007-10-15
4898.385,4943.978,4833.925,4943.559,2864493500,14160792622366.5,2007-10-16
4942.829,4955.684,4887.454,4929.536,2795908900,13782533575270.4,2007-10-17
4923.337,4923.337,4812.535,4814.462,2746148800,13221229043945.602,2007-10-18
4831.987,4884.427,4782.513,4813.952,2217660100,10675709273715.201,2007-10-19
4775.677,4812.223,4686.087,4688.292,2335567700,10949823363368.4,2007-10-22
4689.109,4736.027,4551.13,4688.722,2296157300,10766043247970.6,2007-10-23
4700.002,4712.314,4590.865,4596.635,2231658900,10258121407801.5,2007-10-24
4564.339,4564.339,4245.652,4251.497,3009804000,12796172676588.0,2007-10-25
4196.252,4268.312,4126.572,4228.946,2156056200,9117845242765.2,2007-10-26
4251.173,4289.233,4211.149,4288.789,1808084600,7754493343549.399,2007-10-29
4303.702,4388.428,4264.772,4388.327,1871390100,8212271703362.7,2007-10-30
4422.602,4556.794,4414.323,4550.183,2630961300,11971355380917.9,2007-10-31
4557.644,4557.644,4430.265,4431.099,2339303800,10365686728876.201,2007-11-01
4372.868,4404.255,4303.565,4329.631,2162477000,9362727455987.0,2007-11-02
4306.725,4396.036,4279.022,4361.872,1747105100,7620648816747.2,2007-11-05
4365.138,4431.381,4362.217,4395.011,1642033800,7216756613371.801,2007-11-06
4404.773,4432.363,4304.854,4385.856,1566719500,6871406119392.0,2007-11-07
4373.628,4373.628,4203.051,4205.65,1721560900,7240282599084.999,2007-11-08
4174.465,4215.869,4098.298,4153.236,1592924900,6615793039976.399,2007-11-09
4090.908,4119.083,3996.161,4098.556,1725797400,7073277288554.399,2007-11-12
4121.09,4171.249,4061.604,4114.509,1672508300,6881550452924.7,2007-11-13
4149.889,4264.397,4137.989,4263.995,1949137600,8311112980712.0,2007-11-14
4258.373,4275.242,4201.033,4210.704,1924592100,8103887653838.399,2007-11-15
4175.57,4224.412,4146.1,4217.228,1554542900,6555861845081.2,2007-11-16
4228.578,4319.766,4226.947,4313.28,1796855100,7750339165728.0,2007-11-19
4305.544,4389.15,4285.991,4371.676,1906283500,8333653826146.001,2007-11-20
4381.336,4399.813,4303.444,4308.422,1750841300,7543363175428.6,2007-11-21
4254.814,4259.764,4104.083,4113.309,1552808700,6387182000988.301,2007-11-22
4084.577,4194.342,4067.409,4193.98,1142511700,4791671219565.999,2007-11-23
4238.577,4266.98,4148.759,4151.876,1403576800,5827476830076.8,2007-11-26
4130.098,4173.195,4102.006,4108.951,1199554800,4928911895014.8,2007-11-27
4118.447,4154.996,4057.741,4078.041,1148278400,4682726394614.4,2007-11-28
4108.442,4187.229,4059.371,4185.267,1639897500,6863408890132.5,2007-11-29
4189.253,4196.686,4113.422,4122.932,1551179800,6395408835173.6,2007-11-30
4113.205,4186.483,4101.104,4170.263,1405232600,5860189518173.8,2007-12-03
4174.788,4209.044,4174.788,4194.015,1396754300,5858008485514.5,2007-12-04
4190.476,4273.134,4180.06,4273.045,1769960500,7563120864722.5,2007-12-05
4281.896,4292.905,4251.783,4291.068,1589408100,6820258236850.801,2007-12-06
4295.293,4362.22,4291.874,4362.22,1913081800,8345283689596.0,2007-12-07
4304.749,4484.107,4288.502,4483.831,2775695900,12445751322992.9,2007-12-10
4495.497,4535.145,4464.24,4534.937,2910164600,13197413120630.2,2007-12-11
4520.926,4573.521,4497.669,4544.681,2566401700,11663477044357.7,2007-12-12
4533.088,4564.363,4401.134,4402.636,2658376700,11703864960981.201,2007-12-13
4359.809,4499.559,4331.323,4499.53,2230746500,10037310799145.0,2007-12-14
4512.376,4564.249,4498.96,4506.042,2895440600,13046976952105.201,2007-12-17
4489.419,4531.258,4453.768,4467.812,1789208300,7993846313239.6,2007-12-18
4490.767,4575.413,4490.767,4565.622,2355673000,10755112473606.0,2007-12-19
4576.093,4627.69,4567.788,4621.393,2355278800,10884668959368.4,2007-12-20
4603.763,4692.12,4602.095,4691.533,2620085700,12292218524378.102,2007-12-21
4724.165,4810.561,4724.077,4772.638,3484513800,16630322973404.4,2007-12-24
4780.467,4820.43,4755.007,4815.209,2855699700,13750790896737.299,2007-12-25
4829.593,4912.841,4829.593,4912.841,3082379900,15143242350295.9,2007-12-26
4933.731,4987.211,4932.919,4963.453,3570187700,17720458850128.1,2007-12-27
4972.076,4984.215,4927.637,4947.603,2980357100,14745623729031.3,2007-12-28
4963.052,5125.323,4960.354,5123.934,3434591100,17598618113387.402,2008-01-02
5129.048,5241.552,5110.533,5230.749,4198748300,21962598471476.7,2008-01-03
5241.089,5246.107,5171.396,5243.032,3330859100,17463800848791.201,2008-01-04
5237.939,5358.589,5222.202,5347.806,4040371300,21607121880367.797,2008-01-07
5358.806,5367.542,5158.121,5200.552,4247288400,22088244183196.797,2008-01-08
5176.268,5356.482,5167.338,5356.482,3482378500,18653297752437.0,2008-01-09
5372.82,5438.308,5354.858,5382.326,4084967800,21986628399102.8,2008-01-10
5385.905,5392.266,5290.708,5376.797,3494823500,18790956510329.5,2008-01-11
5382.734,5450.887,5368.484,5445.102,3385086900,18432143449363.8,2008-01-14
5451.637,5495.386,5418.116,5487.088,3688040400,20236602222355.2,2008-01-15
5461.878,5463.2,5389.152,5412.911,3905999000,21142824953089.0,2008-01-16
5380.823,5467.134,5106.918,5270.956,4293508800,22630895970412.8,2008-01-17
5268.895,5320.454,5210.359,5317.448,3123822800,16610765300214.4,2008-01-18
5331.667,5343.869,5078.503,5097.226,3546297200,18076278291567.2,2008-01-21
4976.79,4976.79,4639.959,4661.826,4037446100,18821871202578.6,2008-01-22
4662.708,4912.48,4624.944,4912.058,3819475700,18761486167990.6,2008-01-23
4951.376,5116.489,4915.97,5080.926,4278003600,21736219719333.6,2008-01-24
5081.314,5146.858,5054.083,5096.69,3890438300,19828357979227.0,2008-01-25
5073.628,5073.628,4712.613,4740.501,3453456700,16371114939806.701,2008-01-28
4757.19,4888.785,4720.681,4840.636,2374443300,11493815717938.8,2008-01-29
4878.399,4950.181,4725.387,4851.426,2490447600,12082222238277.602,2008-01-30
4839.403,4868.31,4661.594,4663.415,1856793500,8658998659802.5,2008-01-31
4653.538,4686.604,4308.52,4456.927,2251366300,10034175249360.1,2008-02-01
4570.111,4821.075,4570.111,4820.387,2130505300,10269860051551.1,2008-02-04
4818.542,4889.378,4751.225,4838.995,2077392100,10052489984939.5,2008-02-05
4798.568,4884.685,4749.147,4813.581,1558704000,7502947959024.0,2008-02-13
4842.943,4929.771,4842.943,4910.358,1611346900,7912290141190.2,2008-02-14
4884.365,4886.055,4800.644,4886.016,1916278000,9362964968448.0,2008-02-15
4953.026,5072.113,4946.511,5043.144,2892275400,14586161329857.602,2008-02-18
5054.611,5137.84,5026.558,5133.361,2882332500,14796053244532.5,2008-02-19
5152.281,5171.179,5079.772,5089.439,3147715100,16020103990828.9,2008-02-20
5068.026,5184.148,5022.654,5153.601,3155457900,16261970988897.898,2008-02-21
5140.122,5151.292,4938.73,5029.198,3119916600,15690678324886.8,2008-02-22
5038.627,5068.982,4856.477,4869.654,2673558900,13019306791620.602,2008-02-25
4974.708,5021.597,4729.85,4868.814,2528759500,12312059656233.0,2008-02-26
4880.163,4977.335,4854.154,4977.335,2377489800,11833563193683.0,2008-02-27
4986.443,5045.109,4935.303,4989.412,2411761400,12033271270296.8,2008-02-28
4984.396,5058.121,4976.147,5057.617,2539468800,12843660573849.6,2008-02-29
5044.941,5227.791,5014.283,5227.732,3742256100,19563511966165.2,2008-03-03
5246.414,5279.213,5177.736,5192.593,4316811500,22415445177219.5,2008-03-04
5171.783,5218.301,5068.2,5214.238,3857930000,20116165207340.0,2008-03-05
5229.782,5296.263,5220.365,5223.82,4475802000,23380784003640.0,2008-03-06
5194.659,5208.895,5104.916,5115.916,2995378400,15324104282614.4,2008-03-07
5081.109,5084.396,4915.44,4948.353,2385787900,11805720712328.7,2008-03-10
4906.144,5015.932,4841.557,5015.932,2043951000,10252319227332.0,2008-03-11
5095.972,5122.536,4880.702,4881.03,2253938100,11001539484243.0,2008-03-12
4829.236,4844.177,4589.508,4688.679,2592477800,12155296218826.201,2008-03-13
4665.829,4718.18,4598.154,4662.316,1657934500,7729814546302.0,2008-03-14
4641.921,4642.73,4299.559,4302.614,2111284700,9084043108205.799,2008-03-17
4237.304,4327.38,3926.459,3986.319,2433098000,9699104786262.0,2008-03-18
4064.996,4241.942,3989.636,4176.486,2551731000,10657268797266.0,2008-03-19
4112.704,4394.755,3956.033,4347.743,2842838600,12359931623279.8,2008-03-20
4347.273,4448.064,4315.675,4405.856,2571735900,11330698045430.398,2008-03-21
4459.507,4489.459,4312.767,4314.581,2575754800,11113302720738.8,2008-03-24
4233.951,4386.836,4190.543,4367.341,2238657400,9776980247973.4,2008-03-25
4383.73,4446.535,4317.058,4352.053,1945963700,8468937158476.1,2008-03-26
4298.387,4298.387,4115.523,4119.785,2174819800,8959789989743.0,2008-03-27
4072.038,4248.399,3948.846,4241.452,2307619900,9787659040094.8,2008-03-28
4129.928,4200.763,4042.621,4044.098,1905310500,7705262382429.0,2008-03-31
4024.439,4070.115,3695.508,3704.273,2275357500,8428545352597.5,2008-04-01
3725.188,3778.573,3464.406,3500.522,2307609000,8077836071898.0,2008-04-02
3469.785,3631.552,3392.082,3588.762,1893883900,6796698572731.801,2008-04-03
3544.31,3825.849,3506.785,3822.371,2185472800,8353687852008.8,2008-04-07
3832.917,3941.242,3806.286,3908.802,2515005700,9830659310171.4,2008-04-08
3887.992,3960.767,3694.962,3695.306,2432022100,8987065858262.6,2008-04-09
3639.608,3803.647,3614.703,3803.456,2071331200,7878217080627.2,2008-04-10
3831.043,3898.514,3823.671,3862.363,1990794100,7689169472458.3,2008-04-11
3778.689,3779.253,3597.083,3607.218,2082689800,7512716134976.399,2008-04-14
3588.234,3723.267,3529.179,3723.267,1813773100,6753161528717.699,2008-04-15
3717.125,3732.775,3612.589,3633.675,1741319400,6327388770795.0,2008-04-16
3632.825,3695.17,3458.526,3511.914,1722470400,6049167912345.601,2008-04-17
3483.855,3495.028,3333.11,3338.274,1673230700,5585702541811.8,2008-04-18
3578.8,3579.577,3273.578,3314.506,2183780500,7238153569933.0,2008-04-21
3264.662,3281.48,3093.67,3266.383,1905984900,6225676675616.699,2008-04-22
3238.46,3428.555,3210.751,3409.774,2277804000,7766796856296.0,2008-04-23
3692.553,3726.868,3603.955,3723.071,4708573100,17530351959990.1,2008-04-24
3716.508,3873.332,3669.357,3756.33,4279201300,16074092219229.0,2008-04-25
3696.934,3779.576,3667.581,3729.562,3077874100,11479122284144.2,2008-04-28
3714.788,3782.524,3708.585,3759.545,2588578200,9731876228919.0,2008-04-29
3771.193,3910.407,3771.193,3903.178,3779083100,14750434016091.799,2008-04-30
3943.198,4046.675,3895.644,4040.159,3917236700,15826259108635.3,2008-05-05
4015.554,4086.429,3969.971,4024.99,3984170000,16036244408300.0,2008-05-06
4001.592,4049.112,3849.984,3850.226,3747052900,14427000498955.4,2008-05-07
3805.335,3985.197,3796.548,3985.197,3182052800,12681107272401.6,2008-05-08
4014.165,4049.784,3891.491,3986.24,3744927200,14928178601728.0,2008-05-09
3926.052,4110.7,3893.386,4069.145,3769750400,15339660991408.0,2008-05-12
3944.543,4107.588,3932.714,4078.877,4698103700,19162987125544.9,2008-05-13
4076.875,4171.273,4076.875,4168.486,4368368200,18209481684545.2,2008-05-14
4186.746,4230.766,4131.252,4131.252,3973506700,16415557501388.402,2008-05-15
4126.646,4160.402,4005.07,4071.91,3065280800,12481547542328.0,2008-05-16
4059.283,4100.563,4008.572,4070.049,2280592900,9282124852052.1,2008-05-19
4070.795,4098.653,3792.149,3813.935,3128654600,11932485281851.0,2008-05-20
3757.059,3932.3,3663.199,3908.772,3440060700,13446412942460.4,2008-05-21
3866.701,3958.446,3834.539,3871.553,3141597500,12162861225917.5,2008-05-22
3857.221,3890.161,3746.013,3829.645,2924549200,11199985221034.0,2008-05-23
3804.296,3812.308,3726.759,3728.751,2832366900,10561190910741.9,2008-05-26
3712.762,3752.962,3678.997,3743.539,2010865900,7527754920420.101,2008-05-27
3749.602,3864.812,3730.744,3847.258,2352387500,9050241628475.0,2008-05-28
3839.544,3859.848,3749.216,3749.216,2425829800,9094959899436.799,2008-05-29
3744.25,3781.331,3695.286,3755.631,2134545800,8016566377399.8,2008-05-30
3747.588,3804.786,3730.138,3788.153,2100802600,7958161671597.8,2008-06-02
3789.035,3804.556,3741.413,3771.097,2260091700,8523025029594.9,2008-06-03
3759.875,3764.565,3667.265,3704.078,2051803100,7600038723041.8,2008-06-04
3690.86,3705.455,3639.814,3657.487,1722546700,6300192162142.9,2008-06-05
3662.054,3680.268,3607.242,3629.923,1510607000,5483387093261.0,2008-06-06
3487.048,3487.048,3297.906,3312.794,1887580800,6253166348755.2,2008-06-10
3250.439,3270.853,3165.704,3226.923,2012634300,6494615913258.899,2008-06-11
3209.919,3244.575,3125.092,3197.545,2000154000,6395582421930.0,2008-06-12
3202.264,3227.481,3042.499,3045.105,1758687400,5355387795177.0,2008-06-13
3041.695,3076.441,2926.707,2977.818,1578075800,4699222522604.4,2008-06-16
2974.088,3005.787,2776.849,2791.289,1851296700,5167504114446.301,2008-06-17
2767.804,2970.404,2684.666,2951.844,2635683400,7780126230189.601,2008-06-18
2927.164,2936.682,2700.369,2702.801,2398157400,6481742218877.399,2008-06-19
2718.781,2866.612,2596.839,2764.28,2758583800,7625498026664.001,2008-06-20
2726.448,2779.008,2693.064,2717.969,1667665700,4532663674963.3,2008-06-23
2708.777,2818.919,2702.627,2806.774,2024482600,5682265125132.399,2008-06-24
2805.59,2966.895,2797.12,2966.895,2844975200,8440742696004.0,2008-06-25
2965.46,3041.37,2939.859,3003.302,3042573800,9137767978687.6,2008-06-26
2902.015,2920.109,2762.193,2792.705,2606642000,7279582146610.0,2008-06-27
2762.342,2838.183,2737.747,2813.716,1636176900,4603737122360.399,2008-06-30
2819.534,2831.911,2741.114,2765.064,1701835300,4705683521959.2,2008-07-01
2768.722,2848.63,2754.686,2811.225,1725578500,4850989418662.5,2008-07-02
2776.92,2973.377,2742.738,2941.521,3075141300,9045592711917.3,2008-07-03
2931.845,2979.802,2913.203,2941.085,2687975000,7905562952875.0,2008-07-04
2948.69,3096.274,2948.69,3094.845,3449253200,10674904019754.0,2008-07-07
3101.294,3154.274,3044.672,3142.32,3657610800,11493383569056.0,2008-07-08
3148.607,3226.197,3146.736,3226.147,4209814200,13581479451887.4,2008-07-09
3186.586,3264.02,3152.489,3152.489,4204745100,13255412675553.9,2008-07-10
3133.685,3167.823,3074.055,3132.733,3015470900,9446665198969.701,2008-07-11
3111.58,3198.608,3100.044,3198.352,2604078400,8328759358796.8,2008-07-14
3208.548,3231.374,3085.119,3106.326,3264524300,10140676710721.8,2008-07-15
3072.408,3081.414,2893.36,2948.526,2760995500,8140867017633.0,2008-07-16
2991.352,3031.889,2901.944,2918.369,2392885100,6983321696401.9,2008-07-17
2935.645,3026.137,2855.921,3015.798,2368238300,7142128328663.399,2008-07-18
3002.464,3151.026,2982.511,3139.509,2866379700,8999024865567.3,2008-07-21
3138.764,3183.185,3126.17,3150.015,2921311200,9202174099668.0,2008-07-22
3161.21,3180.181,3116.837,3122.687,2839507100,8866891907577.7,2008-07-23
3137.443,3206.379,3134.973,3200.735,3085312800,9875268664908.0,2008-07-24
3167.896,3205.58,3148.503,3172.168,2639836400,8374004553315.2,2008-07-25
3190.279,3229.155,3190.279,3215.846,2774236200,8921516386825.2,2008-07-28
3179.777,3182.221,3126.017,3150.0,2702892000,8514109800000.0,2008-07-29
3184.226,3201.052,3105.96,3132.766,2232051800,6992495989278.8,2008-07-30
3139.785,3147.649,3015.663,3017.217,2087975000,6299873665575.0,2008-07-31
3000.999,3084.102,2958.031,3063.812,2068396300,6337177404695.6,2008-08-01
3044.143,3067.043,2986.349,2990.168,1782789500,5330840113636.0,2008-08-04
2988.336,3005.638,2889.255,2897.725,1850641500,5362650140587.5,2008-08-05
2913.872,2941.403,2857.909,2904.186,1805600100,5243798532018.601,2008-08-06
2899.845,2931.003,2871.182,2923.745,1778843600,5200885081282.0,2008-08-07
2924.929,2924.929,2709.961,2711.964,2130970400,5779115009865.6,2008-08-08
2699.085,2699.085,2497.275,2508.59,1981571100,4970949445749.0,2008-08-11
2467.682,2508.429,2436.942,2473.417,1628379900,4027662527118.3,2008-08-12
2454.885,2496.6,2369.379,2472.3,1779557400,4399599760020.0,2008-08-13
2458.797,2506.465,2443.881,2483.696,1452058800,3606472633324.8,2008-08-14
2478.155,2510.964,2446.029,2473.717,1357052500,3356963839142.5,2008-08-15
2479.392,2483.984,2287.28,2289.296,1533633100,3510940121297.5996,2008-08-18
2255.716,2331.351,2235.709,2327.019,1392025700,3239270252388.3,2008-08-19
2316.681,2521.079,2287.693,2520.737,2633075700,6637291340790.9,2008-08-20
2484.825,2535.063,2419.711,2431.101,2532928500,6157805009278.5,2008-08-21
2412.878,2418.889,2326.273,2382.523,1787533900,4258840630029.7,2008-08-22
2379.207,2413.883,2348.959,2374.06,1403321800,3331570152508.0,2008-08-25
2347.81,2347.81,2207.671,2244.993,1769271400,3972001908100.1997,2008-08-26
2230.151,2279.548,2180.938,2237.867,1613418800,3610616689699.6,2008-08-27
2232.711,2256.959,2216.058,2236.824,1326357700,2966828735944.8003,2008-08-28
2242.164,2334.798,2242.164,2307.158,1941791700,4480020254988.6,2008-08-29
2290.41,2290.41,2219.52,2238.047,1545536500,3458983327215.5,2008-09-01
2224.8,2278.493,2198.643,2253.773,1544947800,3481961638049.4004,2008-09-02
2246.729,2268.38,2199.15,2237.28,1886649000,4220962074720.0005,2008-09-03
2233.114,2278.515,2220.644,2254.688,1560055700,3517438866121.6,2008-09-04
2193.565,2210.755,2145.659,2148.741,1746200800,3752133253192.8,2008-09-05
2146.755,2160.859,2031.53,2039.889,1589464500,3242331149440.5,2008-09-08
2044.301,2070.474,2021.816,2057.561,1275528300,2624477284476.3003,2008-09-09
2044.032,2108.595,2025.674,2072.808,1534172300,3180044616818.4,2008-09-10
2068.175,2089.955,2023.248,2034.247,1317529500,2680180432786.5,2008-09-11
2032.355,2067.59,2031.206,2038.66,1049669100,2139918407406.0,2008-09-12
2036.379,2037.682,1981.218,1993.461,1494107700,2978445429749.7,2008-09-16
1988.783,2013.011,1946.801,1956.035,1418320200,2774283952407.0,2008-09-17
1915.318,1938.821,1797.075,1899.323,2114782700,4016655422112.1,2008-09-18
2072.614,2086.826,2049.022,2086.826,2308375500,4817178011163.0,2008-09-19
2213.527,2276.659,2097.78,2182.792,4624438100,10094186489175.2,2008-09-22
2108.509,2110.064,2041.973,2042.197,2744620200,5605055138579.399,2008-09-23
2006.013,2088.549,1984.228,2088.549,2176641600,4546022637038.4,2008-09-24
2091.387,2158.146,2086.077,2138.065,3483687500,7448350314687.5,2008-09-25
2144.516,2156.962,2094.702,2136.001,2680439100,5725420598039.101,2008-09-26
2092.351,2096.35,2049.361,2054.042,2098255000,4309903896710.0,2008-10-06
1994.02,2070.715,1972.945,2046.191,1870602800,3827610613934.8003,2008-10-07
2005.913,2033.218,1975.822,1995.61,1663567800,3319832537358.0,2008-10-08
2034.554,2042.795,1968.896,1969.815,1574933700,3102328026265.5,2008-10-09
1901.029,1901.029,1836.504,1837.404,1914746900,3518163613047.6,2008-10-10
1814.538,1872.947,1751.524,1872.947,1724762500,3230388750087.5,2008-10-13
1932.081,1941.103,1816.32,1816.32,2164438200,3931312391424.0,2008-10-14
1801.393,1823.7,1781.165,1806.791,1400405000,2530239150355.0,2008-10-15
1741.122,1756.358,1703.24,1704.565,1765187100,3008876149111.5,2008-10-16
1717.579,1736.225,1696.724,1726.4,1381088700,2384311531680.0,2008-10-17
1725.557,1787.897,1705.566,1786.564,1673895100,2990520725436.4,2008-10-20
1793.655,1824.379,1776.696,1782.664,2006458400,3576841157177.6,2008-10-21
1765.615,1792.598,1747.456,1748.84,1668201000,2917416636840.0,2008-10-22
1716.298,1766.59,1706.828,1766.59,1546669200,2732330342028.0,2008-10-23
1764.811,1777.686,1723.503,1741.181,1594093800,2775605836777.8003,2008-10-24
1711.822,1711.822,1602.518,1604.758,1956559800,3139804991528.4,2008-10-27
1570.987,1650.785,1562.4,1642.055,2015777600,3310017686968.0,2008-10-28
1662.038,1665.734,1576.876,1576.931,1866442400,2943250880274.4,2008-10-29
1585.517,1613.396,1565.719,1590.226,1659295900,2638655481873.4004,2008-10-30
1590.45,1599.157,1553.492,1562.022,1375404000,2148411306888.0,2008-10-31
1553.878,1563.687,1532.953,1539.795,1235494500,1902408253627.5,2008-11-03
1533.754,1535.738,1488.653,1513.495,1421215300,2151002250473.4998,2008-11-04
1519.801,1573.521,1519.801,1563.369,2062891600,3225060777800.4,2008-11-05
1530.03,1542.757,1514.576,1536.598,1677552500,2577723816395.0,2008-11-06
1512.977,1569.259,1503.629,1561.221,1783922800,2785097737738.8,2008-11-07
1585.294,1677.382,1585.294,1676.277,3189206600,5345993671828.2,2008-11-10
1671.24,1702.175,1651.59,1662.848,3485224400,5795398423091.2,2008-11-11
1648.085,1704.226,1642.396,1704.226,2682596000,4571749850696.0,2008-11-12
1686.073,1802.611,1680.767,1784.497,4750786800,8477764792239.601,2008-11-13
1802.246,1867.485,1781.718,1867.485,5505034000,10280568419490.0,2008-11-14
1864.308,1959.072,1851.874,1959.072,5653591200,11075792219366.398,2008-11-17
1949.213,1971.659,1806.522,1816.285,6397610800,11619884531878.0,2008-11-18
1803.408,1949.462,1803.408,1944.327,5343702000,10389904078554.0,2008-11-19
1916.873,1990.302,1900.518,1948.681,5982260000,11657516399060.0,2008-11-20
1890.984,1973.279,1833.981,1921.04,5508317600,10581698442304.0,2008-11-21
1920.549,1938.473,1839.085,1842.344,3720208400,6853903624489.601,2008-11-24
1869.016,1886.458,1780.908,1827.642,2811945200,5139229149218.4,2008-11-25
1825.338,1857.713,1806.088,1834.774,2396311000,4396689118713.9995,2008-11-26
1961.974,1965.65,1860.988,1861.518,4753992000,8849641679856.0,2008-11-27
1845.296,1868.33,1821.165,1841.45,3074142400,5660879522480.0,2008-11-28
1836.417,1919.475,1820.531,1919.475,3717694400,7136021458440.0,2008-12-01
1878.347,1973.103,1868.939,1957.322,5021672400,9829029865312.799,2008-12-02
1972.398,2039.927,1972.167,2039.927,5942907600,12123097671745.2,2008-12-03
2062.643,2110.667,2034.641,2037.723,7428472800,15137169879434.4,2008-12-04
2024.414,2098.656,2020.546,2098.656,5136628800,10780016850892.799,2008-12-05
2128.684,2190.532,2120.541,2190.532,6981108800,15292342221881.602,2008-12-08
2196.028,2196.028,2123.931,2134.58,6084504400,12987861402152.0,2008-12-09
2123.036,2199.783,2113.145,2195.743,5286668000,11608164254324.0,2008-12-10
2195.483,2203.295,2125.851,2127.183,5162982400,10982608390579.2,2008-12-11
2107.475,2118.59,2001.184,2031.992,4550982000,9247559016144.0,2008-12-12
2063.91,2082.775,2021.049,2073.029,3619602800,7503541572881.2,2008-12-15
2058.666,2110.57,2008.405,2110.244,3611541600,7621233992150.4,2008-12-16
2117.65,2164.59,2110.057,2136.309,4433061600,9470389393634.4,2008-12-17
2135.679,2176.461,2118.297,2175.357,4187199200,9108653090114.4,2008-12-18
2175.756,2216.89,2169.87,2194.994,4816794400,10572834807233.602,2008-12-19
2196.389,2212.997,2154.432,2193.475,4255994000,9335416439150.0,2008-12-22
2197.793,2197.793,2052.616,2054.535,4576610000,9402805426350.0,2008-12-23
2020.957,2043.154,1985.824,2010.104,3431408800,6897488554515.2,2008-12-24
2015.958,2035.835,1966.539,2003.488,2818966400,5647765354803.2,2008-12-25
2006.134,2018.14,1976.077,1983.757,2128847600,4223116328433.2,2008-12-26
1977.214,1991.565,1928.071,1984.755,2006006800,3981432026334.0,2008-12-29
1983.457,2004.641,1961.803,1971.466,2226918400,4390293910374.4,2008-12-30
1973.413,1983.125,1938.009,1939.433,1991663600,3862698110738.8,2008-12-31
1969.631,2020.243,1962.62,2020.243,2471822800,4993682708940.399,2009-01-05
2016.869,2093.601,2005.327,2091.892,3832598000,8017381095415.999,2009-01-06
2092.737,2120.206,2082.55,2104.922,4015590000,8452503733980.0,2009-01-07
2069.216,2087.155,2034.396,2052.3,3359260800,6894210939840.001,2009-01-08
2050.322,2107.766,2050.322,2107.766,3158556400,6657497789002.4,2009-01-09
2105.154,2162.346,2100.039,2137.841,3801176800,8126311611288.8,2009-01-12
2116.109,2125.46,2078.056,2081.672,3335596600,6943618045515.2,2009-01-13
2078.453,2160.064,2078.453,2160.064,3764292800,8131113362739.199,2009-01-14
2143.046,2208.345,2135.701,2181.061,5011255200,10929853277767.201,2009-01-15
2192.032,2228.9,2186.16,2195.634,5314701600,11669139532814.4,2009-01-16
2209.131,2221.239,2166.085,2192.807,4078084800,8942452896033.6,2009-01-19
2188.611,2214.839,2170.901,2214.839,3227392400,7148154555823.6,2009-01-20
2187.182,2236.438,2178.538,2217.626,3876439600,8596493244389.601,2009-01-21
2232.81,2260.502,2222.496,2256.367,4205226800,9488534979035.602,2009-01-22
2253.321,2265.421,2233.501,2238.082,3778117600,8455736994443.199,2009-01-23
2258.512,2306.769,2245.262,2306.769,4270051200,9850021736572.799,2009-02-02
2307.886,2369.654,2300.982,2369.654,6388214800,15137858753679.2,2009-02-03
2380.624,2423.923,2370.014,2423.887,6984697600,16930117711571.201,2009-02-04
2421.363,2436.685,2362.233,2384.764,7374412000,17586232258768.0,2009-02-05
2390.242,2496.592,2390.242,2493.74,7656355200,19092959216448.0,2009-02-06
2528.801,2580.746,2500.537,2579.228,9083411200,23428188502553.6,2009-02-09
2564.755,2653.213,2535.648,2653.213,8170515200,21678117145337.6,2009-02-10
2609.007,2723.455,2594.926,2658.05,9507355200,25271025489360.0,2009-02-11
2666.491,2707.922,2587.188,2707.922,8019710400,21716750225788.8,2009-02-12
2714.637,2808.482,2704.655,2805.01,9003952000,25256175399520.004,2009-02-13
2833.286,2854.562,2777.422,2854.444,9069168800,25887434466147.2,2009-02-16
2844.215,2844.215,2734.372,2738.58,8506908800,23296850301504.0,2009-02-17
2676.806,2736.593,2630.705,2632.908,6899599200,18166009930473.598,2009-02-18
2661.601,2696.778,2629.343,2687.489,5701030400,15321456488665.6,2009-02-19
2694.784,2776.955,2671.179,2776.955,6004358000,16673831969890.0,2009-02-20
2769.626,2878.495,2753.849,2871.792,7358042400,21130767299980.8,2009-02-23
2838.24,2884.014,2746.024,2754.24,8599346400,23684663828736.0,2009-02-24
2780.335,2803.508,2677.264,2771.098,6865757600,19025687153844.8,2009-02-25
2769.243,2800.205,2535.531,2571.276,6572775600,16900420153665.6,2009-02-26
2528.597,2542.547,2396.313,2416.949,5318000000,12853334782000.0,2009-02-27
2385.838,2485.025,2382.022,2478.808,3733312000,9254163652096.0,2009-03-02
2416.107,2526.853,2398.805,2499.826,4413214800,11032269100624.8,2009-03-03
2508.268,2654.398,2508.268,2651.405,6125446400,16241039212192.002,2009-03-04
2680.324,2710.024,2608.134,2671.575,7033177600,18789661446720.0,2009-03-05
2621.228,2676.362,2608.556,2653.469,5080774400,13481677366393.6,2009-03-06
2661.954,2692.748,2528.605,2536.01,5060505200,12833491792252.002,2009-03-09
2505.93,2601.5,2498.249,2601.417,3574068800,9297643335489.6,2009-03-10
2646.61,2655.216,2574.999,2587.371,4386897600,11350531630209.6,2009-03-11
2572.389,2604.785,2507.233,2597.232,3826516000,9938349803712.0,2009-03-12
2606.879,2625.61,2564.151,2569.629,3603512800,9259690992751.2,2009-03-13
2563.022,2604.002,2539.912,2603.058,3129485200,8146231485741.6,2009-03-16
2608.228,2708.351,2594.122,2699.594,5424980000,14645243458120.0,2009-03-17
2711.166,2778.148,2707.792,2734.547,6832836800,18684713372929.6,2009-03-18
2737.375,2797.155,2733.701,2797.155,6584960000,18419153788800.0,2009-03-19
2799.794,2802.712,2731.708,2784.106,6433374800,17911197380928.8,2009-03-20
2784.889,2846.632,2779.702,2843.879,7075225600,20121085504102.4,2009-03-23
2871.44,2877.452,2835.198,2865.333,7237215200,20737031540661.6,2009-03-24
2849.916,2873.133,2785.553,2785.664,6492544400,18086047203481.6,2009-03-25
2784.891,2853.506,2746.795,2853.411,5707036400,16284520441160.4,2009-03-26
2871.391,2894.513,2852.927,2877.88,6967899200,20052777749696.0,2009-03-27
2880.534,2904.591,2866.863,2883.214,5737614800,16542771317967.2,2009-03-30
2825.931,2914.202,2808.605,2914.128,5966752000,17387879072256.0,2009-03-31
2924.393,2978.096,2924.31,2962.839,7632927200,22615134392320.8,2009-04-01
2972.739,2996.387,2952.762,2965.735,7637608000,22651121361880.0,2009-04-02
2983.219,2990.066,2909.828,2934.253,6673960000,19583087151880.0,2009-04-03
2941.389,2968.525,2925.744,2968.519,5302473600,15740493628598.398,2009-04-07
2959.809,2969.814,2867.168,2867.168,6157879600,17655675336972.8,2009-04-08
2862.107,2915.073,2838.627,2915.024,4987113600,14537555834726.4,2009-04-09
2932.013,3012.25,2921.613,3009.376,7207993600,21691562947993.6,2009-04-10
3030.701,3055.649,3019.157,3050.372,7799488800,23791342249833.598,2009-04-13
3047.771,3102.785,3031.589,3099.429,7693697600,23846069458670.402,2009-04-14
3084.043,3143.821,3055.253,3143.821,8377547200,26337508815851.2,2009-04-15
3151.003,3182.579,3097.536,3159.26,8666548000,27379878434480.0,2009-04-16
3152.36,3171.861,3083.64,3119.419,7686481600,23977356746190.4,2009-04-17
3111.474,3205.884,3109.896,3205.884,7352907200,23572567545964.8,2009-04-20
3173.533,3225.106,3142.119,3205.076,7986817600,25598357406137.6,2009-04-21
3219.339,3235.449,3021.413,3042.638,8605184000,26182459835392.0,2009-04-22
3013.086,3080.254,2978.653,3059.709,5531876000,16925930784084.0,2009-04-23
3070.352,3082.5,3034.448,3036.761,5248337600,15937946938513.6,2009-04-24
3034.238,3042.797,2903.3,2916.114,5313056800,15493479317275.2,2009-04-27
2900.089,2959.952,2897.803,2959.952,4436508400,13131851911596.8,2009-04-28
2963.206,3043.407,2954.855,3040.04,5619987600,17084987103504.0,2009-04-29
3051.14,3096.762,3040.749,3086.217,6232040000,19233427792680.0,2009-04-30
3096.389,3190.266,3096.389,3190.254,6919200800,22074008029003.2,2009-05-04
3208.273,3234.133,3183.388,3220.615,7295732800,23496746491672.0,2009-05-05
3215.6,3264.579,3204.307,3264.579,7298700000,23827182747300.0,2009-05-06
3278.985,3285.772,3177.949,3242.626,8137389600,26386511089089.6,2009-05-07
3227.217,3274.572,3196.786,3257.588,7786254400,25364408898387.203,2009-05-08
3269.022,3275.118,3134.44,3134.573,7906633600,24783920203452.8,2009-05-11
3105.859,3212.176,3101.316,3212.139,5082708800,16326367162123.201,2009-05-12
3215.968,3247.843,3201.025,3234.151,6144825200,19873292565405.2,2009-05-13
3211.21,3256.529,3200.113,3246.557,5912391600,19194916335721.2,2009-05-14
3255.449,3285.446,3238.675,3270.738,5894569600,19279592784364.8,2009-05-15
3265.005,3297.539,3211.388,3295.651,5631385600,18559081584025.598,2009-05-18
3313.908,3338.252,3302.754,3325.531,7139058400,23741160020010.4,2009-05-19
3328.121,3343.659,3302.743,3306.474,7000282400,23146251748257.6,2009-05-20
3288.24,3309.316,3225.548,3247.475,7006288000,22752745122800.0,2009-05-21
3235.413,3283.502,3227.189,3254.534,4963798000,16154849360132.0,2009-05-22
3176.158,3277.685,3152.543,3271.501,5660734400,18519098250334.402,2009-05-25
3274.63,3319.12,3271.906,3274.849,6107910400,20002484265529.6,2009-05-26
3287.989,3300.223,3241.219,3276.748,5049246800,16545109353406.4,2009-05-27
3302.004,3335.069,3296.116,3332.337,5643238800,18805173453075.6,2009-06-01
3346.072,3366.736,3333.459,3353.922,6442180800,21606571913097.6,2009-06-02
3351.778,3380.359,3346.968,3380.188,6517747600,22031212224548.8,2009-06-03
3373.381,3384.36,3321.272,3375.873,6513106000,21987418691538.0,2009-06-04
3379.92,3393.077,3352.628,3355.778,5816471600,19518787432904.797,2009-06-05
3355.911,3380.714,3321.765,3350.238,5272072400,17662697293231.2,2009-06-08
3347.856,3366.911,3282.0,3366.911,5632299200,18963450131771.2,2009-06-09
3373.029,3403.281,3363.883,3403.208,6120367600,20828883979260.8,2009-06-10
3399.551,3422.131,3363.973,3382.997,6096411200,20624140800366.4,2009-06-11
3376.595,3391.374,3281.248,3309.587,5553930800,18381217174579.6,2009-06-12
3303.739,3356.714,3296.579,3356.714,4094414400,13743778138281.6,2009-06-15
3330.628,3357.441,3317.829,3349.35,4079970400,13665248859240.0,2009-06-16
3346.653,3406.913,3334.168,3403.962,4898256800,16673480013441.6,2009-06-17
3410.629,3432.09,3406.326,3431.281,5963087200,20461027810703.2,2009-06-18
3433.201,3448.842,3415.751,3434.055,6473725200,22231128391686.0,2009-06-19
3451.866,3454.895,3393.324,3405.13,5753126000,19590141936380.0,2009-06-22
3365.241,3421.237,3353.025,3392.112,4905319600,16639393478995.201,2009-06-23
3394.77,3431.444,3384.476,3431.444,4976474800,17076494593611.2,2009-06-24
3435.002,3441.582,3411.527,3427.473,5137264400,17607835024861.2,2009-06-25
3433.725,3453.614,3419.369,3448.461,5012472000,17285314205591.998,2009-06-26
3451.778,3484.231,3444.979,3476.788,5934657600,20633546327788.8,2009-06-29
3483.578,3484.944,3439.768,3452.263,5349181600,18466781717960.8,2009-06-30
3446.446,3503.754,3444.47,3503.754,6084860000,21319852564440.0,2009-07-01
3516.309,3540.641,3500.891,3540.509,7183764800,25434183928283.2,2009-07-02
3519.695,3584.858,3507.178,3584.858,7513046400,26933204491411.203,2009-07-03
3593.624,3601.912,3557.667,3592.64,7451406400,26770220688896.0,2009-07-06
3588.669,3616.166,3563.273,3589.187,7132237600,25598934474831.2,2009-07-07
3567.591,3640.337,3560.11,3633.433,6014804000,21854387342132.0,2009-07-08
3637.388,3701.79,3631.297,3701.79,7523964800,27852137656992.0,2009-07-09
3706.56,3747.122,3697.98,3719.97,7785624800,28962290687256.0,2009-07-10
3711.447,3782.109,3705.433,3754.344,7567251200,28410064139212.8,2009-07-13
3762.319,3813.876,3762.319,3813.876,7436959200,28363640205859.203,2009-07-14
3824.326,3850.962,3820.242,3848.632,8436083200,32467379758182.402,2009-07-15
3860.68,3873.333,3821.242,3829.207,8434861600,32298831082751.2,2009-07-16
3827.252,3862.288,3809.498,3852.863,7608516800,29314572863598.4,2009-07-17
3863.472,3919.448,3855.774,3919.426,9016104000,35337952436304.0,2009-07-20
3922.109,3922.571,3814.922,3824.288,8937103200,34178056522521.6,2009-07-21
3817.865,3894.694,3817.865,3894.563,7717383200,30055835067541.6,2009-07-22
3900.015,3933.113,3892.651,3933.113,7661440000,30133309262720.0,2009-07-23
3945.237,3952.317,3831.396,3907.967,8262576000,32289874342992.0,2009-07-24
3918.267,3972.644,3914.317,3972.644,7928386400,31496656661641.598,2009-07-27
3974.006,4023.013,3936.205,4022.91,8828133600,35514786940776.0,2009-07-28
4013.033,4019.195,3678.888,3764.64,9463768400,35627681069376.0,2009-07-29
3773.148,3830.351,3670.905,3803.124,6983696800,26559864908803.2,2009-07-30
3826.193,3933.37,3816.471,3928.584,7525916800,29566196325811.2,2009-07-31
3944.697,4020.625,3928.927,4020.266,8510728000,34215390413648.0,2009-08-03
4024.681,4071.129,3975.507,4069.346,9365029600,38109545742641.6,2009-08-04
4065.426,4099.527,3993.107,4069.338,8879335200,36133016144097.6,2009-08-05
4040.222,4093.701,3946.59,4015.421,7872967200,31613277827191.2,2009-08-06
4008.225,4036.204,3875.756,3893.125,6669500800,25965200302000.0,2009-08-07
3935.045,3970.177,3857.5,3933.047,5381069200,21163998073852.4,2009-08-10
3946.151,3964.422,3900.058,3953.293,4464043600,17647672315574.8,2009-08-11
3944.344,3944.344,3762.236,3770.137,5383301600,20295784544319.2,2009-08-12
3772.668,3800.529,3705.368,3778.14,4270992400,16136407226136.0,2009-08-13
3780.394,3789.754,3609.658,3609.698,5072646400,18310721564787.2,2009-08-14
3558.321,3571.817,3356.201,3358.103,4821366800,16190646315180.4,2009-08-17
3326.866,3436.479,3310.898,3424.775,3812622400,13057373879960.0,2009-08-18
3427.099,3436.952,3215.547,3247.526,4390592000,14258561675392.0,2009-08-19
3247.209,3378.807,3239.825,3374.351,4296083600,14496493991743.6,2009-08-20
3366.461,3469.067,3344.309,3468.042,5158048800,17888329876449.598,2009-08-21
3472.493,3556.712,3449.221,3541.804,5460754800,19340923193659.2,2009-08-24
3523.815,3523.815,3384.445,3485.924,5982545200,20854697893764.8,2009-08-25
3466.215,3622.666,3444.816,3595.115,5966770400,21451225766596.0,2009-08-26
3585.368,3662.473,3557.766,3629.513,6542605600,23746472079072.8,2009-08-27
3615.075,3627.366,3512.432,3531.41,4827620800,17048308369328.0,2009-08-28
3477.116,3477.116,3276.108,3277.997,4731422800,15509589744131.6,2009-08-31
3242.929,3319.717,3207.268,3245.274,3739287600,12135012826802.4,2009-09-01
3229.021,3279.098,3195.852,3265.074,3105849800,10140829429885.201,2009-09-02
3266.18,3437.159,3262.967,3427.442,4794651200,16433388898230.4,2009-09-03
3422.954,3509.282,3408.083,3489.063,5383360400,18782883587305.2,2009-09-04
3503.003,3564.65,3487.493,3527.254,5832011600,20570986244146.4,2009-09-07
3505.443,3592.806,3473.181,3592.806,5578516800,20042528630140.8,2009-09-08
3598.014,3616.254,3556.314,3613.41,5587916000,20191431553560.0,2009-09-09
3598.266,3624.756,3558.616,3581.683,4919302400,17619381777939.2,2009-09-10
3567.62,3659.439,3565.868,3641.816,5352228800,19491832479500.8,2009-09-11
3653.469,3744.834,3652.577,3736.576,6999641600,26154692811161.6,2009-09-14
3742.445,3791.841,3718.881,3775.213,7136291200,26941019310025.6,2009-09-15
3764.567,3808.895,3706.297,3781.064,7223744000,27313438383616.0,2009-09-16
3785.245,3881.849,3785.245,3868.667,7766327200,30045333749842.4,2009-09-17
3879.099,3892.17,3707.022,3739.732,8051588000,30110781294416.0,2009-09-18
3704.171,3805.037,3637.501,3804.331,6109442000,23242339593302.0,2009-09-21
3793.79,3834.725,3708.199,3708.199,5719297600,21208293641022.402,2009-09-22
3693.032,3733.694,3572.628,3595.706,4993506800,17955182361800.8,2009-09-23
3572.481,3620.386,3477.406,3568.669,4411822400,15744333832385.6,2009-09-24
3555.468,3583.602,3516.359,3536.811,3315150200,11725059694012.201,2009-09-25
3546.341,3581.976,3418.456,3434.655,3228769200,11089708276626.0,2009-09-28
3430.289,3449.173,3306.384,3372.074,3263922600,11006188537472.4,2009-09-29
3396.927,3444.768,3396.561,3400.623,2886389600,9815522860720.8,2009-09-30
3456.082,3576.636,3454.796,3576.444,3643693200,13031464682980.8,2009-10-09
3586.041,3629.578,3555.945,3597.863,3919970800,14103517902400.398,2009-10-12
3591.615,3659.081,3583.85,3659.081,3793228800,13879731430732.8,2009-10-13
3668.372,3729.942,3667.506,3692.648,5225603200,19296313205273.6,2009-10-14
3711.101,3733.276,3677.135,3704.404,4425295200,16393081240060.8,2009-10-15
3712.918,3725.321,3654.696,3716.897,4291635200,15951565999974.4,2009-10-16
3719.532,3808.181,3714.485,3808.181,5659440000,21552171878640.0,2009-10-19
3827.626,3865.832,3811.786,3865.832,6772508800,26181381239321.598,2009-10-20
3859.512,3887.889,3836.876,3839.947,6547195600,25140884102633.2,2009-10-21
3827.181,3880.294,3815.166,3855.768,5675228400,21882364057411.2,2009-10-22
3858.449,3926.192,3858.449,3908.435,6944006400,27140197653984.0,2009-10-23
3914.608,3925.422,3869.149,3911.653,5806183600,22711775497490.797,2009-10-26
3884.564,3887.437,3807.976,3807.976,5762284000,21942639177184.0,2009-10-27
3794.993,3846.415,3763.173,3846.415,5000961600,19235773712664.0,2009-10-28
3786.725,3814.915,3761.785,3777.505,4790887200,18097600352436.0,2009-10-29
3823.8,3872.23,3799.662,3827.683,5174836800,19807634847134.4,2009-10-30
3754.943,3955.783,3738.696,3955.783,6595070400,26088667372123.2,2009-11-02
3970.452,4053.212,3967.003,4053.212,8259001600,33475484393139.2,2009-11-03
4057.024,4091.993,4040.324,4083.482,7791216000,31815290294112.0,2009-11-04
4082.874,4134.847,4068.94,4125.781,7088694400,29246400670326.4,2009-11-05
4147.832,4175.5,4130.69,4145.137,8394569600,34796641048035.2,2009-11-06
4148.431,4176.433,4120.391,4176.188,6832455200,28533617416777.6,2009-11-09
4193.656,4211.148,4176.131,4182.77,6980258400,29196815427768.004,2009-11-10
4172.664,4209.253,4149.287,4199.549,6278380400,26366366130439.6,2009-11-11
4203.618,4251.611,4197.697,4213.245,6682543600,28155193409982.0,2009-11-12
4200.666,4267.008,4166.142,4267.008,6330928400,27014122130227.2,2009-11-13
4295.723,4366.852,4295.723,4364.973,8837484800,38575382539910.4,2009-11-16
4381.99,4400.394,4341.778,4387.552,7886137600,34600838799155.2,2009-11-17
4386.132,4413.624,4363.882,4406.779,7777146400,34272165435445.6,2009-11-18
4412.098,4476.138,4400.753,4476.138,8605622400,38519953438291.2,2009-11-19
4462.577,4541.274,4443.135,4508.293,8827120000,39795243306160.0,2009-11-20
4516.278,4592.007,4513.561,4591.339,8283718400,38033359354937.6,2009-11-23
4607.034,4611.888,4328.436,4347.657,11608682400,50470569297136.805,2009-11-24
4333.701,4512.677,4317.849,4512.08,8759604800,39524037625984.0,2009-11-25
4519.132,4541.945,4304.153,4328.408,10372926400,44898257613171.2,2009-11-26
4262.567,4355.231,4187.585,4215.338,7082963200,29857083929561.598,2009-11-27
4251.955,4405.693,4251.955,4405.328,6293950400,27726915927731.203,2009-11-30
4405.731,4525.649,4386.826,4525.288,7608966400,34432764342323.195,2009-12-01
4547.98,4605.878,4534.45,4591.384,8762787200,40233320945484.8,2009-12-02
4582.261,4625.636,4555.473,4621.941,7904182400,36532664706038.4,2009-12-03
4614.683,4651.148,4403.136,4506.082,9398536000,42350573895952.0,2009-12-04
4508.626,4581.578,4503.494,4581.242,6049309600,27713351210523.2,2009-12-07
4584.16,4598.095,4520.924,4571.764,6640363600,30358175253390.402,2009-12-08
4524.624,4566.237,4474.096,4498.152,5535167200,24898023411014.4,2009-12-09
4517.704,4553.819,4485.821,4536.557,4541781600,20604051109951.2,2009-12-10
4546.61,4576.217,4517.528,4534.763,4711364800,21364922774542.4,2009-12-11
4533.364,4533.797,4417.726,4513.594,4609314400,20804573819953.6,2009-12-14
4507.158,4545.354,4492.24,4523.493,4658103200,21070897218477.6,2009-12-15
4509.822,4543.097,4491.02,4506.039,4341789200,19564271464978.8,2009-12-16
4506.367,4518.944,4362.838,4364.926,4492709600,19610344943489.6,2009-12-17
4318.065,4318.987,4194.965,4203.48,4298715200,18069563368896.0,2009-12-18
4195.117,4257.017,4185.109,4256.389,3209972000,13662889511108.0,2009-12-21
4260.744,4263.337,4124.08,4136.822,3684896800,15243762149969.6,2009-12-22
4132.155,4210.665,4129.892,4210.173,3288884800,13846773985070.398,2009-12-23
4213.821,4350.525,4209.975,4345.296,4436008000,19275767818368.0,2009-12-24
4342.35,4398.458,4324.855,4376.193,4272454000,18697083287622.0,2009-12-25
4388.778,4447.757,4388.274,4447.205,4374973600,19456404468788.0,2009-12-28
4451.928,4465.461,4393.902,4463.604,4527214400,20207692304697.6,2009-12-29
4459.723,4470.308,4408.384,4446.067,4808960400,21380960138746.8,2009-12-30
4444.248,4487.451,4432.289,4485.255,4529280000,20314975766400.0,2009-12-31
4508.93,4542.71,4487.365,4510.527,5125673600,23119489165987.2,2010-01-04
4513.403,4558.21,4480.188,4557.475,5704074400,25996176476140.004,2010-01-05
4553.369,4595.102,4538.719,4550.279,5787597900,26335185184814.1,2010-01-06
4540.009,4554.932,4436.767,4459.155,5787344000,25806663934320.0,2010-01-07
4439.206,4514.719,4426.235,4514.452,4657364800,21025449836089.6,2010-01-08
4549.318,4558.461,4502.994,4542.949,5708973200,25935574089966.797,2010-01-11
4535.304,4640.353,4524.675,4639.632,6206168900,28794339825844.797,2010-01-12
4544.429,4650.059,4526.838,4591.024,6789880800,31172505709939.203,2010-01-13
4598.405,4714.873,4598.405,4714.1,6791848000,32017450656800.004,2010-01-14
4720.217,4753.189,4712.624,4747.648,5851337200,27780089354905.6,2010-01-15
4744.325,4829.361,4738.911,4829.062,6328435600,30560407875407.2,2010-01-18
4835.827,4852.325,4791.99,4830.016,6615494400,31952943799910.4,2010-01-19
4830.421,4831.701,4635.669,4651.074,7808653600,36318625733966.4,2010-01-20
4646.622,4696.161,4611.76,4667.209,5093667600,23773211265728.4,2010-01-21
4613.193,4633.394,4453.69,4537.88,6018718400,27312221852992.0,2010-01-22
4515.131,4542.786,4477.187,4481.16,4139508400,18549799461744.0,2010-01-25
4467.521,4492.645,4254.323,4294.383,4152028000,17830398458724.0,2010-01-26
4290.736,4344.132,4229.517,4267.113,3292415200,14049107701317.602,2010-01-27
4266.056,4340.409,4249.771,4336.381,3212733000,13931634339273.002,2010-01-28
4316.237,4418.402,4298.654,4374.649,3988806400,17449627928953.602,2010-01-29
4366.489,4372.572,4269.33,4331.366,4309502800,18666033904824.8,2010-02-01
4344.037,4388.351,4296.883,4301.768,3853250400,16575789266707.2,2010-02-02
4299.966,4363.668,4160.352,4363.079,4852668000,21172573844772.0,2010-02-03
4342.68,4445.754,4316.813,4408.441,5187378400,22868251621074.4,2010-02-04
4312.549,4382.344,4270.71,4311.293,4967040400,21414366507237.2,2010-02-05
4299.251,4330.204,4279.662,4310.894,3194607600,13771614735194.4,2010-02-08
4300.32,4334.343,4284.517,4311.891,2989658000,12891079423277.998,2010-02-09
4333.854,4366.495,4326.019,4366.25,2589719600,11307363203500.0,2010-02-10
4367.721,4385.197,4352.114,4356.517,2448541000,10667110491697.0,2010-02-11
4365.619,4418.539,4365.477,4416.219,2451138000,10824762207222.0,2010-02-12
4412.553,4457.223,4401.057,4419.547,3146942600,13908060727002.2,2010-02-22
4414.055,4459.726,4352.442,4459.155,3884211200,17320299793535.998,2010-02-23
4438.395,4556.723,4419.452,4556.281,4802456800,21881342671160.8,2010-02-24
4565.744,4632.97,4564.024,4629.965,5551940800,25705291586072.0,2010-02-25
4618.639,4656.927,4602.016,4634.671,4953052000,22955766465892.0,2010-02-26
4635.953,4692.833,4635.953,4686.266,5386243600,25241370250397.598,2010-03-01
4692.606,4705.16,4660.166,4690.293,5662886000,26560594565598.0,2010-03-02
4690.436,4761.577,4680.311,4758.434,6357355200,30251055133756.8,2010-03-03
4763.637,4780.016,4572.07,4586.523,6847070400,31404245872219.2,2010-03-04
4590.886,4632.04,4550.096,4604.586,5237147600,24114896518893.6,2010-03-05
4618.857,4665.061,4612.218,4654.583,4503946800,20963994208184.4,2010-03-08
4653.062,4674.509,4607.864,4660.126,4721442800,22002518349792.8,2010-03-09
4659.5,4674.064,4564.431,4598.994,4479956000,20603290764264.0,2010-03-10
4594.501,4608.643,4519.026,4562.872,3756112000,17138658273664.002,2010-03-11
4561.609,4575.996,4489.534,4492.861,3540021200,15904823188653.2,2010-03-12
4485.875,4498.103,4426.189,4454.76,2992878000,13332553199280.0,2010-03-15
4453.812,4492.04,4426.607,4491.465,2766447600,12425402569734.0,2010-03-16
4500.427,4616.109,4500.255,4616.053,4436945200,20481174201295.598,2010-03-17
4627.998,4653.681,4605.912,4630.953,4979134800,23058139239464.402,2010-03-18
4632.05,4665.909,4609.013,4663.903,4641554400,21647759490823.2,2010-03-19
4669.413,4695.082,4649.531,4690.198,4720032000,22137884646336.0,2010-03-22
4690.273,4697.727,4642.975,4658.626,4704866800,21918214801016.8,2010-03-23
4662.987,4692.318,4662.536,4683.065,4744276800,22217756632392.0,2010-03-24
4675.222,4675.222,4609.165,4620.749,4895411600,22620468255288.4,2010-03-25
4609.752,4693.762,4601.691,4686.931,4521928000,21193964522968.0,2010-03-26
4701.789,4723.745,4682.409,4723.611,5028324000,23751846557964.0,2010-03-29
4720.577,4748.908,4708.428,4744.423,4734372400,22461865305125.2,2010-03-30
4744.344,4757.316,4726.518,4756.157,4910827600,23356667065533.2,2010-03-31
4756.298,4828.103,4755.933,4827.214,6187885600,29870247998718.4,2010-04-01
4833.81,4851.938,4820.065,4843.175,5943194400,28783930538220.0,2010-04-02
4853.328,4862.168,4814.252,4852.904,5739704800,27854236382739.203,2010-04-06
4851.831,4865.753,4829.017,4863.639,5328918400,25917935358057.6,2010-04-07
4856.411,4881.907,4845.605,4864.922,5717551200,27815440619006.4,2010-04-08
4866.519,4939.408,4866.243,4939.176,5841922400,28854282911942.402,2010-04-09
4948.103,4976.832,4932.626,4976.38,7228172000,35970130577360.0,2010-04-12
4977.757,4993.367,4793.284,4919.873,7346944000,36146031418112.0,2010-04-13
4910.701,4978.269,4896.573,4977.508,5620229200,27974735804833.598,2010-04-14
4975.078,4984.356,4879.912,4914.747,5425112400,26663054892562.8,2010-04-15
4900.6,4936.876,4852.407,4898.67,4304573600,21086685557112.0,2010-04-16
4850.863,4880.535,4688.12,4688.836,5827744800,27325339617052.8,2010-04-19
4680.197,4750.489,4607.2,4749.934,5271907200,25041211254124.8,2010-04-20
4753.118,4896.661,4747.387,4893.978,6395338400,31298645432155.2,2010-04-21
4881.255,4950.494,4849.557,4902.405,6599520800,32353523767524.0,2010-04-22
4892.037,4936.731,4840.168,4864.164,5576390000,27124475487960.0,2010-04-23
4868.725,4904.97,4847.913,4866.553,4851044800,23607866624574.4,2010-04-26
4852.193,4852.193,4645.159,4739.269,5371586800,25457394802049.203,2010-04-27
4682.326,4767.801,4652.872,4714.432,4431985600,20894294736179.2,2010-04-28
4730.49,4758.76,4560.131,4561.4,4829340000,22028551476000.0,2010-04-29
4540.652,4547.479,4350.147,4438.681,4381965600,19450147451373.598,2010-04-30
4353.452,4484.46,4324.504,4434.131,3183759200,14117205365255.201,2010-05-04
4388.503,4565.239,4377.384,4564.807,4329849600,19764927763027.2,2010-05-05
4557.446,4583.184,4418.739,4419.781,4498350000,19881721861350.0,2010-05-06
4313.653,4443.534,4285.466,4350.758,4221155200,18365224755641.598,2010-05-07
4346.702,4391.034,4175.665,4269.108,4019216000,17158467179328.0,2010-05-10
4350.771,4366.687,4134.601,4144.352,4002581200,16588105401382.4,2010-05-11
4100.604,4154.475,3979.128,4042.516,3657183600,14784223217937.6,2010-05-12
4042.315,4158.347,3974.102,4157.842,3651686400,15183135084748.799,2010-05-13
4129.892,4217.607,4107.176,4184.841,3694244000,15459823755204.002,2010-05-14
4125.661,4132.379,3915.752,3915.752,3760313200,14724453933526.4,2010-05-17
3894.094,3983.876,3818.29,3972.154,3771298400,14980178024753.6,2010-05-18
3946.148,4037.847,3908.64,3977.377,3496052000,13905116815604.0,2010-05-19
3941.61,4025.803,3890.352,3901.257,3343432400,13043589054526.8,2010-05-20
3787.15,3982.412,3768.097,3982.385,4023081200,16021458224662.0,2010-05-21
4016.351,4170.729,4016.351,4163.477,5441927600,22657340398265.2,2010-05-24
4134.931,4177.786,4087.096,4133.346,4745101600,19613146717953.598,2010-05-25
4117.49,4165.29,4097.242,4144.662,3422970800,14187057001869.602,2010-05-26
4133.325,4228.444,4083.622,4218.637,4365236000,18415346103332.0,2010-05-27
4254.849,4270.167,4203.488,4235.322,4531411200,19191985546406.402,2010-05-28
4214.623,4259.164,4104.364,4104.364,4140822000,16995440747207.998,2010-05-31
4059.415,4091.441,3933.393,4025.789,3874619200,15598399354548.8,2010-06-01
4004.128,4084.048,3960.335,4083.616,3270880000,13357017902080.0,2010-06-02
4099.855,4146.656,4053.546,4053.985,3754352800,15220089935908.0,2010-06-03
4025.277,4095.486,4013.969,4089.035,3141512400,12845754156534.0,2010-06-04
4000.65,4082.379,3985.146,4072.568,3497036000,14241916908448.0,2010-06-07
4064.784,4122.39,4047.819,4109.317,3423959600,14070135391593.2,2010-06-08
4124.807,4212.175,4110.434,4211.881,4755827200,20030978222963.203,2010-06-09
4191.293,4261.161,4176.428,4223.566,4188617200,17690901192935.2,2010-06-10
4239.059,4252.102,4193.082,4197.995,3441800800,14448662549396.0,2010-06-11
4221.599,4237.101,4144.069,4145.243,2899836200,12020525709196.602,2010-06-17
4131.677,4131.677,3945.727,3972.286,3504262400,13919932471846.4,2010-06-18
3960.25,4087.447,3924.415,4087.017,3508624000,14339805934608.0,2010-06-21
4081.642,4136.592,4069.225,4119.722,3461653600,14261050492299.2,2010-06-22
4098.259,4138.777,4039.925,4094.568,3126797600,12802885395436.8,2010-06-23
4090.974,4120.84,4070.488,4095.295,2497078800,10226274324246.0,2010-06-24
4079.192,4080.023,3992.374,4028.433,2580171600,10394048419102.8,2010-06-25
4023.107,4036.429,3944.47,3961.382,2111946800,8366228038477.601,2010-06-28
3960.676,3973.927,3735.119,3736.982,3357564400,12547157726640.8,2010-06-29
3699.181,3701.331,3620.274,3664.464,2553734000,9358066308576.0,2010-06-30
3657.956,3692.903,3604.357,3606.593,2246347000,8101659365771.0,2010-07-01
3600.76,3609.002,3430.361,3585.576,3087686800,11071135685596.8,2010-07-02
3535.741,3586.578,3498.903,3563.882,2248425200,8013122098626.4,2010-07-05
3556.19,3665.379,3554.071,3665.334,2959201200,10846460771200.799,2010-07-06
3672.15,3718.931,3656.298,3718.662,2894769200,10764668222810.4,2010-07-07
3729.238,3736.51,3663.731,3698.342,2779247200,10278606648142.4,2010-07-08
3699.313,3817.669,3677.338,3807.604,4073329600,15509626078278.398,2010-07-09
3809.747,3866.782,3799.429,3849.52,4001443600,15403637167072.0,2010-07-12
3816.463,3816.463,3747.396,3788.751,3444529600,13050464966529.602,2010-07-13
3795.211,3862.386,3795.176,3824.046,3540966000,13540816868436.0,2010-07-14
3817.178,3850.196,3735.285,3735.395,3271061200,12218705651174.0,2010-07-15
3713.659,3764.835,3672.02,3757.432,2798721200,10516004595958.398,2010-07-16
3718.13,3848.631,3701.931,3842.313,3507423600,13476619294786.8,2010-07-19
3849.042,3951.542,3848.741,3951.358,5268350400,20817138499843.2,2010-07-20
3953.773,4001.427,3937.484,3959.427,5204248800,20605843213437.6,2010-07-21
3947.994,4018.056,3940.463,4017.864,4617888400,18554047558377.6,2010-07-22
4020.914,4028.513,3965.704,4015.467,4471046400,17953339274668.8,2010-07-23
4023.064,4071.47,4011.746,4071.094,4385787200,17854951955196.8,2010-07-26
4062.251,4091.312,4041.898,4068.864,4106628400,16709312458137.6,2010-07-27
4061.019,4162.66,4050.187,4162.321,5790200800,24100674384056.8,2010-07-28
4170.762,4196.026,4139.942,4194.04,6274903600,26317196694544.0,2010-07-29
4181.218,4203.643,4137.235,4191.13,4729828800,19823327378544.0,2010-07-30
4192.66,4268.395,4192.523,4267.895,5427313600,23163204576872.004,2010-08-02
4277.27,4289.459,4193.298,4193.641,5940590400,24912703465646.4,2010-08-03
4178.191,4248.234,4137.646,4248.014,5468676000,23231012209464.0,2010-08-04
4247.05,4306.648,4231.469,4267.955,5841457600,24931078171208.0,2010-08-05
4260.63,4356.213,4228.669,4356.012,6369627600,27746174261131.2,2010-08-06
4357.182,4414.526,4352.923,4413.568,5999110400,26477481689907.203,2010-08-09
4412.268,4417.203,4246.46,4246.46,6248551200,26534222728752.0,2010-08-10
4230.353,4309.788,4230.353,4297.904,4263884800,18325767537459.203,2010-08-11
4248.984,4317.946,4228.531,4241.592,4532665200,19225716450998.4,2010-08-12
4240.495,4323.248,4212.205,4323.052,4184958400,18091792781036.797,2010-08-13
4322.02,4429.902,4315.022,4423.315,5625259200,24882293398247.996,2010-08-16
4436.376,4470.457,4414.214,4457.759,5691170400,25369866071133.6,2010-08-17
4462.578,4475.923,4409.594,4457.127,5689720800,25359808200141.6,2010-08-18
4456.274,4491.738,4423.987,4461.488,5931286400,26462363098163.203,2010-08-19
4442.693,4444.851,4350.155,4366.604,5829874800,25456754621179.203,2010-08-20
4363.169,4416.826,4362.72,4404.718,4853665600,21379028234300.8,2010-08-23
4401.523,4476.262,4370.569,4456.497,5469966400,24376888851700.8,2010-08-24
4428.36,4457.837,4364.061,4368.304,5428540000,23713512996160.0,2010-08-25
4376.923,4415.836,4355.032,4399.284,4240153600,18653639890022.4,2010-08-26
4393.99,4437.794,4375.391,4431.444,3694988800,16374135947827.201,2010-08-27
4453.05,4553.398,4453.05,4553.023,5541290400,25229622640879.2,2010-08-30
4541.767,4605.176,4529.735,4589.289,5906349200,27105943413718.797,2010-08-31
4595.208,4613.088,4473.568,4530.229,6464895200,29287455717000.8,2010-09-01
4562.431,4631.0,4545.787,4625.395,6512640000,30123532492800.004,2010-09-02
4632.26,4671.343,4596.122,4662.96,6759264000,31518177661440.0,2010-09-03
4682.262,4692.106,4616.069,4651.963,6424396000,29886052489348.0,2010-09-06
4650.949,4680.332,4613.393,4679.942,5416786400,25350246178388.8,2010-09-07
4660.898,4723.833,4644.349,4720.375,5522650400,26068980881900.0,2010-09-08
4730.861,4746.029,4649.038,4658.009,7024723200,32721223888108.8,2010-09-09
4655.704,4712.56,4593.45,4705.31,6231407600,29320704494356.004,2010-09-10
4713.062,4791.48,4707.358,4789.693,6235460000,29865939113780.0,2010-09-13
4796.464,4821.55,4770.364,4805.416,6104981600,29336976260345.6,2010-09-14
4802.611,4802.611,4712.529,4730.143,6025628800,28502085888918.4,2010-09-15
4721.555,4739.427,4558.399,4610.916,5601623200,25828614038851.2,2010-09-16
4616.572,4646.197,4575.79,4603.489,4208531600,19373928926752.4,2010-09-17
4608.853,4622.512,4531.484,4553.12,3880639200,17669015954304.0,2010-09-20
4561.669,4576.037,4516.613,4546.724,2851413200,12964588830356.8,2010-09-21
4570.608,4673.762,4570.608,4673.602,3648028400,17049432826296.799,2010-09-27
4672.15,4695.04,4643.173,4654.345,4167801600,19398386537952.0,2010-09-28
4648.162,4659.562,4577.403,4590.317,3995348400,18339915681442.8,2010-09-29
4564.812,4660.605,4553.959,4660.605,3528902000,16446818305709.998,2010-09-30
4696.379,4787.448,4691.637,4767.967,5155148800,24579579358489.598,2010-10-08
4784.653,4825.355,4746.544,4789.155,7659540800,36682728120024.0,2010-10-11
4772.91,4808.126,4748.743,4806.029,6783344000,32600947980976.004,2010-10-12
4808.389,4838.859,4765.944,4836.737,7737040000,37422027638480.0,2010-10-13
4842.689,4848.857,4675.383,4679.548,7571346400,35430478903427.195,2010-10-14
4654.273,4719.928,4638.239,4691.45,7182738400,33697458066680.0,2010-10-15
4699.028,4701.156,4545.066,4636.639,8367456000,38796872820384.0,2010-10-18
4637.959,4779.113,4637.05,4778.607,6516314400,31138905606040.8,2010-10-19
4682.654,4828.9,4661.194,4794.194,7663805600,36741770824686.41,2010-10-20
4805.704,4844.54,4771.607,4833.8,6789941600,32821219706080.0,2010-10-21
4837.328,4892.619,4826.825,4877.927,6607192000,32229400250983.996,2010-10-22
4894.852,4998.892,4894.806,4998.5,8102924800,40502469612800.0,2010-10-25
5010.024,5046.65,4983.839,5046.148,8913848800,44980600294422.4,2010-10-26
5046.211,5088.85,4976.714,4994.774,8049168000,40203775048032.0,2010-10-27
4978.536,5020.066,4952.708,4999.59,6178162000,30888276953580.0,2010-10-28
5005.657,5068.704,4992.81,5055.492,6547187600,33099254534299.203,2010-10-29
5072.758,5199.812,5072.758,5199.525,8523837600,44319906697140.0,2010-11-01
5211.466,5272.446,5171.501,5173.066,9686436800,50108576871228.8,2010-11-02
5165.912,5197.959,5096.457,5098.539,7631712000,38910581268768.0,2010-11-03
5104.775,5228.924,5104.775,5228.296,7612600800,39800930312236.805,2010-11-04
5274.568,5313.483,5244.377,5311.77,8950491200,47542950641424.01,2010-11-05
5338.512,5431.394,5330.514,5431.091,9507648800,51636905828840.805,2010-11-08
5435.364,5468.36,5398.702,5467.839,9270058400,50687186851797.6,2010-11-09
5459.4,5504.881,5432.626,5484.742,8859264000,48590777349888.0,2010-11-10
5462.758,5581.354,5440.099,5440.099,9877328000,53733642175472.0,2010-11-11
5411.866,5445.708,5094.799,5111.189,10514325600,53740705349138.41,2010-11-12
5117.16,5255.852,5083.851,5255.267,6785033600,35657163171971.195,2010-11-15
5259.513,5288.967,5017.246,5068.465,7836215200,39717582473668.0,2010-11-16
4989.798,5039.089,4830.509,4855.85,5430788800,26371095794480.004,2010-11-17
4885.909,4941.199,4814.422,4932.401,4202450400,20728170555410.4,2010-11-18
4959.062,5081.03,4919.28,5081.03,5421057600,27544556297328.0,2010-11-19
5049.463,5190.605,5036.316,5150.665,6086765200,31350888478858.0,2010-11-22
5129.372,5129.372,4970.488,5063.237,5377227600,27226177741741.2,2010-11-23
5022.128,5206.422,5017.934,5206.149,5408620000,28158081604380.0,2010-11-24
5228.268,5278.319,5226.983,5259.81,6078655600,31972573511436.004,2010-11-25
5255.255,5256.399,5169.034,5227.648,5407235200,28267122278809.6,2010-11-26
5214.449,5273.791,5180.657,5248.747,5007100000,26281001103700.0,2010-11-29
5238.5,5257.098,4960.708,5110.875,6460012400,33016315874850.0,2010-11-30
5090.402,5139.96,5071.354,5116.837,4082123600,20887561075053.203,2010-12-01
5175.258,5192.633,5135.673,5138.487,4774671600,24534587945869.2,2010-12-02
5135.826,5145.805,5052.433,5100.366,3763797600,19196745309921.6,2010-12-03
5103.86,5114.069,4989.281,5016.528,3413568000,17124259451904.0,2010-12-06
4999.589,5088.755,4931.88,5084.583,3368159600,17125687043446.799,2010-12-07
5077.549,5133.247,5059.584,5069.97,3301617800,16739103197466.0,2010-12-08
5047.044,5047.044,4964.253,4964.901,3503606800,17395060904926.799,2010-12-09
4944.929,5045.95,4935.281,5039.165,3041252800,15325374665912.0,2010-12-10
5063.009,5179.518,5063.009,5179.021,4556354800,23597457192650.797,2010-12-13
5194.939,5244.531,5181.198,5244.038,4936328400,25886293710079.2,2010-12-14
5244.803,5276.137,5211.7,5230.68,4679572400,24477345761232.0,2010-12-15
5219.084,5250.386,5200.879,5216.851,3552044000,18530484293444.0,2010-12-16
5212.136,5230.33,5187.398,5228.337,3041214400,15900493772452.8,2010-12-17
5246.417,5264.206,5043.659,5163.529,4558775600,23539370015092.402,2010-12-20
5166.336,5223.395,5123.268,5222.792,4038840800,21094025419513.6,2010-12-21
5225.766,5226.18,5157.318,5174.539,4077913600,21101322961830.4,2010-12-22
5161.257,5170.18,5060.526,5069.523,3460813600,17544674143912.8,2010-12-23
5046.942,5046.942,4947.222,4991.544,3095078600,15449221015358.4,2010-12-24
4993.383,5048.595,4832.529,4849.63,3415533600,16564074212568.0,2010-12-27
4820.824,4827.345,4700.561,4730.497,2955424800,13980628150125.602,2010-12-28
4730.63,4813.242,4723.291,4812.532,2147683600,10335796050875.201,2010-12-29
4810.442,4846.653,4777.84,4828.489,2353224000,11362516198535.998,2010-12-30
4833.887,4936.716,4833.887,4936.716,2765461400,13652297540762.4,2010-12-31
4964.214,5012.057,4938.942,5011.498,3699564400,18540359591471.2,2011-01-04
4989.105,5038.872,4964.866,5028.766,3475221600,17476076224545.6,2011-01-05
5026.331,5047.259,4992.165,5001.283,3123874400,15623379930855.201,2011-01-06
4990.698,5028.274,4945.784,4975.144,3499623200,17411129365740.8,2011-01-07
4966.563,4970.422,4816.581,4830.562,3113786200,15041337293844.4,2011-01-10
4811.16,4815.497,4747.492,4804.822,2750608800,13216185675633.6,2011-01-11
4813.485,4846.947,4764.469,4833.58,2691439800,13009289588484.0,2011-01-12
4851.682,4859.531,4810.905,4826.757,2544377200,12281090460740.398,2011-01-13
4816.662,4816.662,4719.152,4723.426,2781177400,13136685641772.4,2011-01-14
4690.877,4691.571,4507.571,4519.913,3067751000,13865967625662.998,2011-01-17
4502.064,4550.287,4483.502,4536.964,1944286600,8821158309882.4,2011-01-18
4538.986,4646.088,4530.607,4646.087,2436093800,11318303734960.602,2011-01-19
4637.773,4637.773,4476.561,4477.359,2865246400,12828736756257.602,2011-01-20
4459.988,4549.586,4445.23,4506.322,2709504200,12209898385552.4,2011-01-21
4506.61,4521.13,4397.017,4398.495,2522068200,11093304367359.0,2011-01-24
4390.157,4392.215,4307.907,4341.909,2133616800,9263969986471.2,2011-01-25
4339.862,4426.247,4339.862,4424.892,1974312400,8736119144260.8,2011-01-26
4397.929,4514.428,4369.867,4502.808,2796481600,12592019720332.8,2011-01-27
4497.829,4559.362,4493.837,4548.206,2581766400,11742405431078.4,2011-01-28
4544.334,4611.0,4536.187,4610.86,2640632200,12175585385692.0,2011-01-31
4612.399,4638.606,4604.912,4630.58,2394669600,11088709156368.0,2011-02-01
4597.537,4654.589,4584.899,4609.717,2754208400,12696121283022.799,2011-02-09
4604.844,4734.056,4602.333,4733.973,3457824800,16369249241930.4,2011-02-10
4736.272,4803.099,4729.387,4786.806,3991598400,19107007170710.4,2011-02-11
4792.853,4884.993,4792.853,4872.495,4781513200,23297899159434.0,2011-02-14
4878.681,4932.331,4862.772,4869.687,5155704000,25106664744648.0,2011-02-15
4860.888,4952.946,4855.949,4952.667,4467136800,22124241013845.6,2011-02-16
4962.125,4990.754,4917.952,4987.48,5044532800,25159506449343.996,2011-02-17
4977.22,4984.182,4915.666,4941.432,4290672000,21202063922304.0,2011-02-18
4911.806,5043.248,4905.363,5042.967,4737022000,23888645624274.0,2011-02-21
5052.357,5058.747,4908.246,4909.745,5738196000,28173079120020.0,2011-02-22
4891.245,4983.233,4891.245,4979.057,4483006400,22321144396964.8,2011-02-23
4976.341,5033.104,4963.761,5027.731,5009068400,25184248475800.4,2011-02-24
5019.504,5039.792,4964.35,5032.797,4445544800,22373524532805.598,2011-02-25
5040.223,5095.569,5007.648,5095.208,5124278800,26109266335990.4,2011-02-28
5099.698,5143.77,5082.044,5122.441,5779841600,29606897585345.598,2011-03-01
5099.475,5120.412,5024.864,5108.74,5314279200,27149270720208.0,2011-03-02
5106.39,5124.61,5000.542,5009.047,5171038800,25901976388023.598,2011-03-03
5005.555,5067.917,4989.647,5067.621,4255960400,21567594298208.402,2011-03-04
5085.455,5138.652,5085.455,5138.248,5747858800,29533923983382.4,2011-03-07
5135.355,5166.36,5113.086,5165.735,5314008000,27450757115880.0,2011-03-08
5168.132,5186.033,5147.866,5181.368,5114619600,26500726327612.8,2011-03-09
5174.026,5174.026,5139.782,5143.413,5231988800,26910279209774.4,2011-03-10
5118.071,5200.699,5113.482,5139.746,5171933600,26582425032865.6,2011-03-11
5127.142,5190.727,5111.01,5190.037,5341013200,27720056125488.402,2011-03-14
5178.085,5178.085,5016.883,5131.332,6333606400,32499837195724.8,2011-03-15
5122.271,5200.065,5119.192,5199.358,5556132000,28888319363256.0,2011-03-16
5151.638,5185.415,5080.527,5104.134,5674077600,28961252396798.4,2011-03-17
5133.772,5160.803,5105.058,5126.934,4267683200,21880130099308.8,2011-03-18
5120.672,5130.928,5062.79,5086.108,4191967600,21320799946100.8,2011-03-21
5093.408,5102.431,5020.755,5085.812,3910700000,19889084988400.0,2011-03-22
5084.77,5155.585,5076.72,5155.337,4637356000,23907132968972.004,2011-03-23
5159.198,5185.502,5149.663,5169.264,4899669200,25327683607468.8,2011-03-24
5164.824,5218.064,5164.779,5212.345,5857739600,30532559715362.0,2011-03-25
5223.068,5231.728,5187.454,5199.552,6912303200,35940879928166.4,2011-03-28
5185.679,5191.536,5105.034,5111.153,7033332800,35948440040718.4,2011-03-29
5101.114,5117.221,5036.286,5064.545,5362860000,27160445798700.0,2011-03-30
5065.12,5079.233,4985.024,5000.402,4579340400,22898542894840.8,2011-03-31
4999.764,5065.076,4991.794,5065.076,3911730400,19813211767510.4,2011-04-01
5046.9,5070.336,5019.492,5057.84,4571476000,23121794171840.0,2011-04-06
5056.088,5090.022,5045.186,5089.751,4496888800,22888044266688.8,2011-04-07
5087.313,5149.053,5079.649,5148.799,4537160400,23360926930359.6,2011-04-08
5157.067,5162.489,5102.709,5107.137,5261755200,26872504666862.4,2011-04-11
5096.566,5139.03,5083.386,5114.459,5271436400,26960545338907.598,2011-04-12
5098.644,5165.492,5069.387,5165.207,4887132800,25243052548489.6,2011-04-13
5162.306,5175.238,5139.996,5150.869,4891312000,25194507350128.0,2011-04-14
5143.297,5162.415,5103.086,5162.415,5279411200,27254511570048.0,2011-04-15
5149.342,5179.447,5140.41,5178.894,5646023200,29240155674340.8,2011-04-18
5149.656,5153.556,5095.604,5116.144,6401797600,32752518380454.402,2011-04-19
5116.111,5154.741,5116.111,5152.395,5087671600,26213693713482.004,2011-04-20
5169.623,5191.014,5159.96,5188.111,5383070800,27927968831258.8,2011-04-21
5187.764,5193.214,5150.424,5165.123,5498767200,28401808936365.598,2011-04-22
5152.071,5152.071,5054.768,5054.768,5011404400,25331486596179.2,2011-04-25
5033.79,5047.339,4943.063,4970.572,3925772000,19513332381584.0,2011-04-26
4977.952,5003.858,4872.507,4913.497,4112825600,20208356247123.203,2011-04-27
4920.935,4937.108,4752.406,4755.416,4077560000,19390494064960.0,2011-04-28
4749.531,4837.004,4738.454,4836.866,3011031000,14563953468846.0,2011-04-29
4836.86,4920.709,4816.023,4920.57,3546053600,17448604962551.998,2011-05-03
4900.436,4900.436,4798.406,4814.781,4062791600,19561451802639.6,2011-05-04
4792.13,4842.37,4784.697,4827.212,3470003200,16750441087078.402,2011-05-05
4787.522,4874.976,4764.837,4849.969,3690577200,17899185012106.8,2011-05-06
4855.837,4897.756,4855.837,4889.92,3456250800,16900789911936.0,2011-05-09
4893.953,4918.868,4871.446,4918.674,3522454400,17325804873465.6,2011-05-10
4919.243,4949.018,4880.31,4929.488,4237492400,20888667935891.203,2011-05-11
4896.335,4940.818,4863.122,4863.795,4735557200,23032779431574.0,2011-05-12
4860.034,4903.107,4817.829,4902.564,4246408400,20818288951137.6,2011-05-13
4900.004,4931.125,4892.239,4900.706,4099534400,20090612831286.402,2011-05-16
4892.293,4912.709,4823.065,4873.954,4686059600,22839638931658.4,2011-05-17
4859.321,4907.746,4850.45,4906.189,3608075200,17701898857412.8,2011-05-18
4912.813,4929.212,4875.803,4879.892,3468265600,16924761555315.2,2011-05-19
4875.08,4886.591,4837.978,4863.185,3021996400,14696527562534.002,2011-05-20
4853.899,4853.92,4677.455,4679.527,4285262400,20053001102884.8,2011-05-23
4656.012,4676.835,4590.126,4672.076,3287198000,15358038883048.0,2011-05-24
4667.636,4689.694,4613.676,4618.748,3418169200,15787662156161.598,2011-05-25
4635.946,4662.29,4572.323,4572.942,3570184000,16326244361328.0,2011-05-26
4561.772,4567.228,4425.763,4428.894,3390238400,15015006508329.602,2011-05-27
4402.999,4427.001,4339.079,4345.048,2659257600,11554601916364.799,2011-05-30
4347.99,4444.591,4339.625,4444.276,2647238400,11765058087398.4,2011-05-31
4439.386,4494.0,4424.2,4490.892,2746729400,12335265088624.799,2011-06-01
4434.863,4452.534,4363.895,4429.999,3038598800,13460989645401.2,2011-06-02
4425.488,4514.305,4424.198,4506.196,2671969200,12040416921163.2,2011-06-03
4496.959,4548.218,4490.624,4547.303,2535242800,11528517190168.4,2011-06-07
4542.698,4568.288,4486.645,4562.972,2969370400,13549153992828.799,2011-06-08
4552.066,4553.712,4456.59,4456.73,3012745200,13426991915195.998,2011-06-09
4442.511,4469.578,4383.199,4469.049,2716272800,12139156240567.2,2011-06-10
4439.868,4475.693,4408.064,4468.787,2290297400,10234851247253.8,2011-06-13
4466.99,4546.73,4461.534,4540.939,2995558400,13602647965337.602,2011-06-14
4531.363,4562.039,4498.778,4499.694,2954781200,13295611236952.8,2011-06-15
4461.257,4466.776,4396.206,4402.143,2790606800,12284650190372.4,2011-06-16
4392.983,4415.159,4332.487,4337.367,2282689600,9900862542283.201,2011-06-17
4325.604,4333.572,4251.108,4278.753,2158850400,9237187625551.2,2011-06-20
4286.358,4338.852,4269.924,4338.422,2444865600,10606858706083.2,2011-06-21
4341.356,4350.921,4300.643,4321.219,2228088000,9628056199272.0,2011-06-22
4307.814,4411.86,4276.729,4402.938,2927737600,12890647133068.8,2011-06-23
4390.09,4533.705,4381.799,4509.18,4592928400,20710340882712.0,2011-06-24
4511.764,4578.316,4510.722,4568.189,3916460400,17891131318215.6,2011-06-27
4569.757,4582.624,4529.179,4574.477,3231001200,14780140676372.4,2011-06-28
4570.843,4583.488,4511.281,4511.545,3396370400,15322877896268.0,2011-06-29
4506.748,4585.256,4506.738,4579.332,3273795000,14991794204940.002,2011-06-30
4589.175,4635.248,4582.329,4604.746,3882020000,17875716066920.0,2011-07-01
4617.952,4719.57,4617.952,4719.391,5031479200,23745517653167.2,2011-07-04
4722.327,4758.075,4711.168,4749.424,4606850800,21879887753939.2,2011-07-05
4742.166,4763.24,4705.385,4760.917,4330434000,20616836847978.0,2011-07-06
4757.074,4813.338,4742.37,4761.452,4850316000,23094546818832.0,2011-07-07
4755.751,4769.55,4720.234,4756.614,3641059600,17319115068194.398,2011-07-08
4741.98,4802.445,4728.494,4799.42,3725219200,17878891532864.0,2011-07-11
4762.094,4771.59,4727.67,4731.118,4142080400,19596671137887.203,2011-07-12
4729.198,4825.504,4729.198,4825.419,4023526800,19415202667729.2,2011-07-13
4833.752,4866.241,4813.49,4866.165,4613078400,22448000652336.0,2011-07-14
4853.755,4896.095,4842.785,4896.043,4781930400,23412536861407.2,2011-07-15
4902.222,4919.141,4876.484,4895.26,4843666400,23711006381264.0,2011-07-18
4871.677,4871.932,4822.447,4843.705,4150607200,20104316847676.0,2011-07-19
4864.276,4881.459,4801.611,4849.057,3945111200,19130069080138.4,2011-07-20
4846.336,4850.55,4782.397,4784.388,3879897200,18562933604913.6,2011-07-21
4791.455,4822.813,4781.41,4800.938,3316057600,15920186942028.8,2011-07-22
4784.969,4784.969,4597.736,4613.73,4350413200,20071631893236.0,2011-07-25
4604.987,4634.315,4576.932,4633.372,2841260600,13164617308743.201,2011-07-26
4621.503,4716.304,4596.428,4710.379,3221238600,15173254655429.4,2011-07-27
4670.916,4685.455,4633.672,4680.898,3191405200,14938642217869.6,2011-07-28
4678.778,4694.059,4611.901,4628.32,2939857200,13606599875904.0,2011-07-29
4622.697,4665.177,4607.555,4644.462,2498278200,11603158165328.4,2011-08-01
4627.383,4627.383,4539.429,4610.783,3058629000,14102674596507.002,2011-08-02
4565.755,4638.64,4551.48,4625.173,2743907600,12691047346014.799,2011-08-03
4631.416,4670.995,4631.283,4649.425,2591344000,12048259577200.0,2011-08-04
4504.078,4589.082,4472.615,4559.018,3073141000,14010505135538.0,2011-08-05
4494.38,4514.617,4242.869,4330.771,4171750400,18066895651558.4,2011-08-08
4199.126,4347.313,4113.01,4317.107,3800449600,16406947571307.2,2011-08-09
4389.153,4433.094,4372.641,4378.698,3826854400,16756639707571.201,2011-08-10
4283.237,4454.481,4270.616,4454.394,3754621600,16724563927310.4,2011-08-11
4483.849,4526.498,4480.118,4505.886,4038279600,18196027513725.6,2011-08-12
4514.646,4571.719,4509.628,4571.719,3616918400,16535534570729.6,2011-08-15
4578.349,4587.138,4520.935,4533.321,3480351600,15777550995663.6,2011-08-16
4520.685,4543.879,4499.164,4513.485,2810194000,12683768466090.0,2011-08-17
4510.135,4516.036,4434.994,4436.101,2952560800,13097857917440.799,2011-08-18
4341.185,4395.602,4325.037,4395.019,2742939200,12055269899844.8,2011-08-19
4395.034,4435.302,4348.668,4363.959,2447683200,10681589129788.799,2011-08-22
4376.262,4435.208,4365.842,4434.922,2559515200,11351250269814.398,2011-08-23
4453.427,4474.095,4420.293,4427.978,2778394800,12302671049714.4,2011-08-24
4432.405,4520.171,4421.598,4520.171,3411412000,15420165591452.0,2011-08-25
4506.09,4541.465,4496.183,4530.423,3070925200,13912590157359.6,2011-08-26
4509.894,4512.649,4481.293,4490.158,3022034400,13569411937435.201,2011-08-29
4511.253,4541.561,4450.728,4451.726,3137815200,13968693509035.2,2011-08-30
4449.678,4468.137,4386.63,4430.538,2442128400,10819942677079.2,2011-08-31
4435.333,4457.048,4379.095,4395.069,2280109400,10021238140548.602,2011-09-01
4387.301,4399.85,4317.64,4344.977,2096877200,9110883205824.4,2011-09-02
4305.438,4305.438,4237.444,4238.069,2101343200,8905637474280.8,2011-09-05
4205.087,4238.294,4185.796,4204.908,1728596000,7268587149168.001,2011-09-06
4221.987,4306.464,4219.85,4306.361,2348642800,10114103756850.799,2011-09-07
4320.53,4328.205,4260.138,4260.155,2232336600,9510099928173.0,2011-09-08
4256.48,4295.103,4216.421,4233.748,1818236000,7697953028527.999,2011-09-09
4176.302,4176.882,4136.969,4164.288,1806230800,7521665245670.399,2011-09-13
4176.037,4212.294,4111.119,4212.129,1900626800,8005685262457.2,2011-09-14
4215.371,4249.536,4206.876,4215.5,2038122400,8591704977200.0,2011-09-15
4229.003,4249.175,4212.293,4214.816,1765427800,7440953338284.8,2011-09-16
4200.475,4200.475,4131.315,4131.885,1779025200,7350727538502.0,2011-09-19
4121.035,4168.236,4101.698,4151.851,1771203200,7353771777123.199,2011-09-20
4150.817,4279.121,4140.343,4275.094,3021211600,12915963583890.4,2011-09-21
4241.42,4258.609,4151.124,4151.8,2749161200,11413967470160.0,2011-09-22
4079.06,4134.224,4061.826,4117.735,2324573600,9571978072796.0,2011-09-23
4102.608,4138.349,4039.548,4051.425,1974480200,7999458444285.0,2011-09-26
4077.227,4098.021,4027.714,4068.231,1927412800,7841160502756.801,2011-09-27
4088.779,4099.344,3987.269,3999.782,2029203000,8116369633746.0,2011-09-28
3977.135,3977.135,3868.939,3871.06,2206161600,8540183923296.0,2011-09-29
3875.023,3892.381,3818.246,3856.828,1675697400,6462876651847.2,2011-09-30
3866.855,3882.782,3822.277,3832.577,1375316900,5271007918651.301,2011-10-10
3919.441,3942.046,3778.518,3817.927,2001915600,7643167620961.2,2011-10-11
3803.959,3953.142,3768.106,3950.655,2700203000,10667570482965.0,2011-10-12
3943.164,4009.781,3929.828,4001.853,2875288000,11506479908664.0,2011-10-13
3994.733,4004.931,3948.439,3985.193,2210043600,8807450284414.8,2011-10-14
3993.749,4024.237,3974.382,3997.121,2181506400,8719745043074.4,2011-10-17
3974.464,3974.892,3873.373,3877.024,2445386800,9480823312883.2,2011-10-18
3882.017,3898.81,3837.237,3854.169,1970181600,7593412847090.399,2011-10-19
3841.263,3841.263,3710.95,3740.469,2260114400,8453887849653.601,2011-10-20
3733.701,3743.341,3669.692,3671.695,1721008400,6319017937238.0,2011-10-21
3675.716,3736.765,3605.944,3736.765,2302872200,8605292236433.0,2011-10-24
3735.625,3850.077,3726.246,3842.978,3263863600,12542956009800.8,2011-10-25
3818.236,3921.25,3808.295,3884.39,3889021600,15106476612824.0,2011-10-26
3890.258,3927.437,3872.904,3888.992,3301148000,12838138162816.0,2011-10-27
3932.852,3978.8,3918.357,3978.8,4318106800,17180883335840.0,2011-10-28
3975.072,4004.385,3963.274,3999.362,3618261600,14470737949099.201,2011-10-31
3963.37,4020.457,3950.743,3999.831,3391698400,13566220402970.4,2011-11-01
3937.898,4073.122,3919.688,4072.781,4297387600,17502318566915.6,2011-11-02
4085.502,4150.039,4085.313,4097.618,5758644800,23596726588086.402,2011-11-03
4115.097,4140.634,4093.924,4131.13,4211797600,17399483419288.0,2011-11-04
4125.02,4159.97,4107.558,4114.767,3247751400,13363740284923.799,2011-11-07
4115.769,4125.092,4049.811,4057.555,3057045600,12404130659508.0,2011-11-08
4065.198,4126.003,4025.716,4126.003,3218422400,13279220477667.2,2011-11-09
4080.357,4112.367,4063.747,4064.371,3452368000,14031704380528.0,2011-11-10
4069.401,4096.569,4043.757,4062.144,2918880000,11856910878720.0,2011-11-11
4092.055,4159.699,4092.055,4159.567,3512701600,14611317656207.2,2011-11-14
4159.16,4192.767,4153.33,4192.665,3516144000,14742013883760.0,2011-11-15
4194.375,4195.294,4070.9,4088.323,3835667600,15681448069434.799,2011-11-16
4086.506,4125.854,4066.119,4079.536,2924785200,11931766515667.2,2011-11-17
4054.459,4054.459,3955.063,3963.258,2996717600,11876765001940.799,2011-11-18
3956.393,3966.811,3917.031,3966.636,2048320000,8124939851520.0,2011-11-21
3932.5,3960.55,3902.131,3957.93,2017532400,7985252011932.0,2011-11-22
3964.142,3978.471,3932.436,3942.695,2043581600,8057218956412.0,2011-11-23
3909.388,3957.878,3880.583,3935.273,2110914400,8307024443631.2,2011-11-24
3931.095,3960.848,3899.059,3911.356,1914147400,7486911917874.4,2011-11-25
3915.999,3932.404,3885.694,3915.298,1850107200,7243721019945.6,2011-11-28
3945.356,3980.618,3929.02,3980.618,2275247200,9056889958769.6,2011-11-29
3974.726,3974.726,3776.586,3819.942,3011637400,11504280193030.8,2011-11-30
3923.165,3960.341,3885.866,3897.019,3494188400,13616918584379.6,2011-12-01
3878.014,3878.014,3797.284,3817.041,2321019200,8859425448187.201,2011-12-02
3806.467,3807.05,3682.057,3692.227,2016211200,7444309430342.399,2011-12-05
3679.736,3704.344,3646.073,3691.804,1703889200,6290424964116.8,2011-12-06
3689.05,3718.707,3674.532,3702.103,1532657400,5674055558512.2,2011-12-07
3695.873,3732.22,3635.547,3700.089,1949426400,7213051178949.6,2011-12-08
3672.591,3706.247,3651.698,3663.843,1535836600,5627064176053.8,2011-12-09
3663.562,3675.946,3612.64,3616.087,1409450300,5096694906976.1,2011-12-12
3597.092,3597.092,3482.232,3490.4,2035264800,7103888257920.0,2011-12-13
3477.046,3505.881,3416.709,3423.474,1545233400,5290066368831.601,2011-12-14
3401.499,3401.499,3324.881,3329.575,1986821600,6615271528820.0,2011-12-15
3328.212,3427.339,3324.588,3427.214,1922565800,6589044425681.2,2011-12-16
3408.564,3436.632,3348.259,3434.845,1938126400,6657163774408.0,2011-12-19
3422.761,3474.089,3415.351,3424.448,1995588600,6833789390092.8,2011-12-20
3449.369,3463.319,3340.329,3342.401,1775050000,5932928895050.0,2011-12-21
3315.839,3331.42,3196.837,3298.724,2191627000,7229572583948.0,2011-12-22
3286.448,3357.428,3271.441,3327.394,1899617600,6320776204534.399,2011-12-23
3321.981,3357.362,3307.287,3308.072,1547683700,5119849112826.4,2011-12-26
3297.413,3297.413,3218.543,3224.148,1587409700,5118043809435.601,2011-12-27
3201.309,3208.908,3128.147,3207.399,1744064800,5593911695455.2,2011-12-28
3190.193,3225.004,3180.059,3207.181,1522092700,4881626787678.7,2011-12-29
3214.195,3267.65,3214.195,3266.775,1778426400,5809718902860.0,2011-12-30
3290.819,3300.009,3191.991,3192.234,1834284000,5855463750456.0,2012-01-04
3173.007,3173.007,3070.447,3074.368,1996570000,6138190917760.0,2012-01-05
3060.446,3087.546,3002.983,3087.546,1781812400,5501427748370.399,2012-01-06
3089.448,3213.055,3056.186,3212.904,2561640800,8230305972883.2,2012-01-09
3211.573,3345.42,3202.968,3345.391,3938752000,13176665492032.0,2012-01-10
3342.551,3367.402,3315.668,3346.742,3390170800,11346027003533.602,2012-01-11
3330.897,3388.389,3323.137,3345.812,2906987600,9726233995931.2,2012-01-12
3343.527,3349.681,3210.321,3233.701,2810865600,9089498901585.6,2012-01-13
3201.011,3217.373,3130.321,3130.558,1877546600,5877768529002.8,2012-01-16
3128.514,3305.004,3110.36,3304.88,3014850400,9963718789952.0,2012-01-17
3310.036,3342.365,3223.986,3237.852,3082551600,9980845863163.2,2012-01-18
3230.875,3288.202,3208.054,3270.765,2297402600,7514264014989.0,2012-01-19
3276.481,3323.124,3267.026,3315.603,2206734800,7316656523084.4,2012-01-20
3326.61,3337.064,3290.536,3292.409,1875438400,6174710267105.601,2012-01-30
3284.899,3297.191,3251.42,3294.494,1829072000,6025866729568.0,2012-01-31
3287.222,3318.367,3255.628,3266.234,1823640000,5956434971760.0,2012-02-01
3271.593,3328.249,3266.962,3328.153,2178790400,7251347806131.199,2012-02-02
3324.399,3390.33,3315.689,3383.05,3216831200,10882700791160.0,2012-02-03
3387.219,3420.002,3381.763,3412.405,3124920400,10663493997562.0,2012-02-06
3397.769,3397.769,3333.639,3356.838,2681577800,9001622258996.4,2012-02-07
3351.043,3445.52,3341.705,3445.52,3352194800,11550054227296.0,2012-02-08
3441.786,3501.398,3434.813,3469.846,4389821200,15232003531535.2,2012-02-09
3463.967,3506.339,3459.131,3488.229,3978319200,13877288404696.799,2012-02-10
3458.81,3535.519,3441.33,3519.875,3823807600,13459324776050.0,2012-02-13
3516.609,3529.488,3493.911,3524.625,3590482400,12655104029100.0,2012-02-14
3518.794,3580.284,3505.364,3578.149,4362572800,15609935501747.2,2012-02-15
3572.321,3607.752,3540.853,3577.202,4377796400,15660262037672.8,2012-02-16
3582.513,3596.865,3530.962,3565.306,3280805200,11697074464391.2,2012-02-17
3610.74,3618.682,3573.225,3574.458,4039259600,14438163791296.8,2012-02-20
3569.231,3618.331,3533.111,3618.302,3680377600,13316717630835.201,2012-02-21
3617.178,3689.128,3616.108,3689.004,5179167200,19105968517468.8,2012-02-22
3686.731,3711.117,3662.42,3700.888,4694868800,17375183603494.4,2012-02-23
3698.678,3757.519,3689.359,3756.825,5658942800,21259657784610.0,2012-02-24
3767.602,3822.26,3764.17,3764.326,6574951200,24750259750891.2,2012-02-27
3748.335,3761.728,3696.211,3745.58,4900866400,18356587170512.0,2012-02-28
3733.629,3750.457,3691.981,3696.144,4041516000,14938025114304.0,2012-02-29
3679.04,3737.718,3675.275,3715.673,3563680800,13241472529178.398,2012-03-01
3719.957,3794.579,3719.957,3794.416,4623462800,17543341223724.8,2012-03-02
3805.676,3825.716,3793.69,3798.377,4910451600,18651746417053.2,2012-03-05
3786.158,3786.158,3729.604,3760.585,4563923600,17163022631306.0,2012-03-06
3718.765,3780.482,3707.786,3732.707,4210384000,15716129829488.0,2012-03-07
3741.479,3803.366,3741.479,3791.827,4320005200,16380712357500.4,2012-03-08
3802.092,3848.108,3787.906,3848.108,4400341600,16932989713692.8,2012-03-09
3852.605,3876.171,3839.433,3871.12,4707843600,18224627516832.0,2012-03-12
3867.971,3910.064,3856.411,3910.064,4749636800,18571383864755.2,2012-03-13
3924.49,3945.306,3709.093,3734.317,7659077600,28601423685999.2,2012-03-14
3726.365,3754.729,3635.678,3689.014,5089393600,18774844241910.402,2012-03-15
3693.317,3786.617,3687.81,3786.617,4553522400,17242445329720.8,2012-03-16
3788.388,3830.024,3762.304,3829.696,4540098400,17387196682086.4,2012-03-19
3819.722,3819.722,3744.809,3746.284,4141484000,15515175245456.0,2012-03-20
3757.0,3782.405,3700.494,3760.047,4028183200,15146158156610.4,2012-03-21
3754.873,3769.371,3720.685,3742.388,3365333600,12594384080636.799,2012-03-22
3727.146,3728.618,3652.233,3670.129,3286979200,12063637684316.799,2012-03-23
3661.391,3680.288,3635.668,3666.279,2488481600,9123467831966.4,2012-03-26
3681.741,3699.161,3648.746,3652.876,2610910400,9537331938310.4,2012-03-27
3638.767,3638.767,3483.584,3490.007,3627013600,12658302853095.201,2012-03-28
3471.357,3482.326,3391.795,3425.702,3080146600,10551664367913.201,2012-03-29
3422.812,3445.469,3383.531,3416.856,2482601600,8482692172569.601,2012-03-30
3420.026,3532.076,3412.441,3531.549,2935244800,10365960838195.2,2012-04-05
3530.63,3570.589,3520.889,3554.027,3006546600,10685347793158.2,2012-04-06
3544.01,3563.336,3512.365,3512.914,2582002800,9070353784159.201,2012-04-09
3496.125,3554.218,3432.359,3554.038,2882622400,10244949549251.2,2012-04-10
3513.498,3582.95,3497.943,3566.476,3272145200,11670027324315.201,2012-04-11
3568.815,3640.407,3561.05,3640.407,4179733600,15215931455575.201,2012-04-12
3653.604,3695.133,3643.472,3675.028,4822225600,17721814102316.8,2012-04-13
3644.666,3702.415,3632.846,3685.481,4422581600,16299340457749.602,2012-04-16
3679.92,3702.842,3629.818,3631.556,4285433200,15562790650059.2,2012-04-17
3637.549,3717.54,3632.674,3714.02,4425444800,16436190496096.0,2012-04-18
3712.529,3728.865,3684.855,3704.705,4036202400,14952939212292.0,2012-04-19
3696.658,3743.485,3684.227,3736.365,4583036000,17123895304139.998,2012-04-20
3731.549,3739.15,3673.311,3691.574,5316740800,19627142102019.2,2012-04-23
3658.615,3709.368,3557.784,3666.395,5573181600,20433485152332.0,2012-04-24
3654.749,3728.551,3645.066,3718.911,6291045600,23395838683341.6,2012-04-25
3720.742,3729.907,3683.434,3700.028,5345881600,19779911604684.8,2012-04-26
3690.159,3699.098,3659.111,3664.638,3884701600,14236025102020.799,2012-04-27
3707.816,3735.896,3674.957,3718.259,4765640400,17719885308063.6,2012-05-02
3707.505,3735.325,3701.195,3733.816,4161312000,15537573326592.0,2012-05-03
3730.723,3761.974,3713.988,3758.004,4067145200,15284347930180.799,2012-05-04
3741.663,3784.57,3733.838,3784.556,4231275600,16013499459633.6,2012-05-07
3783.083,3798.054,3752.388,3783.472,4079656400,15435265759020.8,2012-05-08
3759.39,3759.39,3716.134,3717.47,3933110400,14621219918688.0,2012-05-09
3713.402,3744.518,3713.308,3731.131,3239118000,12085573582458.0,2012-05-10
3727.587,3753.815,3715.061,3715.385,3236016000,12023045306160.0,2012-05-11
3745.829,3760.884,3706.158,3710.097,3797367600,14088602140657.201,2012-05-14
3679.341,3705.897,3652.874,3705.883,3311038200,12270320177730.6,2012-05-15
3696.613,3707.81,3660.031,3660.312,3259432600,11930540258971.2,2012-05-16
3656.825,3716.707,3643.788,3714.186,3667487200,13621729613419.201,2012-05-17
3691.643,3710.412,3645.909,3655.858,3775156800,13801437188534.4,2012-05-18
3650.923,3676.97,3616.909,3653.546,3149620000,11507281552520.0,2012-05-21
3666.136,3711.055,3666.136,3711.055,3453119200,12814715272756.0,2012-05-22
3702.814,3723.189,3670.029,3708.919,4001372400,14840766120435.6,2012-05-23
3697.916,3720.438,3668.275,3678.093,3748289600,13786557739732.799,2012-05-24
3675.51,3683.63,3622.097,3635.516,3569443600,12976769318897.6,2012-05-25
3622.129,3687.516,3568.031,3687.455,4196548400,15474583380322.0,2012-05-28
3686.575,3748.442,3683.519,3745.678,4761059200,17833394702137.598,2012-05-29
3739.039,3764.638,3734.246,3752.219,3961972000,14866186615868.0,2012-05-30
3732.467,3775.373,3722.039,3753.593,3678437600,13807357626296.799,2012-05-31
3752.019,3769.516,3725.282,3744.437,3495140000,13087331536180.0,2012-06-01
3684.037,3707.314,3621.808,3621.808,3714006400,13451418091571.2,2012-06-04
3625.142,3646.507,3603.374,3617.614,2779218400,10054139392897.6,2012-06-05
3621.636,3638.564,3585.527,3600.163,2540550000,9146394109650.0,2012-06-06
3635.572,3647.282,3572.494,3581.137,2562953600,9178287966243.201,2012-06-07
3615.112,3618.775,3557.04,3564.158,2618254000,9331870940132.0,2012-06-08
3565.335,3630.958,3554.188,3630.314,2678314400,9723122262721.6,2012-06-11
3611.92,3628.239,3594.614,3608.391,2531887600,9136040428851.6,2012-06-12
3615.712,3674.875,3610.636,3674.875,3170999200,11653025685100.0,2012-06-13
3669.036,3693.904,3650.031,3652.705,3056998800,11166314801754.0,2012-06-14
3657.788,3674.449,3604.09,3648.994,2782101800,10151872775589.201,2012-06-15
3663.138,3691.926,3662.224,3684.727,2620301000,9655093842827.0,2012-06-18
3681.684,3685.93,3652.972,3657.958,3013596800,11023610523334.4,2012-06-19
3663.986,3671.408,3630.176,3636.09,2577804400,9373128800796.0,2012-06-20
3628.216,3628.216,3569.486,3590.837,2467284800,8859617549377.6,2012-06-21
3576.366,3576.366,3491.857,3493.116,2448152800,8551681716124.8,2012-06-25
3474.164,3500.76,3433.565,3489.972,2463238000,8596631649336.001,2012-06-26
3486.515,3518.752,3474.769,3476.403,2323327400,8076822343342.199,2012-06-27
3484.227,3495.846,3427.657,3427.819,2464760800,8448753900695.2,2012-06-28
3413.329,3471.704,3392.751,3470.965,2525431800,8765685387687.0,2012-06-29
3491.753,3528.122,3484.144,3509.503,2618734000,9190454829202.0,2012-07-02
3507.63,3542.511,3498.073,3515.778,2810215600,9880094181736.799,2012-07-03
3519.508,3525.16,3484.841,3497.748,2323478000,8126940527544.0,2012-07-04
3486.809,3486.809,3407.598,3418.202,2497651600,8537477694423.2,2012-07-05
3436.306,3487.672,3397.871,3486.546,2965821200,10340472041575.2,2012-07-06
3464.018,3478.118,3398.517,3398.805,2926749800,9947451853989.0,2012-07-09
3386.629,3400.637,3351.556,3365.665,2322305200,7816101330958.0,2012-07-10
3358.562,3404.594,3352.528,3404.104,2125446800,7235241953667.199,2012-07-11
3398.62,3462.215,3381.83,3450.302,3171109600,10941285795099.201,2012-07-12
3435.173,3463.217,3422.335,3435.084,2431207200,8351400953404.8,2012-07-13
3434.508,3434.596,3308.644,3311.089,2914620200,9650566883397.8,2012-07-16
3297.152,3335.532,3282.225,3334.286,2312236000,7709656123496.0,2012-07-17
3328.123,3352.966,3276.317,3352.848,2770680400,9289670237779.2,2012-07-18
3343.238,3414.227,3335.332,3392.656,3319639800,11262395885308.8,2012-07-19
3382.823,3407.406,3362.377,3369.913,2747115200,9257539224977.6,2012-07-20
3347.87,3357.243,3310.8,3337.856,2317311200,7734851092787.2,2012-07-23
3317.219,3381.349,3310.948,3361.09,2194170400,7374804189736.0,2012-07-24
3350.903,3365.205,3324.537,3332.085,2280355200,7598337356592.0,2012-07-25
3329.011,3357.787,3301.665,3302.336,2336815200,7716948960307.199,2012-07-26
3312.38,3323.0,3269.225,3283.592,2056679600,6753296681123.2,2012-07-27
3280.104,3294.648,3205.762,3217.452,2127069000,6843742408188.0,2012-07-30
3211.103,3214.171,3152.417,3159.192,2037841200,6437931616310.4,2012-07-31
3152.73,3232.972,3152.314,3216.184,1989089200,6397276859612.801,2012-08-01
3212.048,3231.83,3178.997,3195.863,2052931000,6560886224453.0,2012-08-02
3203.114,3259.856,3193.683,3259.856,2185689200,7125032052755.2,2012-08-03
3250.785,3338.623,3244.981,3337.267,3005128800,10028917174989.6,2012-08-06
3336.22,3368.526,3331.503,3368.252,3401232000,11456206486464.0,2012-08-07
3363.757,3374.079,3335.966,3356.485,3030069400,10170382490059.0,2012-08-08
3351.448,3405.252,3335.133,3405.058,3363178400,11451817516347.2,2012-08-09
3400.933,3405.049,3378.536,3395.849,3112478200,10569505982991.8,2012-08-10
3386.033,3386.033,3317.044,3318.1,2773714400,9203461750640.0,2012-08-13
3312.81,3349.822,3263.495,3349.585,2708519600,9072416624366.0,2012-08-14
3340.876,3344.104,3308.489,3310.839,2116013800,7005781013578.2,2012-08-15
3301.74,3316.96,3278.542,3286.828,1765989000,5804502092892.0,2012-08-16
3283.258,3293.25,3252.795,3286.778,1669188100,5486250724941.8,2012-08-17
3270.986,3296.363,3247.576,3289.439,1686018800,5546055995453.2,2012-08-20
3287.734,3347.281,3284.058,3335.753,2279759200,7604713590677.601,2012-08-21
3338.08,3338.736,3292.429,3306.111,2191730400,7246103984474.399,2012-08-22
3303.697,3329.978,3289.553,3327.99,2204294400,7335869720256.0,2012-08-23
3318.853,3321.916,3265.598,3265.749,2363720000,7719316226280.0,2012-08-24
3250.693,3250.693,3184.105,3184.331,2199036000,7002458504916.0,2012-08-27
3179.775,3221.883,3173.754,3200.993,2048633400,6557661172966.2,2012-08-28
3197.343,3221.231,3179.54,3179.54,2089503200,6643659004528.0,2012-08-29
3174.305,3188.763,3083.369,3129.495,2606989200,8158559666454.0,2012-08-30
3122.528,3148.506,3115.622,3139.5,1776718400,5578007416800.0,2012-08-31
3135.23,3203.846,3131.16,3200.306,2258340800,7227381612284.8,2012-09-03
3202.488,3209.879,3160.698,3164.826,2110312400,6678771551642.4,2012-09-04
3158.013,3193.765,3150.789,3181.8,2095168000,6666405542400.0,2012-09-05
3187.11,3218.282,3187.11,3217.936,2177679600,7007633581305.601,2012-09-06
3240.652,3365.658,3240.652,3334.66,5034968800,16789909058608.0,2012-09-07
3343.806,3376.774,3330.935,3363.605,4271761600,14368518676568.0,2012-09-10
3352.624,3352.624,3324.494,3350.088,3345374000,11207297292912.0,2012-09-11
3360.26,3376.326,3339.712,3376.122,3379621200,11410013484986.4,2012-09-12
3374.785,3385.721,3329.299,3329.299,3393824000,11299054849376.0,2012-09-13
3356.238,3369.767,3308.007,3338.038,3491545600,11654911891532.8,2012-09-14
3334.707,3334.991,3237.704,3237.704,2940164000,9519380743456.0,2012-09-17
3222.978,3247.669,3210.094,3224.259,2063993200,6654848651038.8,2012-09-18
3227.359,3257.016,3224.075,3255.866,1963177200,6391841897455.2,2012-09-19
3253.531,3253.531,3160.676,3161.763,2679414800,8471674576292.399,2012-09-20
3153.605,3181.268,3137.393,3143.71,2375236400,7467054423044.0,2012-09-21
3129.536,3177.33,3107.367,3167.161,2212356000,7006887641316.0,2012-09-24
3159.127,3179.374,3137.838,3144.408,1973587600,6205764638140.8,2012-09-25
3138.799,3149.026,3067.381,3071.989,2086043600,6408302992720.4,2012-09-26
3065.584,3159.071,3062.696,3141.082,2694562200,8463840824300.399,2012-09-27
3129.767,3200.079,3121.578,3199.752,2669240400,8540907308380.8,2012-09-28
3198.879,3214.147,3167.677,3183.365,1948532600,6202890480199.0,2012-10-08
3185.21,3265.636,3185.21,3265.617,2987819600,9757074478693.201,2012-10-09
3257.448,3296.923,3248.827,3296.923,3329178800,10976046156832.398,2012-10-10
3288.052,3296.723,3247.596,3248.045,2919182000,9481634499190.0,2012-10-11
3256.97,3282.91,3210.602,3240.399,2821382800,9142406003737.2,2012-10-12
3237.289,3238.422,3193.991,3223.189,2353987600,7587346938456.399,2012-10-15
3219.419,3256.482,3211.304,3233.229,2248972000,7271441490588.0,2012-10-16
3237.636,3249.392,3205.533,3240.778,2249942800,7291565127498.399,2012-10-17
3241.268,3301.135,3241.143,3294.835,3460112400,11400499439454.0,2012-10-18
3292.953,3305.532,3279.248,3285.445,2797590800,9191330705906.0,2012-10-19
3269.038,3301.365,3260.165,3298.488,2452734400,8090314985587.199,2012-10-22
3298.446,3303.236,3255.493,3259.067,2895234600,9435763542118.2,2012-10-23
3242.875,3273.378,3237.741,3257.921,2963966800,9656369681022.799,2012-10-24
3257.725,3282.087,3222.483,3226.172,3336196400,10763143412180.8,2012-10-25
3221.068,3225.397,3142.278,3163.295,2971747800,9400514957001.0,2012-10-26
3158.111,3172.542,3141.355,3158.943,2072766000,6547749646338.0,2012-10-29
3156.74,3189.529,3154.165,3160.687,2260873600,7145913796163.2,2012-10-30
3159.217,3168.281,3141.139,3168.097,2097767600,6645931240257.2,2012-10-31
3169.795,3235.011,3169.795,3228.19,3313639600,10697058220324.0,2012-11-01
3229.955,3251.774,3217.078,3249.552,3313902400,10768698171724.8,2012-11-02
3244.303,3258.988,3226.503,3235.352,2911741600,9420509009043.2,2012-11-05
3233.423,3234.982,3170.624,3213.26,2970741400,9545764510964.0,2012-11-06
3210.845,3223.59,3192.658,3209.141,2447433600,7854159510537.601,2012-11-07
3183.079,3189.465,3129.388,3129.568,2760887800,8640386110470.4,2012-11-08
3123.086,3139.676,3103.845,3116.978,2029020000,6324410701560.0,2012-11-09
3118.108,3139.378,3108.547,3136.308,2140750000,6714051351000.0,2012-11-12
3136.954,3136.954,3066.634,3072.121,2294675400,7049520484523.4,2012-11-13
3069.382,3084.382,3048.24,3081.254,1965778800,6057063790615.2,2012-11-14
3066.894,3080.688,3025.297,3026.844,2026209200,6133019159764.8,2012-11-15
3021.295,3021.788,2987.695,3009.153,1892387200,5694482620041.6,2012-11-16
3007.681,3016.478,2974.139,3016.159,1672378300,5044158860949.7,2012-11-19
3023.076,3031.286,3003.128,3004.183,1633255000,4906596905665.0,2012-11-20
3000.937,3035.282,2963.865,3035.282,2066991600,6273902397631.2,2012-11-21
3021.305,3021.305,2989.378,2995.093,1712528800,5129183021178.399,2012-11-22
2993.168,3019.794,2990.064,3005.459,1710780800,5141681552387.2,2012-11-23
3004.171,3006.787,2966.875,2970.323,1477589100,4388916888279.3,2012-11-26
2960.614,2960.614,2862.471,2864.169,2073907800,5940022429618.2,2012-11-27
2854.077,2854.077,2791.294,2800.537,1830114800,5125304211647.6,2012-11-28
2799.959,2822.332,2768.353,2774.176,1754478800,4867232979468.8,2012-11-29
2773.233,2818.042,2765.793,2816.624,1898035600,5346052623814.399,2012-11-30
2816.303,2829.835,2746.491,2749.134,2111501600,5804800839614.4,2012-12-03
2739.499,2786.13,2704.373,2783.412,2274039600,6329589111115.199,2012-12-04
2775.411,2904.653,2767.051,2886.186,3798793200,10964023750735.201,2012-12-05
2884.807,2902.072,2866.885,2884.348,2838703200,8187807897513.6,2012-12-06
2883.164,2954.689,2875.84,2950.193,3919363200,11562877877097.602,2012-12-07
2950.998,3004.542,2942.492,3002.231,4045053200,12144184113689.201,2012-12-10
2993.379,3014.066,2978.739,2982.027,3511946800,10472720180163.6,2012-12-11
2978.718,2997.923,2952.386,2982.885,2738800800,8169527824308.001,2012-12-12
2976.576,2989.151,2941.552,2943.276,2677707800,7881233102752.8,2012-12-13
2939.31,3069.061,2939.148,3066.231,5254033600,16110080699361.602,2012-12-14
3073.923,3098.605,3063.486,3091.875,5260639200,16265238826500.0,2012-12-17
3087.318,3124.564,3067.862,3086.584,4699305600,14504801476070.398,2012-12-18
3082.379,3109.937,3074.949,3099.092,3687618400,11428268682492.8,2012-12-19
3092.925,3111.195,3063.324,3108.86,3691136800,11475227552048.0,2012-12-20
3110.817,3144.261,3089.086,3101.074,3914126000,12137994371324.0,2012-12-21
3093.973,3120.73,3090.415,3117.698,2908388400,9067476697903.2,2012-12-24
3110.969,3197.717,3102.609,3189.088,5286285200,16858428695897.602,2012-12-25
3187.199,3228.802,3183.953,3228.675,4680000000,15110199000000.0,2012-12-26
3232.789,3244.944,3198.91,3199.481,4722372400,15109140768724.4,2012-12-27
3195.204,3235.587,3187.094,3235.195,4131623200,13366606718524.0,2012-12-28
3242.961,3275.86,3236.633,3275.86,4741584800,15532767982928.0,2012-12-31
3297.043,3304.759,3226.949,3258.251,4617085600,15043623773285.602,2013-01-04
3253.674,3288.653,3245.463,3288.369,4273112000,14051569034328.0,2013-01-07
3288.125,3331.667,3270.765,3327.04,5196382800,17288573430912.0,2013-01-08
3321.765,3359.075,3303.799,3334.987,5092739600,16984220360385.201,2013-01-09
3335.088,3368.005,3329.927,3356.35,4790196000,16077574344600.0,2013-01-10
3357.47,3360.413,3262.831,3271.179,5130053600,16781323605194.4,2013-01-11
3264.152,3387.5,3262.575,3384.745,5675323200,19209521824584.0,2013-01-14
3390.329,3463.263,3389.783,3450.682,6936896800,23937024923617.598,2013-01-15
3448.278,3462.587,3393.714,3450.56,6290848000,21706948474880.0,2013-01-16
3444.468,3452.374,3399.663,3408.022,4741554000,16159320346188.0,2013-01-17
3416.449,3466.534,3406.604,3464.645,5111861200,17710784347274.0,2013-01-18
3475.198,3492.217,3458.873,3491.122,5378953200,18778581853490.4,2013-01-21
3487.571,3487.571,3409.843,3435.434,5347412000,18370680996808.0,2013-01-22
3422.768,3451.259,3393.047,3441.745,4335737200,14922501829414.0,2013-01-23
3442.618,3473.978,3344.981,3369.732,5717496800,19266431926857.6,2013-01-24
3363.429,3382.767,3346.236,3364.061,3709918400,12480391802622.4,2013-01-25
3362.474,3449.95,3362.216,3449.794,4542212000,15669695704328.0,2013-01-28
3451.663,3489.858,3447.821,3482.519,4928037600,17161984574714.398,2013-01-29
3482.567,3502.719,3462.368,3500.578,5421892800,18979758654038.4,2013-01-30
3497.28,3499.148,3463.202,3479.638,4859125200,16907996692677.6,2013-01-31
3471.269,3507.833,3462.676,3507.709,4792548800,16810866558699.2,2013-02-01
3517.461,3524.041,3467.018,3484.362,5593744800,19490631818817.6,2013-02-04
3466.591,3520.985,3457.429,3520.646,4771113200,16797400603127.201,2013-02-05
3521.66,3555.94,3521.642,3544.385,4230870400,14995833582704.0,2013-02-06
3539.475,3565.381,3526.032,3557.667,3870483200,13769890354694.4,2013-02-07
3554.149,3618.84,3553.796,3608.589,3792830400,13686766060305.6,2013-02-08
3625.034,3639.364,3604.013,3627.776,4509928000,16361008560128.0,2013-02-18
3624.94,3630.653,3546.723,3561.357,4842099200,17244443880614.4,2013-02-19
3555.594,3635.375,3553.489,3635.375,4425230800,16087373419550.0,2013-02-20
3612.72,3612.72,3531.13,3560.317,5441162400,19372262992480.8,2013-02-21
3552.669,3587.713,3543.022,3548.358,4158544000,14756002870752.0,2013-02-22
3551.597,3595.6,3551.37,3587.587,3767710400,13516988850804.8,2013-02-25
3573.954,3600.46,3532.271,3533.204,4338676000,15329427397904.0,2013-02-26
3538.937,3568.685,3506.762,3535.896,3823497600,13519489869849.602,2013-02-27
3544.064,3608.199,3531.895,3608.199,4606208800,16620117985951.201,2013-02-28
3608.618,3648.688,3603.978,3648.422,5017328000,18305329856416.0,2013-03-01
3614.558,3614.558,3496.049,3518.717,6458808800,22726720324309.6,2013-03-04
3516.526,3598.013,3507.03,3597.922,5038021600,18126408751115.2,2013-03-05
3605.363,3654.108,3605.363,3653.934,5824638000,21282842825892.0,2013-03-06
3648.28,3651.741,3575.976,3609.64,5494145600,19831887723584.0,2013-03-07
3608.896,3626.92,3564.225,3570.38,3964924000,14156285351120.0,2013-03-08
3568.622,3588.705,3543.765,3571.105,3273366400,11689535117872.0,2013-03-11
3570.469,3589.72,3438.191,3481.175,4406928400,15341288972870.0,2013-03-12
3473.265,3477.098,3413.179,3449.35,3141551200,10836309631720.0,2013-03-13
3443.776,3482.369,3440.023,3464.854,2775663200,9617267741172.799,2013-03-14
3466.892,3525.532,3431.573,3471.214,3800305600,13191674002998.4,2013-03-15
3461.873,3477.929,3423.52,3427.12,3615736400,12391562531168.0,2013-03-18
3421.737,3442.056,3378.912,3438.072,3463203200,11906741952230.4,2013-03-19
3436.845,3527.83,3432.582,3527.772,4530862000,15983848099464.0,2013-03-20
3527.762,3575.837,3522.143,3565.02,4850444000,17291929868880.0,2013-03-21
3561.122,3586.092,3549.074,3579.92,4281136800,15326127253056.0,2013-03-22
3581.311,3590.815,3550.185,3568.523,3978482400,14197305949495.201,2013-03-25
3556.3,3557.791,3504.566,3543.812,3813555200,13514522680422.4,2013-03-26
3541.376,3579.391,3528.309,3552.257,3689400000,13105696975800.0,2013-03-27
3526.539,3526.539,3448.665,3448.977,4125274000,14227975144698.0,2013-03-28
3449.277,3470.481,3434.569,3447.285,3155551800,10878086386863.0,2013-03-29
3449.54,3489.143,3448.289,3470.96,3295382400,11438140495104.0,2013-04-01
3471.691,3504.278,3419.738,3428.5,3786367600,12981561316600.0,2013-04-02
3429.887,3438.586,3382.225,3397.232,3672102000,12474982421664.0,2013-04-03
3354.444,3411.375,3315.332,3411.13,3622082800,12355395301564.0,2013-04-08
3411.404,3449.924,3411.404,3444.371,3418339600,11774029786391.6,2013-04-09
3444.459,3455.693,3410.029,3437.267,3555170800,12220071270203.6,2013-04-10
3442.932,3453.531,3420.758,3423.217,3192556800,10928814711225.6,2013-04-11
3418.296,3434.666,3391.013,3394.517,2929498800,9944233478079.6,2013-04-12
3382.0,3382.0,3336.415,3346.851,2930810800,9808987056790.8,2013-04-15
3313.508,3383.314,3302.244,3383.081,2989388800,10113344450892.8,2013-04-16
3381.606,3412.521,3373.025,3412.416,2879345800,9825525677452.8,2013-04-17
3396.014,3434.045,3383.965,3423.012,3234672800,11072323810473.6,2013-04-18
3423.443,3498.572,3422.971,3495.242,4333789200,15147642030986.4,2013-04-19
3478.044,3511.715,3475.863,3511.624,4380969600,15384317990630.398,2013-04-22
3509.196,3509.743,3412.212,3416.449,4361645200,14901338381894.8,2013-04-23
3417.401,3489.524,3411.815,3484.568,4244921200,14791716576041.602,2013-04-24
3473.015,3494.535,3431.149,3431.401,4883644400,16757742277804.398,2013-04-25
3427.146,3438.318,3360.745,3367.766,3740291200,12596425533459.201,2013-04-26
3354.472,3386.279,3345.441,3383.398,2943853600,9960228382532.8,2013-05-02
3391.218,3459.981,3391.218,3448.64,3724433600,12844230690304.0,2013-05-03
3456.283,3516.872,3456.283,3514.457,4424931200,15551230430358.4,2013-05-06
3511.214,3531.548,3495.801,3521.477,4120139600,14508976838189.2,2013-05-07
3524.787,3554.149,3517.942,3553.848,4230729600,15035369927500.8,2013-05-08
3551.899,3557.019,3517.594,3555.769,4930172400,17530554184575.6,2013-05-09
3550.026,3577.327,3536.172,3577.327,4466670800,15978742052951.602,2013-05-10
3577.295,3591.091,3565.487,3590.758,3946578000,14171206526124.0,2013-05-13
3586.324,3586.324,3524.577,3549.303,3808365600,13517043449176.799,2013-05-14
3549.745,3597.236,3548.548,3597.106,3648741600,13124910301809.602,2013-05-15
3594.3,3647.485,3578.094,3635.755,5239356800,19049017682384.0,2013-05-16
3632.612,3695.244,3631.259,3691.399,5939850400,21926357826709.598,2013-05-17
3700.09,3740.583,3686.757,3737.748,6679882400,24967717080835.2,2013-05-20
3733.673,3787.103,3727.667,3787.059,6769012000,25634647815708.0,2013-05-21
3782.969,3795.168,3740.224,3755.874,6531327200,24530842015972.797,2013-05-22
3740.439,3783.972,3716.291,3724.229,5781309600,21530920870298.4,2013-05-23
3723.621,3782.17,3723.621,3782.071,5023893600,19000722291645.598,2013-05-24
3784.468,3820.587,3782.266,3820.427,5552935600,21214585095501.2,2013-05-27
3820.243,3829.972,3770.65,3827.782,6007156800,22994086670217.6,2013-05-28
3830.224,3858.924,3828.286,3856.319,5831909600,22489703796762.4,2013-05-29
3843.162,3872.26,3835.222,3865.134,5445480800,21047512986427.2,2013-05-30
3867.59,3884.675,3840.699,3841.218,5506793600,21152794698604.8,2013-05-31
3836.767,3855.788,3803.363,3814.51,4838775200,18457556388152.0,2013-06-03
3809.555,3811.653,3707.561,3739.724,4924970400,18418030004169.6,2013-06-04
3733.948,3759.519,3718.123,3755.148,3661617200,13749914505345.6,2013-06-05
3742.504,3742.504,3686.253,3688.736,3881376400,14317372856230.4,2013-06-06
3690.957,3701.221,3593.968,3616.21,4070865200,14721103444892.0,2013-06-07
3573.896,3573.896,3446.25,3515.05,3724168000,13090636728400.0,2013-06-13
3519.368,3591.248,3519.326,3584.978,3464384000,12419740423552.0,2013-06-14
3593.51,3620.954,3565.277,3593.371,3564596800,12808918767812.8,2013-06-17
3594.904,3613.026,3557.456,3605.758,3133290800,11297888368426.398,2013-06-18
3588.766,3588.766,3525.448,3583.298,3289541600,11787407836196.799,2013-06-19
3562.128,3566.361,3463.133,3465.004,3302402600,11442838218610.4,2013-06-20
3401.471,3464.592,3347.757,3446.483,3228984000,11128638463272.0,2013-06-21
3439.866,3439.866,3200.67,3232.962,4053654000,13105309343148.0,2013-06-24
3202.659,3243.401,2981.691,3219.134,5155439200,16596049613652.8,2013-06-25
3222.68,3285.818,3200.158,3285.818,3990058800,13110607026098.4,2013-06-26
3293.078,3339.86,3231.146,3233.222,4496869200,14539376428562.4,2013-06-27
3212.254,3292.91,3176.242,3235.978,3864059600,12504011856288.8,2013-06-28
3226.624,3304.591,3210.662,3304.591,3532662800,11674005694914.799,2013-07-01
3304.987,3359.123,3295.327,3359.053,4038507200,13565559725681.6,2013-07-02
3346.107,3372.631,3288.019,3364.184,4431065600,14906919994470.4,2013-07-03
3342.011,3427.378,3325.268,3390.488,4693895600,15914596705052.799,2013-07-04
3392.584,3427.984,3371.315,3371.529,4395283200,14818824772012.8,2013-07-05
3322.135,3322.135,3240.105,3240.477,3995247200,12946506660914.4,2013-07-08
3231.699,3263.391,3210.731,3259.911,3009463600,9810583493739.6,2013-07-09
3259.845,3361.395,3257.904,3361.395,4186412800,14072187053856.0,2013-07-10
3364.841,3484.787,3364.229,3455.884,6332352000,21883873959168.0,2013-07-11
3453.441,3490.497,3424.277,3425.135,5180821200,17745012020862.0,2013-07-12
3432.257,3493.721,3431.497,3493.441,4658588800,16274505116060.799,2013-07-15
3496.728,3536.313,3474.361,3536.313,4931472400,17439229957261.201,2013-07-16
3529.714,3552.368,3474.363,3485.074,5004677600,17441671782142.4,2013-07-17
3476.181,3505.185,3445.326,3481.201,4598343600,16007758338663.6,2013-07-18
3479.531,3510.11,3394.306,3394.306,5098659600,17306410872237.6,2013-07-19
3374.572,3461.699,3359.386,3461.281,4199297200,14534947611713.2,2013-07-22
3470.598,3545.054,3470.598,3544.966,5354383200,18981106394971.2,2013-07-23
3536.155,3575.004,3500.079,3566.282,5654974400,20167233413180.8,2013-07-24
3561.507,3572.547,3496.311,3498.242,5086679200,17794434817966.402,2013-07-25
3486.957,3520.493,3449.607,3494.159,3935843200,13752461939868.8,2013-07-26
3477.264,3484.639,3423.772,3426.593,3919105600,13429179815220.799,2013-07-29
3426.956,3449.539,3349.551,3411.219,3659272800,12482580901543.2,2013-07-30
3428.134,3462.095,3418.715,3430.743,3582566000,12290863226538.0,2013-07-31
3435.084,3521.156,3429.716,3521.152,4422596400,15572634159052.8,2013-08-01
3535.887,3563.186,3528.641,3533.609,4726402000,16701256644818.0,2013-08-02
3531.652,3592.872,3528.85,3592.538,4172184800,14988732437022.4,2013-08-05
3589.52,3638.705,3581.526,3631.124,4979607200,18081571214492.8,2013-08-06
3628.004,3644.212,3589.339,3596.318,5261651600,18922572358808.8,2013-08-07
3589.162,3627.247,3577.58,3605.85,4244996800,15306821711280.0,2013-08-08
3611.776,3637.908,3570.78,3618.744,4435769200,16051913177884.8,2013-08-09
3629.509,3676.197,3628.945,3676.195,5649268800,20767813716216.0,2013-08-12
3677.115,3695.56,3669.491,3695.552,5264948400,19456890589516.8,2013-08-13
3694.68,3706.771,3662.041,3681.082,5298328800,19503582775761.598,2013-08-14
3674.653,3686.261,3629.337,3631.321,4373973600,15883302187125.6,2013-08-15
3611.284,3688.689,3550.818,3554.348,5363560000,19063958758880.0,2013-08-16
3528.908,3609.167,3522.152,3609.028,3846959200,13883783467657.6,2013-08-19
3606.614,3634.048,3580.194,3599.637,4315982000,15535968498534.0,2013-08-20
3596.933,3627.914,3577.818,3627.501,4261988400,15460367182988.4,2013-08-21
3621.886,3650.114,3615.706,3636.469,4613253600,16775953705538.4,2013-08-22
3644.676,3654.729,3560.133,3627.97,5483723200,19894783257904.0,2013-08-23
3629.357,3703.794,3627.311,3703.593,5352258800,19822588225868.4,2013-08-26
3702.582,3732.219,3691.161,3732.098,5746790800,21447586451098.4,2013-08-27
3707.533,3740.129,3680.496,3703.92,7020592800,26003714083776.0,2013-08-28
3703.046,3715.846,3679.08,3701.083,6293668800,23293390603310.402,2013-08-29
3702.847,3727.3,3645.362,3664.148,7706920000,28239295504160.0,2013-08-30
3674.684,3695.087,3633.461,3689.959,6286094400,23195430606129.598,2013-09-02
3685.337,3745.235,3680.147,3744.871,5962664800,22329410492240.8,2013-09-03
3747.227,3766.414,3734.778,3755.239,6236384800,23419115419967.2,2013-09-04
3749.938,3776.004,3741.457,3762.569,6068110400,22831684079617.6,2013-09-05
3758.905,3799.071,3754.64,3792.832,6060311600,22985743766451.2,2013-09-06
3799.451,3835.48,3793.114,3831.927,7293221600,27947092766023.2,2013-09-09
3836.471,3871.187,3832.32,3870.923,8106345600,31379039628988.797,2013-09-10
3876.586,3876.773,3814.277,3834.258,8802626400,33751540695211.2,2013-09-11
3824.754,3857.518,3815.741,3845.068,6727344000,25867095139392.0,2013-09-12
3846.452,3858.426,3825.178,3849.82,6486534400,24971989863808.0,2013-09-13
3852.362,3870.727,3836.406,3854.207,5568231200,21461115668658.4,2013-09-16
3851.657,3851.657,3785.23,3786.292,5755855200,21793348496918.4,2013-09-17
3780.702,3823.012,3776.703,3822.123,4446440800,16994843649818.4,2013-09-18
3830.947,3899.86,3830.947,3899.625,5652714000,22043464832250.0,2013-09-23
3897.409,3915.983,3864.44,3903.518,6507975200,25403998336753.6,2013-09-24
3899.612,3930.602,3881.599,3889.221,7019162400,27299073808490.4,2013-09-25
3879.476,3883.392,3806.641,3808.216,5902757200,22478974413155.2,2013-09-26
3805.497,3841.544,3802.901,3822.758,4354926400,16647829735011.2,2013-09-27
3834.17,3873.493,3834.012,3872.893,3945458400,15280338219151.2,2013-09-30
3875.522,3938.068,3866.677,3938.068,5513438000,21712293757784.0,2013-10-08
3928.399,3981.446,3915.73,3981.058,6021401200,23971547418469.6,2013-10-09
3990.779,4000.486,3947.841,3959.63,6980745600,27641169700128.0,2013-10-10
3975.109,4027.32,3975.109,4026.916,7201558400,29000070745894.402,2013-10-11
4034.189,4069.783,4024.591,4068.32,7469228800,30387212911616.0,2013-10-14
4074.827,4080.107,4043.793,4074.083,7567178400,30829312877407.2,2013-10-15
4063.823,4063.823,3941.589,3963.212,7783795200,30848830542182.4,2013-10-16
3980.466,4010.622,3944.974,3956.965,6631917600,26242265826084.0,2013-10-17
3954.585,3978.342,3937.24,3970.641,5077960000,20162756172360.0,2013-10-18
3977.261,4069.224,3968.393,4069.033,6605729200,26878930103863.598,2013-10-21
4070.665,4089.096,4014.265,4026.516,7364594400,29653657185110.402,2013-10-22
4026.563,4039.425,3906.509,3924.219,6770842400,26570268392085.6,2013-10-23
3914.239,3933.73,3889.338,3898.156,4494228000,17519201843568.0,2013-10-24
3902.226,3916.924,3796.069,3821.779,4990523600,19072678293484.4,2013-10-25
3820.674,3828.723,3785.912,3808.703,3956984400,15070978355233.2,2013-10-28
3801.934,3827.119,3600.434,3703.86,5573976000,20645226747360.0,2013-10-29
3694.312,3764.599,3688.386,3764.453,4154928000,15641031174384.0,2013-10-30
3757.806,3757.806,3710.69,3713.829,4178754400,15519179274597.602,2013-10-31
3698.469,3720.436,3661.736,3702.445,3338735600,12361484928542.0,2013-11-01
3705.449,3744.588,3705.432,3728.188,3285215200,12247899886057.6,2013-11-04
3719.944,3777.626,3688.213,3777.404,3949816400,14920052268625.6,2013-11-05
3768.732,3799.825,3737.106,3737.106,4509725200,16853321103271.201,2013-11-06
3722.241,3734.863,3677.534,3685.04,3481496400,12829453493856.0,2013-11-07
3670.352,3678.228,3618.926,3629.94,3494672800,12685452583632.0,2013-11-08
3626.187,3659.655,3600.085,3645.84,2735750000,9974106780000.0,2013-11-11
3645.373,3681.071,3634.868,3680.536,3005498000,11061843586928.0,2013-11-12
3677.353,3677.353,3611.76,3611.76,3295728600,11903380728336.0,2013-11-13
3602.852,3660.041,3575.837,3659.83,3310776000,12116877328080.0,2013-11-14
3661.282,3766.359,3661.282,3736.452,4882691200,18243941299622.402,2013-11-15
3759.124,3828.016,3755.499,3827.882,5626400800,21537198347105.6,2013-11-18
3830.45,3851.567,3814.523,3840.365,5088261200,19540780223338.0,2013-11-19
3842.25,3878.704,3827.384,3878.584,4858289600,18843284309926.4,2013-11-20
3865.569,3878.236,3838.541,3865.41,5398687200,20868139489752.0,2013-11-21
3868.497,3880.717,3835.918,3842.756,4902398000,18838719328888.0,2013-11-22
3834.808,3874.098,3824.647,3839.602,4643488800,17829148883457.598,2013-11-25
3837.873,3855.966,3822.133,3845.676,4295441600,16518876670521.6,2013-11-26
3843.651,3890.051,3837.139,3889.755,4722105600,18367833868128.0,2013-11-27
3897.255,3945.534,3895.11,3922.666,5544796400,21750384315202.402,2013-11-28
3924.416,3947.914,3919.725,3946.383,4847324800,19129400186198.4,2013-11-29
3870.029,3905.679,3737.318,3770.865,6678309200,25183002421458.0,2013-12-02
3755.186,3861.158,3750.962,3859.955,4694205600,18119422376748.0,2013-12-03
3856.349,3959.107,3852.475,3932.998,6414188400,25226990148823.2,2013-12-04
3931.142,3944.702,3911.266,3928.724,4952427600,19456721170382.402,2013-12-05
3924.642,3941.538,3906.799,3918.783,4282279200,16781322930213.6,2013-12-06
3928.164,3948.059,3924.813,3947.704,4010473600,15832162672614.4,2013-12-09
3948.571,3965.163,3930.002,3950.486,4588425600,18126511094841.598,2013-12-10
3941.904,3941.904,3878.327,3906.78,4618804800,18044654216544.0,2013-12-11
3903.448,3943.028,3900.953,3916.962,3909067200,15311667677846.4,2013-12-12
3901.988,3932.887,3886.969,3925.434,3589454800,14090167913383.201,2013-12-13
3929.377,3932.598,3854.468,3857.715,4104767600,15835023542034.0,2013-12-16
3854.785,3867.778,3824.972,3834.027,3187531200,12221080684142.4,2013-12-17
3836.023,3855.359,3819.069,3834.045,2698321600,10345486438872.0,2013-12-18
3840.28,3859.217,3793.398,3795.023,2818348800,10695698518022.4,2013-12-19
3792.676,3807.552,3736.399,3747.002,2920045600,10941416703291.2,2013-12-20
3745.941,3757.388,3687.397,3742.738,2669013200,9989417126141.6,2013-12-23
3746.646,3799.769,3738.765,3768.703,2861014800,10782315059804.4,2013-12-24
3766.201,3808.46,3756.713,3808.453,2695198800,10264537955456.4,2013-12-25
3809.503,3809.503,3741.609,3743.132,3311604800,12395773898233.6,2013-12-26
3737.645,3809.467,3734.654,3800.774,3221514200,12244247411990.799,2013-12-27
3815.682,3828.968,3803.793,3813.003,3165404000,12069694948212.0,2013-12-30
3805.696,3829.802,3789.817,3829.096,2927606200,11210085189995.2,2013-12-31
3823.316,3848.253,3813.806,3847.879,3080026000,11851567364854.0,2014-01-02
3841.219,3843.36,3802.992,3816.316,3481756000,13287481130896.0,2014-01-03
3806.585,3806.585,3709.909,3710.898,3451186400,12807000709387.201,2014-01-06
3699.901,3740.717,3688.421,3733.662,2720862000,10158779056644.0,2014-01-07
3735.503,3768.503,3726.114,3738.205,3194344000,11941112712520.0,2014-01-08
3732.861,3768.618,3693.64,3696.023,3335413600,12327765380112.8,2014-01-09
3685.019,3689.187,3619.679,3628.634,3139330400,11391481026673.6,2014-01-10
3628.533,3657.686,3588.742,3612.02,2784241600,10056736344032.0,2014-01-13
3610.638,3683.534,3601.993,3683.534,2856510400,10522053179753.6,2014-01-14
3681.042,3708.542,3675.635,3708.142,2947919200,10931302998126.4,2014-01-15
3709.383,3738.083,3703.191,3714.314,2958331200,10988170992796.799,2014-01-16
3704.356,3704.96,3669.587,3671.915,2532529200,9299231957418.0,2014-01-17
3666.303,3680.01,3627.65,3644.125,2380574800,8675112143050.0,2014-01-20
3645.344,3700.594,3645.344,3700.108,2849780400,10544495256283.201,2014-01-21
3707.082,3799.057,3707.033,3799.042,4184904800,15898629101201.6,2014-01-22
3801.749,3841.028,3795.475,3825.486,4070580000,15571946801880.0,2014-01-23
3817.078,3890.528,3811.137,3882.668,4579074800,17779027195566.402,2014-01-24
3867.566,3916.666,3854.866,3881.947,4263680400,16551381337738.8,2014-01-27
3882.006,3906.573,3847.029,3873.81,3194653200,12375479512692.0,2014-01-28
3878.314,3913.124,3878.314,3908.45,3300838000,12901160281100.0,2014-01-29
3900.013,3908.605,3877.57,3885.416,2854994000,11092839367504.0,2014-01-30
3864.891,3957.933,3854.982,3957.671,3403656800,13470553811312.799,2014-02-07
3972.857,4074.63,3972.857,4074.63,5775494800,23533004376924.0,2014-02-10
4081.544,4099.775,4031.951,4080.378,6187682000,25248081503796.0,2014-02-11
4083.819,4125.709,4064.346,4125.412,5903926400,24356128817676.8,2014-02-12
4123.215,4137.588,4064.423,4064.423,6105150000,24813912078450.0,2014-02-13
4063.791,4134.226,4060.092,4134.16,5063116000,20931731642560.0,2014-02-14
4152.041,4213.142,4152.041,4212.745,6246941600,26316771990692.0,2014-02-17
4216.606,4219.034,4188.069,4207.699,6391329600,26892791166590.4,2014-02-18
4206.02,4232.877,4180.914,4207.994,6121776000,25760396677344.0,2014-02-19
4211.696,4221.63,4139.199,4149.071,6256448000,25958446959808.0,2014-02-20
4142.3,4156.794,4085.817,4121.917,4801788400,19792573236362.8,2014-02-21
4102.559,4105.792,4043.506,4105.792,5123873200,21037557593574.402,2014-02-24
4109.494,4141.259,3937.174,3961.439,6566527200,26012896944640.8,2014-02-25
3941.118,3988.059,3883.963,3987.48,4885673600,19481525766528.0,2014-02-26
3992.716,4053.854,3932.311,3934.727,5451092400,21448560445774.8,2014-02-27
3926.772,3976.128,3874.722,3975.929,4660120000,18528306251480.0,2014-02-28
3975.536,4059.187,3969.299,4058.799,5129025600,20817683976254.4,2014-03-03
4045.201,4067.425,4016.027,4059.567,5365560800,21781853560173.6,2014-03-04
4064.963,4075.753,4031.916,4037.784,5314363200,21458250699148.8,2014-03-05
4030.651,4042.214,3980.279,4032.756,4818990400,19433812449542.4,2014-03-06
4032.138,4051.032,3992.94,4012.447,4568632000,18331393762504.0,2014-03-07
3981.513,3981.513,3856.103,3860.244,4966555200,19172114911468.8,2014-03-10
3848.17,3889.238,3826.928,3864.26,3993968000,15433730783680.0,2014-03-11
3857.577,3894.063,3803.732,3865.662,4122116000,15934707180792.0,2014-03-12
3865.916,3907.851,3861.706,3907.146,3706465600,14481702243177.602,2014-03-13
3891.196,3913.503,3860.317,3888.975,3514083200,13666181712720.0,2014-03-14
3889.904,3967.854,3889.904,3967.15,3928817200,15586207154980.0,2014-03-17
3970.664,4009.346,3968.889,3989.201,4427084000,17660527919884.0,2014-03-18
3979.246,3980.743,3944.091,3980.673,4266896000,16985117701008.0,2014-03-19
3973.15,4000.369,3876.428,3876.578,4986305600,19329802590236.8,2014-03-20
3857.823,3954.258,3828.92,3952.392,5236272000,20695799562624.0,2014-03-21
3954.054,3995.865,3944.692,3985.861,5420297600,21604552812233.598,2014-03-24
3977.878,4007.935,3967.621,3991.144,5366702400,21419282083545.598,2014-03-25
3997.174,4009.884,3987.192,4001.502,4627750400,18517952481100.8,2014-03-26
3994.817,3996.252,3943.792,3944.044,4945987200,19507191140236.8,2014-03-27
3935.198,3951.726,3855.478,3865.295,5345826400,20663196054788.0,2014-03-28
3865.004,3878.0,3815.739,3840.536,3833777600,14723760888793.6,2014-03-31
3836.502,3899.658,3835.227,3899.488,3465522000,13513761452736.0,2014-04-01
3901.19,3922.079,3891.554,3902.043,4398194400,17161943671159.201,2014-04-02
3902.067,3919.169,3880.404,3896.28,4234271200,16497906191136.0,2014-04-03
3888.729,3939.613,3881.964,3939.229,3820321600,15049121636046.398,2014-04-04
3927.506,3981.625,3918.976,3981.625,4261820800,16968972242800.0,2014-04-08
3987.425,4019.085,3987.425,4018.547,4368503600,17555037036269.2,2014-04-09
4022.048,4052.844,4012.659,4038.84,5117418000,20668432515120.0,2014-04-10
4021.964,4031.208,4001.797,4021.194,4324739200,17390615322604.8,2014-04-11
4019.505,4051.49,4018.736,4051.33,4157174400,16842085361952.0,2014-04-14
4050.333,4050.333,4015.089,4021.906,4545686800,18282325015040.8,2014-04-15
4010.358,4026.764,3992.496,4019.883,3810511600,15317810802142.799,2014-04-16
4025.377,4035.366,4012.71,4014.94,3871839200,15545202077648.0,2014-04-17
4006.875,4029.762,3995.549,4029.262,3473648000,13996237887776.0,2014-04-18
4004.614,4032.846,3962.286,3965.337,4025395200,15962048526182.4,2014-04-21
3957.22,3974.628,3889.777,3947.169,4193482000,16552382152458.0,2014-04-22
3942.498,3956.408,3913.175,3929.168,3074191200,12079013688921.6,2014-04-23
3924.454,3931.512,3884.591,3884.811,3234572000,12565700885892.0,2014-04-24
3879.448,3886.763,3797.471,3800.681,3600062000,13682687242222.0,2014-04-25
3785.957,3785.957,3679.958,3684.593,3667032800,13511523385650.4,2014-04-28
3678.621,3739.249,3678.007,3738.926,2829741800,10580195189306.799,2014-04-29
3734.799,3770.727,3728.411,3766.17,2659282800,10015311102876.0,2014-04-30
3761.23,3798.359,3746.193,3798.288,2861542000,10868960640096.0,2014-05-05
3795.36,3831.413,3790.505,3817.98,3060038400,11683165410432.0,2014-05-06
3806.838,3806.838,3747.785,3749.965,2936363200,11011259227288.0,2014-05-07
3740.254,3798.215,3733.75,3754.011,3051595200,11455721948347.2,2014-05-08
3748.486,3752.455,3688.045,3716.022,2948883400,10958115589834.8,2014-05-09
3738.667,3812.827,3730.954,3812.758,4245480800,16186990884046.398,2014-05-12
3810.491,3819.753,3788.456,3806.89,3581498000,13634368921220.0,2014-05-13
3805.147,3816.405,3796.107,3803.803,2830755600,10767636643546.799,2014-05-14
3797.12,3799.079,3728.318,3732.337,3077118200,11484842111233.4,2014-05-15
3722.556,3733.28,3685.074,3726.656,2671334600,9955145115097.6,2014-05-16
3722.391,3722.391,3679.637,3705.364,2420359200,8968311846748.8,2014-05-19
3720.226,3748.753,3708.141,3715.71,2484602200,9232061240562.0,2014-05-20
3708.121,3747.551,3680.886,3747.334,2404689200,9011173598592.799,2014-05-21
3748.93,3788.056,3744.604,3746.14,3096098400,11598418060176.0,2014-05-22
3742.991,3786.563,3742.98,3786.563,2887723200,10934545823361.6,2014-05-23
3798.73,3827.59,3798.73,3827.487,3339637200,12782417967716.4,2014-05-26
3825.373,3834.421,3812.886,3818.322,3274276000,12502240084872.0,2014-05-27
3818.354,3862.104,3812.997,3861.588,3677476400,14200898736523.201,2014-05-28
3862.298,3874.102,3821.424,3821.867,3736467200,14280280688262.4,2014-05-29
3818.47,3840.864,3798.805,3829.238,3447981600,13203142166020.799,2014-05-30
3833.12,3845.481,3821.428,3822.716,3015499200,11527397039827.2,2014-06-03
3820.5,3820.762,3760.291,3789.294,3024040800,11458979659195.2,2014-06-04
3783.883,3832.384,3779.992,3832.055,2958072800,11335497663604.0,2014-06-05
3833.378,3837.401,3800.086,3818.333,2992632200,11426866286122.6,2014-06-06
3809.585,3830.604,3795.173,3797.429,2681952400,10184523820379.6,2014-06-09
3801.509,3840.243,3784.053,3840.019,3029738800,11634254557037.2,2014-06-10
3838.668,3859.034,3832.534,3858.051,3191529600,12313083964809.6,2014-06-11
3851.233,3857.908,3832.944,3850.113,3513492000,13527341224596.0,2014-06-12
3846.622,3894.543,3843.623,3891.557,3984079600,15504272855937.2,2014-06-13
3893.918,3915.215,3893.166,3914.981,3929476000,15383823879956.0,2014-06-16
3909.618,3909.618,3876.23,3879.344,3986075200,15463356910668.8,2014-06-17
3878.694,3881.392,3855.231,3858.099,4068867200,15698092475452.8,2014-06-18
3853.59,3860.303,3739.412,3755.694,4335148800,16281492337267.2,2014-06-19
3751.179,3789.41,3751.081,3789.342,2933163000,11114757748746.0,2014-06-20
3790.844,3827.828,3790.839,3815.879,3220035200,12287264698940.799,2014-06-23
3814.527,3839.594,3812.753,3839.203,3414969600,13110761533228.8,2014-06-24
3835.59,3835.59,3803.292,3814.03,3041989400,11602238831282.0,2014-06-25
3812.907,3863.095,3812.907,3861.95,4055070000,15660477586500.0,2014-06-26
3861.097,3905.543,3853.75,3889.323,4847612000,18853928846676.0,2014-06-27
3895.149,3925.442,3889.645,3924.903,4920966400,19314315786259.2,2014-06-30
3927.483,3951.919,3917.53,3951.726,4881398400,19289948973638.402,2014-07-01
3950.473,3979.371,3937.239,3979.31,5296635600,21076955009436.0,2014-07-02
3978.816,4026.065,3972.117,4019.647,6118409600,24593846793411.2,2014-07-03
4018.39,4022.217,3997.76,4004.561,5516638800,22091716589566.8,2014-07-04
4004.097,4024.368,3992.281,4014.488,5119715200,20553035233817.598,2014-07-07
4012.551,4039.922,3982.332,4039.707,5018074400,20271550280200.8,2014-07-08
4033.819,4047.382,3981.252,3982.404,5694464400,22677657804417.6,2014-07-09
3980.501,4008.126,3975.704,3982.198,4870848400,19396682756783.2,2014-07-10
3979.73,4033.885,3978.1,4029.751,5307468800,21387777704268.8,2014-07-11
4033.708,4090.802,4033.695,4090.802,6059248000,24787183836896.0,2014-07-14
4089.346,4098.28,4063.602,4093.113,6683400000,27355911424200.0,2014-07-15
4089.649,4105.015,4046.549,4062.119,5941441600,24134842810750.402,2014-07-16
4055.906,4055.906,4006.283,4031.44,4998836000,20152507403840.0,2014-07-17
4018.358,4066.176,4012.508,4042.521,4958258400,20043863705426.402,2014-07-18
4038.741,4048.938,4017.453,4030.242,4418609600,17808065991523.2,2014-07-21
4024.421,4086.111,4023.016,4083.288,5467301600,22324567015660.8,2014-07-22
4083.08,4094.649,4042.041,4057.113,5851827600,23741525829718.8,2014-07-23
4055.145,4073.863,4013.555,4054.223,6273828800,25435501019022.4,2014-07-24
4052.032,4089.801,4047.873,4089.801,5504340800,22511658508180.8,2014-07-25
4106.992,4168.393,4106.992,4168.373,7952835200,33150383521129.598,2014-07-28
4173.17,4221.575,4167.273,4207.862,8076083200,33983043606118.402,2014-07-29
4198.41,4220.214,4184.354,4214.836,6914667200,29144188242579.203,2014-07-30
4211.067,4257.414,4208.57,4257.045,6571104000,27973485427680.0,2014-07-31
4242.299,4268.434,4201.924,4210.219,7817189600,32912080180522.402,2014-08-01
4213.114,4278.847,4213.114,4278.847,6608314800,28275967957035.598,2014-08-04
4284.145,4300.505,4262.764,4300.12,7437961600,31984127435392.0,2014-08-05
4291.63,4336.757,4276.676,4328.601,7450724800,32251214820004.797,2014-08-06
4329.301,4348.194,4284.221,4286.09,7113573600,30489416671224.0,2014-08-07
4287.941,4317.931,4283.606,4311.697,5739771600,24748155988405.2,2014-08-08
4317.347,4377.244,4317.347,4377.018,6479859200,28362460355865.6,2014-08-11
4378.247,4400.002,4370.226,4399.806,6726292800,29594383419196.797,2014-08-12
4399.403,4410.462,4347.368,4401.809,7311060000,32181889707540.0,2014-08-13
4397.207,4426.47,4368.707,4373.504,7461788000,32634159665152.0,2014-08-14
4372.771,4428.973,4368.337,4423.636,6497228800,28741375219916.805,2014-08-15
4434.175,4483.568,4434.175,4483.544,7152626400,32069115179961.598,2014-08-18
4491.169,4500.802,4461.981,4496.938,7752148800,34860932520374.402,2014-08-19
4495.823,4521.25,4481.92,4497.399,7636868800,34346046104251.203,2014-08-20
4498.493,4501.661,4442.644,4495.44,7225705600,32482725982463.996,2014-08-21
4491.628,4526.239,4478.794,4521.752,7203476000,32572332009952.004,2014-08-22
4521.809,4522.704,4476.198,4487.142,6797547200,30501559538102.4,2014-08-25
4474.454,4490.902,4390.111,4407.588,6960691200,30679859004825.598,2014-08-26
4401.876,4432.151,4401.668,4421.212,5435973600,24033591712003.203,2014-08-27
4423.764,4431.577,4368.669,4381.494,5435598400,23816041776009.598,2014-08-28
4378.624,4427.879,4370.853,4427.879,4372281200,19359932107574.8,2014-08-29
4436.546,4507.486,4436.108,4507.442,5768541600,26001366686587.2,2014-09-01
4519.242,4576.12,4514.733,4576.12,8415384000,38509807030080.0,2014-09-02
4582.479,4612.334,4571.946,4608.557,8792713600,40521721810275.195,2014-09-03
4611.562,4648.222,4598.864,4647.886,9431809600,43837975794505.6,2014-09-04
4654.515,4666.918,4629.176,4666.474,9082661600,42384004207198.4,2014-09-05
4672.109,4701.944,4643.381,4701.699,8928430400,41978792283249.59,2014-09-09
4686.117,4713.959,4662.181,4709.909,8618734400,40593454719169.59,2014-09-10
4707.045,4762.132,4670.643,4704.942,9766970400,45953029247716.8,2014-09-11
4698.109,4757.04,4689.627,4756.949,7855002400,37365845811677.59,2014-09-12
4759.773,4810.07,4752.853,4807.555,9287306400,44649236319852.0,2014-09-15
4809.437,4816.324,4643.862,4645.546,11731023200,54497007902667.2,2014-09-16
4649.609,4686.392,4604.671,4686.047,8627612800,40429399078601.59,2014-09-17
4679.111,4719.584,4663.147,4719.009,7791305600,36767241248150.4,2014-09-18
4718.78,4762.171,4705.088,4758.727,7389142400,35162911445724.8,2014-09-19
4753.795,4753.795,4682.616,4694.229,7766707200,36458702172748.805,2014-09-22
4693.367,4754.472,4692.899,4754.472,7167912800,34079640706041.598,2014-09-23
4746.621,4816.184,4733.556,4815.71,8489014400,40880631536224.0,2014-09-24
4826.985,4861.797,4797.271,4814.735,9233939200,44458970254112.0,2014-09-25
4803.443,4833.802,4787.309,4829.935,7296852000,35243320864620.0,2014-09-26
4847.816,4880.155,4847.816,4877.435,8091808800,39467271454428.0,2014-09-29
4886.556,4921.076,4877.883,4916.119,8175504800,40191754481871.195,2014-09-30
4935.048,4993.614,4913.679,4993.531,9035851200,45120803078587.2,2014-10-08
4996.662,5010.825,4936.729,5004.001,10430328000,52193371742328.0,2014-10-09
4987.042,5007.125,4952.191,4981.853,9612392800,47887527907858.4,2014-10-10
4964.233,4982.681,4906.158,4982.681,8313454400,41423291283246.4,2014-10-13
4978.896,5013.95,4933.595,4966.083,8229219200,40866985572393.59,2014-10-14
4967.229,4988.178,4922.482,4987.707,8198574400,40892086924900.805,2014-10-15
4962.581,5007.275,4906.244,4906.244,9575317600,46978844523094.4,2014-10-16
4894.593,4914.66,4771.767,4860.732,8522981600,41427929398531.2,2014-10-17
4873.455,4929.473,4869.877,4929.16,6459660400,31840699657264.0,2014-10-20
4929.23,4942.459,4878.18,4884.024,6781318400,33120121817241.6,2014-10-21
4881.512,4902.777,4821.194,4825.609,6136080800,29610326733207.203,2014-10-22
4815.123,4832.427,4732.762,4755.231,6501240000,30914897986440.0,2014-10-23
4757.088,4800.361,4754.886,4774.666,5633389600,26897553787873.6,2014-10-24
4762.517,4809.942,4739.33,4809.518,5600358400,26935024531251.2,2014-10-27
4819.55,4925.085,4819.55,4924.955,7511301600,36992822371428.0,2014-10-28
4938.715,4999.958,4923.515,4991.755,10560867200,52717261649936.0,2014-10-29
4988.972,5021.19,4975.786,4992.63,9916860800,49511216735904.0,2014-10-30
4999.003,5012.26,4945.289,4986.416,9166905600,45710004754329.6,2014-10-31
4993.171,5028.757,4992.529,5028.698,9219743200,46363304190353.6,2014-11-03
5028.54,5036.096,4983.052,5003.47,9380764800,46936375253856.0,2014-11-04
5004.891,5013.614,4976.131,4995.443,8467857600,42300699972916.805,2014-11-05
4992.723,5025.226,4959.732,5024.848,7965074400,40023288168691.2,2014-11-06
5029.797,5049.284,4956.868,4977.255,9620128800,47881834170444.0,2014-11-07
4989.439,5031.197,4973.317,5031.001,8524292000,42885721576292.0,2014-11-10
5038.684,5041.332,4842.497,4881.48,10650660000,51990983776799.99,2014-11-11
4866.425,4965.384,4855.634,4965.384,7286072800,36178149303955.2,2014-11-12
4963.732,4967.211,4889.373,4921.671,8706349600,42849788342181.6,2014-11-13
4901.139,4920.094,4862.392,4909.609,6575380800,32282548754107.203,2014-11-14
4925.472,4982.52,4894.649,4958.466,6843922400,33935356527038.402,2014-11-17
4951.585,4973.855,4947.022,4967.651,6349050000,31539864581550.0,2014-11-18
4967.636,5002.437,4959.495,4985.101,6816471200,33980797395591.2,2014-11-19
4972.741,4990.935,4961.604,4974.626,5967675600,29686954199325.6,2014-11-20
4975.535,5029.777,4975.444,5029.773,7286676000,36650326204548.0,2014-11-21
5088.226,5130.028,5065.192,5112.119,11851560800,60586589145335.195,2014-11-24
5118.689,5189.429,5106.516,5189.001,10777001600,55921872079401.6,2014-11-25
5198.127,5215.643,5168.175,5214.21,10988009600,57293789536416.0,2014-11-26
5229.4,5251.699,5202.764,5251.389,12058736800,63325117785415.2,2014-11-27
5249.665,5261.164,5193.353,5245.267,12536175200,65755586082778.4,2014-11-28
5246.428,5247.007,5181.1,5208.139,11592339200,60374513888748.805,2014-12-01
5201.37,5278.648,5196.093,5277.657,10940700800,57741266162025.6,2014-12-02
5284.573,5339.248,5245.358,5339.005,15294699200,81658475502296.0,2014-12-03
5345.007,5452.335,5343.125,5451.962,15212196800,82936318890121.61,2014-12-04
5462.757,5464.226,5185.355,5333.892,17243697600,91976020679059.2,2014-12-05
5310.567,5435.789,5266.021,5412.674,15240200000,82490234294800.0,2014-12-08
5392.947,5465.086,5181.517,5195.406,19760867200,102665728016083.2,2014-12-09
5184.017,5374.227,5150.995,5374.097,13131167200,70568166256018.39,2014-12-10
5366.208,5454.918,5341.863,5454.443,13986963200,76291093517497.61,2014-12-11
5457.228,5498.95,5437.655,5493.2,11656283200,64030294874240.0,2014-12-12
5485.13,5588.853,5466.79,5583.597,12968103200,72408662123210.39,2014-12-15
5590.266,5609.681,5548.963,5606.693,12511682400,70149162130303.2,2014-12-16
5597.88,5597.88,5488.796,5557.286,13313451200,73986655965443.2,2014-12-17
5551.038,5598.985,5543.401,5558.045,10713900000,59548338325500.0,2014-12-18
5554.665,5558.176,5423.753,5524.122,13338714400,73684685668756.8,2014-12-19
5523.661,5523.963,5279.96,5305.209,15132753600,80282420593502.39,2014-12-22
5273.99,5316.717,5187.632,5193.722,9528259200,49487129428742.4,2014-12-23
5212.069,5263.201,5197.721,5262.365,8614574400,45333034812456.0,2014-12-24
5279.297,5365.074,5272.319,5364.563,8976662400,48155870974531.2,2014-12-25
5370.332,5423.346,5359.533,5422.751,10578671200,57365499828471.2,2014-12-26
5436.488,5436.488,5330.327,5367.637,12069624000,64785360358488.0,2014-12-29
5357.388,5366.16,5261.615,5275.085,9891032800,52176038757788.0,2014-12-30
5274.651,5322.714,5241.362,5322.714,9368289600,49864726209974.4,2014-12-31
5338.752,5427.231,5314.339,5417.017,12878760000,69764461858920.0,2015-01-05
5389.903,5482.124,5354.338,5479.864,12375449600,67815780746854.4,2015-01-06
5471.402,5492.825,5436.918,5488.242,9605049600,52714836626803.2,2015-01-07
5482.394,5497.744,5418.011,5444.037,9563461600,52063838798479.2,2015-01-08
5424.501,5497.689,5409.058,5409.058,9064080800,49028138763886.4,2015-01-09
5386.584,5386.584,5303.732,5332.221,7802643200,41605417926547.195,2015-01-12
5333.968,5407.629,5333.968,5405.091,6869376800,37129606717288.805,2015-01-13
5404.374,5417.802,5350.165,5379.738,6708649600,36090777181804.805,2015-01-14
5380.447,5449.255,5380.336,5449.038,6788551200,36991073453745.59,2015-01-15
5459.185,5520.785,5454.239,5520.123,8450684800,46648819530230.4,2015-01-16
5359.47,5475.66,5222.04,5281.895,10533627200,55637512839544.01,2015-01-19
5303.181,5472.736,5303.181,5472.514,9193795200,50313172945132.805,2015-01-20
5490.84,5611.982,5490.526,5611.694,11016742400,61822587225625.6,2015-01-21
5617.609,5690.43,5610.09,5690.156,10541262400,59981427492934.4,2015-01-22
5697.837,5699.726,5611.066,5633.289,9944033600,56017615094510.4,2015-01-23
5644.031,5759.367,5636.204,5758.979,10129879200,58337761585336.805,2015-01-26
5767.737,5783.99,5670.431,5773.816,11431798400,66005100510694.4,2015-01-27
5756.682,5798.571,5722.494,5739.919,10238641600,58768973454030.4,2015-01-28
5692.387,5739.486,5670.505,5701.205,8453857600,48197175218408.0,2015-01-29
5708.284,5735.932,5631.565,5632.728,8059327200,45395997980601.6,2015-01-30
5568.435,5652.667,5539.523,5609.389,7187186400,40315724333109.6,2015-02-02
5627.399,5708.281,5627.399,5707.476,7543256000,43052952581856.0,2015-02-03
5720.975,5734.328,5680.833,5683.519,8092672000,45994855072768.0,2015-02-04
5741.193,5745.136,5654.217,5654.217,8832435200,49940505259238.4,2015-02-05
5640.025,5657.662,5510.763,5534.785,7627760800,42218016059428.0,2015-02-06
5526.144,5551.898,5492.546,5504.974,5587344000,30758183449056.0,2015-02-09
5502.725,5581.341,5500.535,5580.704,5497376800,30679232697267.2,2015-02-10
5587.639,5642.297,5587.44,5641.786,5805956800,32755965790844.8,2015-02-11
5647.546,5689.743,5640.858,5681.341,6269177600,35617335735161.6,2015-02-12
5709.156,5789.382,5709.156,5769.272,8230636800,47484782432409.6,2015-02-13
5786.153,5870.082,5786.038,5869.713,8230557600,48311010941968.8,2015-02-16
5888.871,5914.285,5877.948,5911.098,8093887200,47843760440145.6,2015-02-17
5926.234,5952.709,5887.366,5906.538,8355061600,49349488832740.8,2015-02-25
5903.262,5970.06,5897.715,5969.557,9092074400,54275656379040.8,2015-02-26
5974.359,6025.115,5970.681,6018.463,9656068000,58114687983484.0,2015-02-27
6064.821,6139.792,6039.254,6139.792,12723532800,78119844897177.61,2015-03-02
6124.276,6199.497,6099.131,6118.656,14695326400,89915647049318.4,2015-03-03
6114.694,6211.089,6114.214,6210.421,11922633600,74044574084745.61,2015-03-04
6212.66,6217.788,6161.377,6208.988,12095908800,75103352588294.4,2015-03-05
6214.332,6234.114,6129.622,6133.026,10931372800,67042393598092.8,2015-03-06
6113.581,6212.57,6080.543,6212.236,9870221600,61316145951497.6,2015-03-09
6214.519,6299.281,6205.924,6276.485,10291505600,64594480525816.0,2015-03-10
6275.173,6281.191,6236.793,6262.892,9946245600,62292261998275.195,2015-03-11
6273.692,6288.517,6220.631,6260.137,10182147200,63741636426166.4,2015-03-12
6271.818,6329.701,6271.818,6329.576,9522982400,60276440847462.4,2015-03-13
6369.197,6517.031,6369.197,6516.765,13705832000,89317686273480.0,2015-03-16
6547.39,6635.096,6525.829,6618.054,17258334400,114216589009257.6,2015-03-17
6624.388,6728.506,6612.457,6728.068,16461635200,110755001016793.61,2015-03-18
6733.12,6783.14,6687.442,6782.463,16687299200,113180989393929.6,2015-03-19
6789.058,6862.375,6786.335,6850.897,15216232000,104244838160104.0,2015-03-20
6891.922,7017.481,6891.922,7017.154,17177812800,120539357800771.2,2015-03-23
7042.926,7055.1,6801.545,7046.123,19706688000,138855747570623.98,2015-03-24
7051.821,7170.826,7001.514,7124.872,16957545600,120820341834163.2,2015-03-25
7104.036,7171.621,6995.645,7074.437,16392638400,115968687624580.8,2015-03-26
7076.488,7167.37,7060.432,7155.945,12646098400,90494784614988.0,2015-03-27
7180.063,7259.541,7180.063,7245.497,16321955200,118260677435734.4,2015-03-30
7280.15,7328.851,7214.481,7253.104,16990600000,123234588822400.0,2015-03-31
7258.831,7430.945,7258.738,7425.733,15491880000,115038564548040.0,2015-04-01
7463.907,7561.201,7447.119,7560.648,16765094400,126754977445171.2,2015-04-02
7532.148,7682.723,7494.362,7679.01,17012356800,130638057990768.0,2015-04-03
7728.91,7863.595,7728.8,7863.284,18090483200,142250607098828.78,2015-04-07
7908.77,7920.983,7674.066,7807.997,18949572800,147958207573681.6,2015-04-08
7818.2,7818.2,7483.278,7746.151,18275475200,141564590495955.2,2015-04-09
7727.007,7971.622,7683.8,7952.189,16150296000,128430206197944.0,2015-04-10
7994.253,8143.382,7977.0,8122.893,17848499200,144981449212185.6,2015-04-13
8129.728,8192.238,8039.951,8119.959,18319049600,148749931670966.4,2015-04-14
8093.134,8093.134,7786.93,7802.747,16721102400,130470531588292.81,2015-04-15
7705.464,7976.121,7607.4,7912.088,14324606400,113337546402163.2,2015-04-16
7979.354,8032.075,7925.743,7980.76,19110982400,152520163898624.0,2015-04-17
7967.033,8051.47,7801.029,7839.901,21459606400,168241189674966.4,2015-04-20
7852.515,8113.021,7846.614,8112.687,16981041600,137761875434779.2,2015-04-21
8180.116,8333.821,8179.302,8323.427,19915692800,165766815175225.6,2015-04-22
8371.85,8447.925,8275.126,8410.703,19799496000,166527680405688.0,2015-04-23
8321.328,8453.341,8256.2,8419.095,18352768000,154513697304960.0,2015-04-24
8503.57,8576.483,8413.234,8513.016,18568553600,158074393893657.6,2015-04-27
8533.673,8543.33,8187.155,8266.483,18425763200,152316258254825.6,2015-04-28
8248.315,8449.701,8204.73,8428.254,14507472000,122272658913888.02,2015-04-29
8460.394,8551.465,8458.601,8469.673,14665388800,124211047553862.4,2015-04-30
8493.963,8532.654,8381.373,8510.481,13620460800,115916672849644.8,2015-05-04
8501.119,8501.119,8160.656,8199.344,14422427200,118254441927756.78,2015-05-05
8220.597,8359.296,8012.483,8082.999,12931393600,104524441537406.39,2015-05-06
8043.008,8076.23,7886.362,7903.478,11257094400,88970197934323.2,2015-05-07
7989.339,8201.804,7983.826,8201.293,11888757600,97503184483576.8,2015-05-08
8292.625,8558.801,8242.098,8558.218,14857230400,127151416639427.22,2015-05-11
8595.08,8746.21,8564.663,8745.678,16584905600,145046244037996.8,2015-05-12
8719.584,8909.575,8643.43,8824.929,17498644800,154424297956219.2,2015-05-13
8829.827,8878.47,8725.297,8813.393,14901785600,131335292894540.8,2015-05-14
8790.006,8828.115,8626.229,8742.885,14371358400,125647133784984.0,2015-05-15
8725.41,8929.944,8698.898,8903.595,14044539200,125046888998423.98,2015-05-18
8927.387,9125.515,8904.189,9124.833,15175459200,138473530898313.61,2015-05-19
9176.026,9429.22,9173.403,9277.331,19095596800,177156172156140.8,2015-05-20
9320.842,9620.095,9320.23,9619.223,18717798400,180050676878643.2,2015-05-21
9756.529,9821.811,9547.422,9778.171,22250787200,217572002126211.22,2015-05-22
9717.511,10040.71,9659.316,10040.09,22846395200,229379863983568.0,2015-05-25
10117.73,10373.84,10046.24,10373.58,23851427200,247424688173376.0,2015-05-26
10421.3,10539.75,10192.18,10497.34,23261217600,244180909961184.0,2015-05-27
10501.36,10637.91,9860.554,9868.424,25809408000,254698181332992.03,2015-05-28
9846.389,10140.1,9433.088,9966.845,19877264000,198113609312080.0,2015-05-29
10067.53,10488.89,10067.53,10488.31,18601612800,195099481546368.0,2015-06-01
10592.75,10887.88,10541.28,10886.4,21323422400,232135305615360.0,2015-06-02
10973.96,11055.21,10674.07,10979.99,20905956800,229547196604432.0,2015-06-03
10986.42,11023.34,10269.04,10965.41,21146019200,231874770395872.0,2015-06-04
11117.36,11236.15,10887.17,11144.52,24887459200,277358786803584.0,2015-06-05
11157.18,11157.18,10860.39,11030.92,23563057600,259922203340992.0,2015-06-08
11009.88,11089.2,10861.58,11013.74,18518446400,203957353853536.0,2015-06-09
10947.49,11319.9,10830.33,11208.06,18459036800,206889991996608.0,2015-06-10
11220.07,11367.63,11155.95,11366.29,19036798400,216377771285936.03,2015-06-11
11424.33,11616.38,11400.65,11545.89,21065558400,243220620074976.0,2015-06-12
11589.95,11616.35,11304.04,11332.89,20587737600,233318565569664.0,2015-06-15
11205.75,11205.75,10768.62,10879.84,17950384000,195297305858560.0,2015-06-16
10865.39,11133.11,10497.69,11100.55,16003958400,177652740417120.0,2015-06-17
11093.3,11178.32,10714.33,10731.38,15435193600,165640927895168.0,2015-06-18
10475.92,10601.04,9968.992,9987.407,13784860800,137675015247945.6,2015-06-19
9951.782,10074.83,9333.91,10046.88,14104584000,141707062897920.0,2015-06-23
10136.25,10271.23,9950.618,10267.63,15820944000,162443599242720.0,2015-06-24
10298.56,10343.05,9771.89,9906.104,16407337600,162532792628710.38,2015-06-25
9571.555,9603.127,9059.358,9078.065,14507659200,131701473215448.0,2015-06-26
9267.028,9281.172,8339.33,8484.643,18165278400,154125902219611.2,2015-06-29
8302.181,8912.397,7882.329,8906.02,19556852800,174173722173856.0,2015-06-30
8808.514,9103.093,8385.433,8411.91,17129742400,144093851391984.0,2015-07-01
8369.492,8433.524,7787.099,7835.104,15697384000,122990636167936.0,2015-07-02
7530.265,7930.146,7249.309,7355.491,15610600000,114823627804600.0,2015-07-03
7842.429,7842.429,6883.614,7235.999,23075438400,166973849186961.6,2015-07-06
6977.548,7030.978,6763.118,6763.526,11411596000,77182626247496.0,2015-07-07
6444.667,6702.279,6444.248,6602.374,27534076800,181790272778323.2,2015-07-08
6525.121,6896.493,6525.121,6896.352,9581574400,66077909776588.8,2015-07-09
7101.818,7245.328,7081.354,7244.784,7214119200,52264735354252.8,2015-07-10
7563.38,7695.669,7502.551,7695.635,12457768000,95870435442680.0,2015-07-13
7853.997,8076.191,7772.393,7859.057,16738369600,131547800773467.2,2015-07-14
7836.084,7837.844,7391.96,7405.295,16426766400,121645051088088.0,2015-07-15
7342.831,7729.697,7078.71,7578.759,14201307200,107628284753764.8,2015-07-16
7629.782,8050.728,7620.162,7994.697,13937737600,111427988977507.2,2015-07-17
8025.104,8250.398,7931.651,8116.496,16213184000,131594243083264.0,2015-07-20
8011.904,8291.927,7937.629,8220.463,14309760000,117632852618880.0,2015-07-21
8207.173,8354.385,8075.595,8320.236,16116584000,134093782393824.02,2015-07-22
8330.47,8585.801,8288.842,8551.991,17749496000,151793530046536.0,2015-07-23
8580.647,8706.252,8348.418,8425.074,19694787200,165930039574252.8,2015-07-24
8240.678,8493.348,7791.6,7794.181,17174004800,133857301906068.8,2015-07-27
7514.148,7893.938,7261.607,7649.82,18029433600,137921921741952.0,2015-07-28
7765.949,8024.577,7472.633,8022.796,13274524800,106498804467340.8,2015-07-29
7979.569,8174.701,7766.462,7800.58,14192870400,110712620984832.0,2015-07-30
7692.478,7876.645,7634.538,7727.061,10783413600,83324094675429.6,2015-07-31
7605.895,7658.173,7370.043,7540.205,11236459200,84725205842136.0,2015-08-03
7548.029,7942.268,7532.829,7942.095,11718032000,93065723357040.0,2015-08-04
7933.317,8047.696,7773.924,7839.338,11999976800,94071874127358.39,2015-08-05
7660.583,7891.564,7633.289,7792.028,9005828000,70173663939184.0,2015-08-06
7874.416,8015.366,7855.684,8013.319,10946966400,87721533845481.61,2015-08-07
8106.12,8437.915,8079.877,8394.086,14531737600,121980655143833.6,2015-08-10
8402.319,8551.529,8356.523,8435.327,16243483200,137019092411006.39,2015-08-11
8342.606,8490.27,8320.054,8336.337,13268064800,110607059510637.6,2015-08-12
8287.771,8535.368,8237.892,8534.429,13365028800,114062889376555.2,2015-08-13
8599.774,8717.069,8548.337,8625.242,16071307200,138618913856342.4,2015-08-14
8613.286,8820.983,8582.829,8820.457,16201328000,142903116966896.0,2015-08-17
8842.162,8858.33,8140.91,8161.269,18439569600,150490287749822.4,2015-08-18
7865.635,8404.941,7667.319,8340.983,16262225600,135642947271764.8,2015-08-19
8255.931,8376.665,8049.512,8049.512,13831446400,111336393774156.8,2015-08-20
7884.305,8006.293,7583.704,7612.902,13456108800,102440037595737.6,2015-08-21
7255.295,7292.771,7003.655,7006.189,9219222400,64591614567433.6,2015-08-24
6496.107,6666.81,6467.814,6481.412,10416228800,67511870339065.6,2015-08-25
6470.002,6687.527,6165.107,6238.526,14919721600,93077071114361.6,2015-08-26
6344.955,6457.864,6099.167,6456.055,12493233600,80657003249448.0,2015-08-27
6554.755,6844.451,6512.697,6842.894,14275851200,97688136521372.8,2015-08-28
6791.419,6791.419,6578.354,6581.313,11625855200,76513391963877.6,2015-08-31
6507.875,6507.875,6161.032,6169.207,9866792800,60870287209309.6,2015-09-01
5878.207,6314.29,5866.664,6122.553,11503272000,70429392493416.0,2015-09-02
6187.69,6379.198,6094.49,6143.557,10244707200,62938942631510.4,2015-09-07
6096.014,6387.361,6014.568,6374.855,8550984000,54511283107320.0,2015-09-08
6408.671,6609.943,6380.25,6551.007,15009782400,98329189570876.8,2015-09-09
6434.531,6565.162,6407.119,6440.309,10641517600,68534661572938.4,2015-09-10
6423.521,6523.19,6385.309,6493.319,9257203200,60109973425420.805,2015-09-11
6535.263,6554.384,6018.444,6049.79,11911366400,72061265333056.0,2015-09-14
5886.268,5996.217,5689.971,5708.03,9342742400,53328653901472.0,2015-09-15
5722.531,6107.371,5704.122,6084.837,10495292000,63862141087404.01,2015-09-16
6057.868,6242.248,5965.409,5965.409,12783572800,76259240233275.2,2015-09-17
6007.459,6073.55,5934.096,6036.881,8365211200,50499784554267.2,2015-09-18
5966.294,6251.618,5943.59,6250.439,10543392800,65900833549439.2,2015-09-21
6264.057,6362.048,6215.572,6295.926,11868962400,74726108967182.4,2015-09-22
6192.326,6302.644,6162.972,6224.601,10124732800,63022421911612.8,2015-09-23
6250.088,6324.314,6227.39,6315.11,9329019200,58913782440112.0,2015-09-24
6294.202,6336.429,6064.723,6108.376,9894203200,60437513366003.2,2015-09-25
6118.226,6221.01,6020.457,6219.692,6773716000,42130427215472.0,2015-09-28
6114.48,6183.827,6065.854,6103.606,6857949600,41858222326257.6,2015-09-29
6139.14,6165.746,6066.834,6123.727,5649767200,34597631946354.4,2015-09-30
6322.535,6409.741,6281.531,6372.492,9490732000,60479613744144.0,2015-10-08
6369.752,6495.293,6353.042,6470.051,9971166400,64513955137486.41,2015-10-09
6505.912,6788.399,6501.759,6718.722,15361987200,103212921364358.39,2015-10-12
6672.661,6816.776,6650.615,6802.077,13297752000,90452333030904.0,2015-10-13
6772.458,6842.874,6709.345,6724.496,12588244800,84649601804620.8,2015-10-14
6694.067,6929.476,6694.067,6929.237,13179506400,91323923388616.8,2015-10-15
6979.677,7052.141,6883.199,7047.56,16450996800,115939387007808.0,2015-10-16
7072.359,7113.663,6951.799,7047.372,15600793600,109944595994419.2,2015-10-19
7033.205,7163.261,6996.564,7162.075,13806278400,98881601371680.0,2015-10-20
7159.132,7186.542,6689.268,6712.739,17816918400,119600323003497.6,2015-10-21
6708.214,6970.676,6700.619,6964.298,13547089600,94345969007100.8,2015-10-22
7015.623,7169.369,6988.551,7138.234,15889896000,113425795883664.0,2015-10-23
7223.155,7233.357,7088.568,7186.755,16330472000,117363101298360.0,2015-10-26
7123.083,7266.777,6900.438,7231.436,14744128000,106621218007808.0,2015-10-27
7179.988,7270.789,7019.609,7048.895,13272422400,93555911893248.0,2015-10-28
7097.188,7185.207,7011.863,7108.975,11074127200,78725693411620.0,2015-10-29
7088.806,7185.525,6984.501,7084.971,11006955200,77983958390299.19,2015-10-30
6936.369,7137.052,6914.147,6936.432,10720432000,74361547578624.0,2015-11-02
6956.893,6998.051,6860.439,6920.103,8910533600,61661810296960.8,2015-11-03
6953.867,7268.399,6953.867,7267.988,13920840000,101176498069920.0,2015-11-04
7277.096,7364.511,7225.645,7276.451,18519177600,134753888366697.6,2015-11-05
7284.867,7456.236,7284.706,7446.847,15269328000,113708349408816.0,2015-11-06
7415.757,7593.168,7350.861,7543.801,17752009600,133917627772489.61,2015-11-09
7517.408,7633.007,7486.847,7575.008,16573753600,125546316110028.8,2015-11-10
7589.664,7686.302,7556.372,7684.666,15208617600,116873146577721.61,2015-11-11
7712.636,7739.654,7579.672,7682.452,16228028800,124671052310617.61,2015-11-12
7601.146,7665.138,7478.413,7567.108,14755926400,111659688708851.2,2015-11-13
7438.405,7719.703,7431.74,7718.855,11691996000,90248821784580.0,2015-11-16
7787.075,7820.024,7635.924,7650.381,16275088000,124510624008528.0,2015-11-17
7655.327,7699.609,7504.989,7526.942,12569000800,94606140019553.6,2015-11-18
7552.996,7719.521,7538.281,7718.622,11052002400,85306228868692.8,2015-11-19
7741.677,7844.061,7720.164,7806.266,14607617600,114030948611881.6,2015-11-20
7816.849,7876.482,7710.054,7744.182,14238345600,110264339705299.2,2015-11-23
7739.09,7799.011,7635.781,7798.498,11025856000,85985115964288.0,2015-11-24
7803.29,7925.536,7795.164,7922.384,12443550400,98582584592153.6,2015-11-25
7962.169,7974.735,7859.633,7874.08,14040460800,110555711576064.0,2015-11-26
7839.312,7852.0,7317.645,7376.124,15297049600,112832934683750.39,2015-11-27
7388.28,7467.467,7035.547,7408.399,12923402400,95741721416757.61,2015-11-30
7403.942,7519.937,7358.365,7443.945,11300868000,84123039844260.0,2015-12-01
7423.498,7444.222,7201.659,7405.86,10264747200,76019280698592.0,2015-12-02
7413.218,7571.446,7412.655,7570.508,9532940800,72169204589926.39,2015-12-03
7533.612,7600.343,7464.277,7511.675,10136253600,76140242760780.0,2015-12-04
7526.223,7602.77,7476.191,7602.228,9288129600,70610478912748.8,2015-12-07
7555.463,7555.463,7398.558,7404.142,9493882400,70294053420900.8,2015-12-08
7369.108,7431.04,7322.867,7374.274,8329999100,61427695783153.41,2015-12-09
7374.355,7437.706,7332.98,7350.21,7899042400,58059620438904.0,2015-12-10
7320.158,7347.36,7253.842,7290.702,7213228800,52589501638617.6,2015-12-11
7224.809,7441.763,7210.41,7441.03,7995728800,59496457872664.0,2015-12-14
7448.714,7534.224,7447.108,7498.181,8602148800,64500468691332.8,2015-12-15
7522.729,7574.649,7503.086,7529.403,8535116800,64264334039270.4,2015-12-16
7570.67,7716.476,7570.67,7716.246,13005476800,100353458336092.8,2015-12-17
7708.335,7746.512,7650.556,7699.37,11441691200,88093813974544.0,2015-12-18
7698.443,7798.085,7692.096,7788.564,11501500000,89580168846000.0,2015-12-21
7810.996,7856.948,7752.697,7856.608,11159250800,87673859109286.4,2015-12-22
7859.132,7881.295,7756.328,7773.283,11816631200,91854018424229.61,2015-12-23
7760.378,7778.936,7635.784,7753.037,9150934400,70947532987772.8,2015-12-24
7759.837,7805.053,7738.867,7792.124,8125352000,63313750327648.0,2015-12-25
7815.382,7837.63,7603.361,7603.361,10981351500,83495179722391.5,2015-12-28
7591.714,7675.308,7545.352,7674.388,7729253000,59317286472164.0,2015-12-29
7693.022,7747.351,7664.281,7741.047,8553323200,66211676897390.4,2015-12-30
7745.638,7763.296,7617.385,7617.689,7978152300,60775083016034.7,2015-12-31
7615.514,7624.101,6983.285,6983.404,7801499900,54481025607659.6,2016-01-04
6663.726,7020.541,6627.642,6889.741,11342822500,78149109233972.5,2016-01-05
6916.532,7066.085,6878.654,7065.607,10093042700,71313473152418.9,2016-01-06
6937.416,6937.416,6454.973,6462.243,2842674200,18370051450230.6,2016-01-07
6618.081,6689.141,6222.593,6570.432,11112960500,73016951283936.0,2016-01-08
6435.894,6529.879,6128.223,6128.656,11560073600,70847714429081.6,2016-01-11
6126.67,6205.591,5994.636,6136.663,9190522000,56399136308085.99,2016-01-12
6168.987,6226.541,5924.044,5924.044,8612340200,51019882287768.8,2016-01-13
5734.608,6137.507,5726.883,6124.82,9225144600,56502350148972.0,2016-01-14
6078.615,6135.271,5852.241,5893.682,8863053900,52236021235459.8,2016-01-15
5768.758,6051.182,5765.146,5978.908,7246978900,43329020121041.2,2016-01-18
5965.355,6203.4,5956.225,6197.095,8798101500,54522670815142.5,2016-01-19
6161.232,6244.961,6095.722,6138.503,9194751800,56442011508555.4,2016-01-20
6031.17,6191.317,5886.884,5886.884,8188276500,48203433915426.0,2016-01-21
5954.364,6013.971,5799.712,5980.611,6983070900,41763030638319.9,2016-01-22
6034.084,6093.269,5976.336,6041.326,6530851400,39455002364956.4,2016-01-25
5966.705,5982.499,5573.827,5589.307,8544391700,47757228339551.9,2016-01-26
5604.167,5628.186,5240.646,5514.189,8792411800,48483020431030.2,2016-01-27
5441.738,5511.321,5257.081,5271.233,6733807600,35495468836770.805,2016-01-28
5262.46,5515.486,5248.215,5469.125,7235909100,39574091356537.5,2016-01-29
5458.605,5493.982,5319.701,5399.477,6471611400,34943316907237.8,2016-02-01
5407.707,5594.361,5407.668,5586.627,6657196200,37191272035217.41,2016-02-02
5520.642,5634.92,5482.225,5610.173,6328072600,35501582042559.8,2016-02-03
5631.32,5744.024,5631.32,5721.485,7108398200,40670593675327.0,2016-02-04
5734.481,5747.979,5662.437,5664.197,5607554500,31762293376236.5,2016-02-05
5485.723,5700.522,5482.796,5668.04,5363125300,30398408725412.0,2016-02-15
5694.749,5918.593,5694.749,5902.534,8287714300,48918515438036.195,2016-02-16
5889.502,5979.407,5854.22,5971.412,9058252000,54090554691824.0,2016-02-17
6009.749,6034.852,5945.204,5957.131,9371479800,55827132832453.805,2016-02-18
5939.697,6009.724,5919.683,5979.516,7038049900,42084131985848.4,2016-02-19
6055.675,6111.69,6029.459,6103.723,9432052000,57570632729596.0,2016-02-22
6102.512,6118.645,5982.211,6070.5,8787487600,53344443475800.0,2016-02-23
6041.753,6116.255,5975.14,6111.043,8981957900,54889130951089.695,2016-02-24
6097.42,6097.544,5604.104,5626.052,11066865300,62262759654795.59,2016-02-25
5668.329,5701.051,5517.63,5648.938,7985789500,45111229766551.0,2016-02-26
5618.509,5618.509,5286.345,5350.434,8670315300,46389949771840.2,2016-02-29
5361.792,5504.751,5294.544,5473.635,8080357100,44228925435058.5,2016-03-01
5464.733,5763.799,5462.742,5753.148,11067195200,63671211930489.6,2016-03-02
5757.361,5872.924,5745.623,5776.977,12852736000,74249960259072.0,2016-03-03
5755.119,5805.409,5542.983,5621.561,10882994800,61179419130882.8,2016-03-04
5686.686,5788.472,5681.847,5752.548,8717058100,50145295139038.8,2016-03-07
5751.388,5764.325,5538.151,5764.325,9814965600,56576651582220.0,2016-03-08
5627.138,5709.517,5583.067,5617.038,7261532300,40788302867327.4,2016-03-09
5617.415,5657.263,5517.016,5521.948,5955941100,32888397045262.8,2016-03-10
5460.542,5545.343,5433.322,5508.982,4980002200,27434742479760.4,2016-03-11
5568.464,5748.333,5568.464,5690.59,7999741800,45523250689662.0,2016-03-14
5672.754,5701.568,5608.998,5639.801,6626890000,37374340848890.0,2016-03-15
5662.439,5689.281,5531.334,5562.804,5748733200,31979076039892.8,2016-03-16
5589.22,5759.54,5579.725,5745.975,8457575800,48597019107405.0,2016-03-17
5774.303,5967.459,5768.908,5949.263,12516034100,74461178577868.3,2016-03-18
6016.694,6100.032,6001.322,6099.481,13182551400,80406721795823.39,2016-03-21
6045.839,6130.265,6013.049,6075.492,10772165400,65446204710376.805,2016-03-22
6054.222,6119.306,6031.272,6118.966,8966132400,54863459307098.41,2016-03-23
6062.758,6127.512,6008.542,6018.424,10143974300,61050738382503.2,2016-03-24
6006.669,6081.092,5996.538,6077.431,7823131200,47544540071947.195,2016-03-25
6114.767,6167.238,6017.488,6037.778,9378233000,56623688886274.0,2016-03-28
6029.943,6041.382,5875.07,5921.867,7900397500,46785103242132.5,2016-03-29
5981.421,6137.792,5981.421,6137.503,8806129200,54047644383387.59,2016-03-30
6164.281,6211.139,6133.596,6155.814,9491572200,58428353030770.805,2016-03-31
6129.724,6157.74,6022.97,6124.528,8521953300,52192941600542.4,2016-04-01
6136.685,6293.47,6117.177,6286.583,10554304900,66350513761156.695,2016-04-05
6262.601,6324.205,6243.113,6323.434,10467457900,66190279178428.6,2016-04-06
6344.368,6355.328,6228.974,6228.974,10992715000,68473335924410.0,2016-04-07
6176.864,6199.147,6087.104,6168.742,8867017300,54698342033236.6,2016-04-08
6226.381,6334.536,6226.381,6304.3,10219997800,64429932130540.0,2016-04-11
6299.472,6316.248,6182.818,6252.773,8706176700,54437746602989.1,2016-04-12
6292.569,6421.727,6292.569,6344.226,13298998400,84371851423238.39,2016-04-13
6375.494,6402.509,6324.464,6401.855,9908817600,63434813496647.99,2016-04-14
6403.253,6414.794,6345.554,6384.35,8279805500,52861176243925.0,2016-04-15
6343.701,6343.701,6241.983,6281.202,8040047200,50501160552734.4,2016-04-18
6314.582,6334.904,6262.612,6308.229,6943866700,43803501289074.305,2016-04-19
6331.87,6344.781,5923.433,6022.213,11732538700,70655847082143.1,2016-04-20
6000.305,6085.935,5960.504,5970.682,8480859200,50636513369974.4,2016-04-21
5930.531,6011.46,5915.306,6011.32,6232381100,37464837154052.0,2016-04-22
5997.213,5997.219,5897.735,5978.077,5703433300,34095563431764.1,2016-04-25
5971.805,6047.064,5958.401,6046.773,5605530500,33895370478076.5,2016-04-26
6051.443,6086.364,6005.163,6016.699,6073158100,36540364267111.9,2016-04-27
6014.126,6027.197,5888.064,5990.329,6043070100,36199978069062.9,2016-04-28
5963.908,6018.266,5953.131,5985.594,4970418800,29750908946767.2,2016-04-29
5991.829,6167.798,5960.941,6167.454,7583105900,46768456815378.6,2016-05-03
6144.569,6213.193,6136.301,6169.783,7455574000,45999273720442.0,2016-05-04
6159.727,6206.53,6133.38,6203.817,6455896700,40051201697703.9,2016-05-05
6208.44,6226.876,5961.459,5961.489,9805691800,58456523803090.195,2016-05-06
5910.124,5910.124,5714.119,5743.647,7823338100,44934492408050.7,2016-05-09
5728.108,5766.157,5697.093,5738.896,5265774500,30219732214952.0,2016-05-10
5770.353,5806.469,5700.096,5723.41,5801112600,33202145865966.0,2016-05-11
5647.065,5727.578,5559.693,5726.456,5821581400,33337029737518.402,2016-05-12
5708.628,5779.892,5677.942,5714.311,5307673600,30329697636889.598,2016-05-13
5692.605,5813.036,5665.206,5812.542,5796089800,33690015398271.6,2016-05-16
5814.103,5853.611,5763.506,5790.342,6526013800,37787851798719.6,2016-05-17
5743.033,5743.033,5563.057,5631.193,6370485600,35873433917320.805,2016-05-18
5628.727,5729.4,5628.646,5666.733,5643894000,31982440378302.0,2016-05-19
5619.936,5733.25,5600.492,5732.902,5593607600,32067604197255.2,2016-05-20
5752.145,5811.684,5752.079,5809.476,6277779200,36470607595699.195,2016-05-23
5800.003,5800.171,5701.664,5743.178,5795641600,33285401333004.8,2016-05-24
5780.266,5803.985,5691.609,5715.183,5330295600,30463614798094.8,2016-05-25
5705.073,5744.855,5598.662,5744.388,5966572700,34274308619007.598,2016-05-26
5728.903,5780.068,5712.479,5739.59,5998470400,34428760723136.0,2016-05-27
5705.996,5764.761,5655.635,5711.315,4888800300,27921478485394.496,2016-05-30
5721.826,5947.428,5721.826,5947.322,9523807200,56641148084318.4,2016-05-31
5957.176,6013.904,5949.637,5973.78,9451398700,56460576526086.0,2016-06-01
5961.715,6014.61,5955.347,6013.894,8124530800,48860067030935.2,2016-06-02
6016.949,6062.138,5992.321,6032.603,8484351400,51182723708694.2,2016-06-03
6051.948,6067.465,6008.926,6051.86,7355282000,44513136924520.0,2016-06-06
6048.32,6052.049,6010.354,6045.357,6959825800,42074631618810.6,2016-06-07
6037.413,6058.177,5972.744,6023.878,7349816300,44274396713611.4,2016-06-08
5943.733,5992.335,5746.0,5746.444,8713985700,50074430841850.805,2016-06-13
5723.994,5778.854,5700.523,5762.761,6203270400,35747964733574.41,2016-06-14
5701.388,5972.853,5692.815,5952.846,9087860500,54098634025982.99,2016-06-15
5945.494,5979.116,5909.687,5930.545,9603146000,56951889494570.0,2016-06-16
5937.32,6002.617,5918.193,5964.272,8906684100,53121886590475.2,2016-06-17
5965.825,5995.0,5908.482,5985.569,7453014500,44610532547750.5,2016-06-20
6023.923,6053.409,5888.358,5916.803,8814068600,52151107534685.8,2016-06-21
5901.15,6009.057,5895.914,6008.886,7241714500,43514636875047.0,2016-06-22
5998.673,6015.182,5933.683,5978.174,7797955600,46617535421074.4,2016-06-23
5967.515,6011.371,5748.839,5903.62,9841986800,58103350112216.0,2016-06-24
5864.726,6044.323,5864.614,6044.219,8404790700,50800395639963.3,2016-06-27
6018.912,6111.071,6012.051,6107.511,9495272300,57992480020245.305,2016-06-28
6130.576,6145.0,6100.084,6120.202,9305521800,56951673131403.6,2016-06-29
6127.989,6143.232,6090.904,6123.494,7729966100,47334401033553.4,2016-06-30
6133.718,6163.426,6095.85,6111.539,7381443300,45111978604238.695,2016-07-01
6079.584,6240.603,6078.628,6231.881,10007819100,62367537700727.1,2016-07-04
6244.387,6276.821,6226.295,6269.505,10792880000,67666015124400.0,2016-07-05
6250.489,6299.734,6231.541,6297.397,9506962200,59869115237393.4,2016-07-06
6291.057,6342.435,6256.272,6319.793,11245359700,71068345514542.1,2016-07-07
6308.062,6337.071,6276.83,6299.853,8806474100,55479492278307.3,2016-07-08
6320.063,6387.07,6306.134,6312.499,10366286600,65437173796213.4,2016-07-11
6309.819,6395.435,6248.934,6395.145,11687378800,74742482095926.0,2016-07-12
6413.812,6456.772,6392.4,6446.563,11212208100,72280205885760.3,2016-07-13
6437.277,6458.288,6410.399,6455.583,9527158100,61503359868672.3,2016-07-14
6459.626,6469.045,6409.797,6441.016,9319290400,60025698575046.4,2016-07-15
6426.856,6455.459,6379.065,6412.073,8933062800,57279450787184.41,2016-07-18
6407.034,6431.938,6355.479,6431.938,8096187200,52074174106793.6,2016-07-19
6429.689,6454.179,6404.154,6417.922,7482030800,48019090075997.59,2016-07-20
6414.801,6487.022,6405.602,6442.709,8743792600,56333711278153.4,2016-07-21
6437.883,6448.366,6385.252,6390.925,8644549300,55246666235102.5,2016-07-22
6383.562,6441.316,6374.255,6408.783,8109003900,51968846341253.7,2016-07-25
6410.823,6494.74,6410.823,6494.474,8155655600,52966693247154.4,2016-07-26
6499.338,6515.878,6154.459,6229.289,13852789300,86293028005807.7,2016-07-27
6220.917,6273.38,6148.859,6243.288,9131871200,57012901880505.59,2016-07-28
6239.854,6259.199,6183.165,6202.892,7268133200,45083445281214.4,2016-07-29
6179.202,6179.202,6046.402,6109.278,7291022100,44542880913043.805,2016-08-01
6100.749,6168.682,6099.25,6168.509,5580505600,34423399018150.4,2016-08-02
6154.474,6203.615,6140.829,6198.389,6868695100,42574844152193.9,2016-08-03
6194.203,6245.305,6174.24,6238.231,7055639400,44014708429901.4,2016-08-04
6231.526,6251.398,6202.862,6203.287,6754335600,41899082221117.2,2016-08-05
6191.647,6290.9,6152.579,6290.756,7704788000,48468941339728.0,2016-08-08
6283.289,6341.723,6281.072,6341.55,7816512200,49568802941910.0,2016-08-09
6336.536,6366.089,6314.513,6318.268,7719742400,48775401374163.2,2016-08-10
6304.777,6318.978,6226.313,6226.313,7068452700,44010398935895.1,2016-08-11
6218.353,6299.092,6204.961,6299.092,6863547800,43234119038597.59,2016-08-12
6309.414,6451.929,6289.725,6442.527,11798146800,76009879308963.6,2016-08-15
6449.907,6488.701,6446.236,6468.895,10971284000,70972084211180.0,2016-08-16
6462.047,6502.139,6437.263,6488.365,9578850800,62151080270942.0,2016-08-17
6485.927,6527.198,6466.398,6490.408,11041553500,71664187168828.0,2016-08-18
6485.72,6516.979,6451.612,6499.555,9182709900,59683528044094.5,2016-08-19
6499.753,6508.797,6419.563,6420.354,9236915300,59304266094016.2,2016-08-22
6414.982,6448.543,6380.915,6428.698,8057296300,51797924609217.41,2016-08-23
6432.879,6466.625,6415.7,6435.059,7386234400,47530854151829.6,2016-08-24
6398.564,6398.564,6312.653,6382.57,7972243100,50883399642767.0,2016-08-25
6395.772,6460.868,6395.73,6410.734,7478579400,47943183231279.6,2016-08-26
6409.118,6442.398,6398.777,6427.529,6895657000,44322035341553.0,2016-08-29
6428.966,6459.715,6413.71,6425.754,6158835200,39575159921740.8,2016-08-30
6422.801,6441.106,6390.699,6434.21,6527700500,42000595834105.0,2016-08-31
6434.261,6445.432,6380.901,6381.476,7188610900,45873947931688.4,2016-09-01
6371.492,6403.572,6320.479,6356.954,6750696300,42913865847070.195,2016-09-02
6372.624,6419.746,6372.624,6391.792,6543463900,41824460208308.805,2016-09-05
6392.608,6493.347,6345.695,6492.972,8682608700,56375935176056.4,2016-09-06
6490.33,6529.811,6483.088,6494.316,9319020900,60520666535204.4,2016-09-07
6489.617,6518.332,6478.648,6517.984,7246413500,47232007250384.0,2016-09-08
6518.676,6539.348,6470.905,6471.053,7867246300,50909367771353.9,2016-09-09
6362.77,6383.843,6283.816,6291.636,9004175600,56650995355281.6,2016-09-12
6324.744,6340.872,6284.037,6320.032,6863666000,43378588757312.0,2016-09-13
6286.617,6318.271,6260.653,6278.158,5831969200,36614024088733.6,2016-09-14
6292.807,6344.45,6292.807,6344.181,5497876400,34879522997228.4,2016-09-19
6344.706,6346.93,6319.762,6342.033,5450561300,34567639633122.902,2016-09-20
6342.004,6362.999,6335.392,6343.754,5029034300,31902956456762.2,2016-09-21
6381.157,6410.57,6377.173,6385.635,6297160000,40211365296600.0,2016-09-22
6397.333,6402.639,6369.223,6370.583,6257830700,39866029874298.1,2016-09-23
6363.931,6364.209,6239.867,6241.516,7210665900,45005486585504.4,2016-09-26
6229.818,6287.336,6200.565,6286.909,5640053300,35458501852249.695,2016-09-27
6300.85,6300.85,6266.753,6281.284,4916326200,30880841098840.797,2016-09-28
6288.918,6323.416,6288.918,6298.791,5069155800,31929552930637.8,2016-09-29
6292.08,6338.299,6289.466,6328.086,4496512900,28454320331309.402,2016-09-30
6364.517,6447.936,6345.331,6447.693,7272403500,46890225140125.5,2016-10-10
6451.045,6486.65,6443.748,6486.425,7885088700,51146036470897.5,2016-10-11
6463.809,6484.0,6452.414,6482.738,6771848700,43900120897740.6,2016-10-12
6480.929,6501.557,6468.132,6484.831,6847165100,44402708502598.1,2016-10-13
6476.261,6477.853,6423.579,6469.492,6586009700,42608137066072.4,2016-10-14
6478.511,6487.671,6394.487,6413.149,7170479600,45985354076260.41,2016-10-17
6409.738,6509.282,6409.738,6509.282,7369850800,47972437155125.6,2016-10-18
6518.737,6531.162,6476.562,6495.257,7504880700,48746128900839.9,2016-10-19
6495.827,6506.581,6474.779,6498.238,6557491200,42612138500505.6,2016-10-20
6498.986,6506.611,6424.443,6475.281,7319512600,47395900868040.6,2016-10-21
6479.554,6546.788,6472.939,6539.466,8607674500,56289594731817.0,2016-10-24
6543.467,6563.523,6536.944,6563.354,8392323000,55081786731342.0,2016-10-25
6561.158,6561.247,6511.657,6530.39,8085924400,52804239842516.0,2016-10-26
6522.887,6529.468,6488.363,6517.359,6710299700,43733432142492.305,2016-10-27
6512.038,6536.835,6455.148,6455.835,7069709600,45640878675516.0,2016-10-28
6441.435,6460.773,6408.273,6452.206,6025368800,38876920723572.805,2016-10-31
6456.999,6508.364,6450.02,6507.95,6253990200,40700655522090.0,2016-11-01
6494.98,6506.776,6450.051,6455.13,7229906800,46669988281884.0,2016-11-02
6442.355,6521.0,6436.907,6483.732,7754984500,50281241162154.0,2016-11-03
6482.601,6502.741,6449.561,6462.593,7063540600,45648788036775.8,2016-11-04
6461.001,6487.06,6437.74,6468.817,6881212600,44513305047494.2,2016-11-07
6487.649,6518.189,6476.444,6503.178,7244487800,47112193682228.4,2016-11-08
6504.412,6507.865,6380.571,6453.572,8806010200,56830220858434.4,2016-11-09
6501.639,6538.742,6501.639,6536.965,9062523800,59241400892267.0,2016-11-10
6539.36,6584.41,6527.452,6583.886,11037159400,72667399253428.4,2016-11-11
6568.659,6624.206,6566.054,6615.007,12666934300,83791859063040.1,2016-11-14
6622.878,6641.035,6602.281,6640.462,10511091200,69798501692134.41,2016-11-15
6647.529,6658.428,6630.124,6644.188,9546867600,63431183145508.805,2016-11-16
6633.31,6646.309,6596.896,6636.469,8453531200,56101597749332.8,2016-11-17
6632.627,6643.941,6592.836,6602.327,8127855100,53662757178817.7,2016-11-18
6597.175,6635.892,6591.975,6611.54,7875184400,52067096667976.0,2016-11-21
6619.85,6661.541,6617.07,6661.246,9217780900,61401906149001.4,2016-11-22
6668.248,6676.668,6617.775,6631.173,9396324000,62308650008052.0,2016-11-23
6635.224,6656.966,6607.028,6623.049,9358629900,61982664400565.1,2016-11-24
6620.219,6652.916,6531.367,6652.818,8893463600,59166594720424.805,2016-11-25
6667.266,6692.142,6650.919,6670.804,9574136600,63867188727826.4,2016-11-28
6658.355,6681.881,6619.039,6620.795,10144690600,67165916801027.0,2016-11-29
6605.361,6615.921,6568.796,6585.578,8152681300,53690118610291.41,2016-11-30
6593.594,6624.851,6593.074,6624.466,7781850900,51550606704119.41,2016-12-01
6617.874,6623.794,6520.975,6520.975,8109752500,52883493308687.5,2016-12-02
6462.256,6522.597,6451.084,6486.017,6682182100,43340746697695.695,2016-12-05
6496.164,6514.032,6484.979,6490.89,5200919800,33758598320622.0,2016-12-06
6493.003,6558.243,6481.92,6558.025,5940641400,38958874817235.0,2016-12-07
6561.722,6562.657,6522.961,6527.434,5698976300,37199691665814.2,2016-12-08
6519.395,6534.896,6500.215,6513.916,5921829100,38574297323755.6,2016-12-09
6512.959,6519.628,6241.612,6249.078,9473677800,59201751519068.41,2016-12-12
6235.558,6292.803,6190.389,6278.179,6520672800,40937951038831.2,2016-12-13
6269.081,6299.04,6216.951,6239.499,6897758400,43038556639041.6,2016-12-14
6216.145,6310.744,6211.273,6280.398,6473297300,40654883416325.4,2016-12-15
6279.277,6329.191,6273.001,6318.524,6220417600,39303857895622.4,2016-12-16
6319.857,6330.382,6297.367,6320.732,6257915800,39554608650365.6,2016-12-19
6314.611,6315.536,6275.311,6300.638,6092065700,38383900647916.6,2016-12-20
6311.058,6348.376,6311.058,6347.606,6363287000,40391638740922.0,2016-12-21
6341.201,6350.273,6313.858,6341.788,5961720700,37807968794611.59,2016-12-22
6339.347,6343.855,6277.66,6281.997,5718248200,35922018037655.4,2016-12-23
6260.34,6295.236,6194.266,6294.755,5444435800,34271389474229.0,2016-12-26
6291.647,6311.036,6284.04,6288.859,4927552400,30988682258711.6,2016-12-27
6288.732,6295.891,6257.104,6270.24,4857416500,30457167234960.0,2016-12-28
6261.868,6286.741,6242.984,6252.608,4502814200,28154332089433.6,2016-12-29
6255.62,6275.549,6241.719,6263.626,4692493700,29392025544156.2,2016-12-30
6273.818,6320.953,6273.753,6320.763,4857779100,30704870397453.3,2017-01-03
6321.747,6395.004,6314.127,6394.669,6673942300,42677651933598.695,2017-01-04
6391.584,6412.874,6385.121,6399.284,6144520300,39320530443465.195,2017-01-05
6398.863,6401.739,6364.888,6371.617,6490247300,41353370030884.1,2017-01-06
6365.389,6415.468,6357.357,6415.418,6397903100,41045222709995.8,2017-01-09
6412.762,6428.834,6388.92,6393.928,6821068400,43613420232675.195,2017-01-10
6381.705,6402.899,6331.507,6331.964,6284335900,39792188682707.6,2017-01-11
6325.623,6339.322,6269.199,6272.851,5343363400,33518122447053.4,2017-01-12
6272.79,6282.716,6182.105,6194.658,5361148400,33210480825247.203,2017-01-13
6184.129,6184.337,5872.395,6031.241,7895834800,47621682574986.8,2017-01-16
6006.08,6082.201,5957.044,6082.066,5054089800,30739307733526.8,2017-01-17
6067.168,6098.784,6049.969,6068.593,4614218000,28001811055274.0,2017-01-18
6054.725,6074.464,6029.64,6043.675,4441961600,26845772272880.0,2017-01-19
6037.56,6129.58,6034.969,6121.998,4571735400,27988154975329.2,2017-01-20
6130.44,6189.174,6130.195,6172.167,5038973600,31101386567791.203,2017-01-23
6167.84,6177.208,6154.068,6165.264,5012780300,30905113923499.2,2017-01-24
6156.776,6187.433,6152.144,6179.568,4297428800,26556253494758.402,2017-01-25
6183.159,6224.19,6183.159,6223.706,4054247700,25232445735976.2,2017-01-26
6227.462,6231.604,6190.828,6207.092,3554149100,22060930445417.2,2017-02-03
6206.535,6259.41,6195.495,6259.247,4575565600,28639595255103.203,2017-02-06
6254.2,6269.461,6223.54,6255.927,5092823200,31860330163106.4,2017-02-07
6248.471,6291.766,6219.021,6291.598,5388511900,33902350693016.2,2017-02-08
6288.884,6331.329,6285.728,6331.177,7272232900,46041793675123.3,2017-02-09
6329.683,6350.339,6320.248,6337.108,8937713900,56639258257401.2,2017-02-10
6341.727,6370.207,6331.962,6369.653,8376505400,53355432750626.2,2017-02-13
6366.937,6378.062,6346.593,6374.885,7606862900,48492876198266.5,2017-02-14
6367.644,6379.788,6301.013,6311.696,8407660700,53066598409547.2,2017-02-15
6308.318,6363.87,6306.511,6359.336,7507458100,47742448563821.6,2017-02-16
6356.092,6365.696,6300.51,6307.163,7907995200,49877014729617.59,2017-02-17
6307.234,6385.063,6307.234,6385.063,7412663600,47330324083806.8,2017-02-20
6390.508,6434.535,6386.904,6434.438,7889690100,50765721787663.805,2017-02-21
6432.751,6474.49,6431.409,6474.225,8752564100,56666069310322.5,2017-02-22
6470.617,6482.248,6435.746,6473.993,8936667800,57855924780525.41,2017-02-23
6466.182,6477.422,6445.067,6476.166,7625812700,49386028930108.2,2017-02-24
6476.376,6480.187,6417.785,6424.255,7224501000,46412036671755.0,2017-02-27
6424.995,6451.292,6414.784,6450.97,6303112600,40661190289222.0,2017-02-28
6446.436,6488.825,6440.807,6467.639,7247967100,46877234686676.9,2017-03-01
6476.106,6484.116,6431.436,6434.626,7206417200,46370599481967.2,2017-03-02
6417.389,6457.228,6398.885,6452.839,6525325300,42106873583526.7,2017-03-03
6457.593,6518.042,6457.593,6517.324,6727767200,43847038638972.8,2017-03-06
6517.845,6523.36,6491.264,6523.187,6853491500,44706606657410.5,2017-03-07
6519.974,6525.193,6478.548,6497.088,6306736900,40975424632147.195,2017-03-08
6484.582,6484.828,6425.003,6439.382,6423898200,41365934438912.4,2017-03-09
6436.758,6464.603,6436.639,6447.917,5635992900,36340414431789.305,2017-03-10
6444.558,6508.067,6412.708,6507.896,6491243000,42244334354728.0,2017-03-13
6508.369,6518.779,6480.081,6493.485,6027199500,39137529545257.5,2017-03-14
6486.3,6499.542,6471.721,6486.062,5575008500,36159850781527.0,2017-03-15
6499.832,6543.341,6499.832,6543.341,6865461900,44923058334207.91,2017-03-16
6543.557,6555.579,6480.291,6483.246,7306370600,47368997966967.6,2017-03-17
6484.54,6498.566,6451.354,6498.342,6164478300,40058888244978.6,2017-03-20
6494.773,6516.01,6484.687,6515.946,5899504200,38440850793973.2,2017-03-21
6486.301,6514.629,6459.975,6499.793,7227336600,46976191841323.8,2017-03-22
6502.127,6533.652,6445.811,6512.187,7691114700,50085977164848.9,2017-03-23
6509.233,6552.748,6500.066,6546.615,8354782200,54695542472253.0,2017-03-24
6545.446,6555.794,6510.44,6516.033,7748273700,50488007122232.1,2017-03-27
6509.038,6519.086,6483.64,6498.69,6126211400,39812348763066.0,2017-03-28
6504.246,6522.512,6461.536,6480.543,8561404800,55482551946806.4,2017-03-29
6467.063,6471.935,6369.12,6375.744,9651272400,61534042096665.59,2017-03-30
6374.565,6402.218,6365.447,6401.648,7208277200,46144853320825.6,2017-03-31
6450.896,6539.967,6450.896,6539.967,9701497800,63447475462572.59,2017-04-05
6554.745,6569.702,6535.038,6559.653,9747113500,63937682311615.5,2017-04-06
6554.257,6593.949,6544.236,6578.726,10059667100,66179793502114.59,2017-04-07
6575.46,6595.199,6556.078,6566.544,10252932300,67326331076971.195,2017-04-10
6566.84,6631.996,6531.531,6629.166,12773804800,84679672470796.8,2017-04-11
6625.88,6626.761,6571.476,6576.476,11417302700,75085617191285.2,2017-04-12
6569.24,6627.702,6562.762,6615.704,8771144000,58027292445376.0,2017-04-13
6623.454,6623.801,6522.791,6528.162,9751115100,63656859053446.2,2017-04-14
6500.949,6502.036,6426.28,6456.598,8753220700,56516027265178.6,2017-04-17
6452.918,6491.808,6416.172,6418.211,8018564100,51464836310825.1,2017-04-18
6390.331,6401.411,6285.99,6350.647,8700044700,55250912773920.9,2017-04-19
6349.408,6377.8,6299.894,6347.773,7917415700,50257957610236.1,2017-04-20
6345.771,6364.674,6296.81,6300.713,6087110100,38353133739501.3,2017-04-21
6282.331,6282.74,6137.92,6138.505,7077136800,43443039632484.0,2017-04-24
6139.484,6203.682,6131.951,6160.461,6465772900,39832141785306.9,2017-04-25
6159.893,6195.325,6157.399,6176.398,6974602900,43077923402354.2,2017-04-26
6157.518,6205.229,6052.881,6192.304,8935778900,55333059425585.6,2017-04-27
6174.142,6214.162,6166.798,6211.862,6676916700,41476085125895.4,2017-04-28
6205.101,6216.495,6186.168,6216.115,7028900300,43692452588334.5,2017-05-02
6205.682,6225.627,6174.692,6197.478,7247544700,44916498832266.6,2017-05-03
6180.029,6236.887,6151.809,6176.305,7741351300,47812946740946.5,2017-05-04
6155.197,6164.246,6089.091,6089.683,7155199600,43572897365726.8,2017-05-05
6076.458,6083.362,5975.221,5975.54,6718255500,40145204470470.0,2017-05-08
5953.839,6012.443,5919.599,6012.002,5472699300,32901879136998.6,2017-05-09
6010.73,6038.973,5885.521,5885.841,6264566000,36872239410006.0,2017-05-10
5856.415,5873.906,5731.483,5872.639,7305431400,42902161351464.6,2017-05-11
5859.337,5889.93,5820.294,5863.783,5668562800,33239222181072.402,2017-05-12
5880.696,5912.266,5880.696,5893.508,4972593300,29306018394296.4,2017-05-15
5882.33,6014.881,5839.22,6014.734,7342661600,44164156376014.41,2017-05-16
6006.469,6055.918,6001.039,6027.65,7314690900,44090396603385.0,2017-05-17
5983.35,6030.109,5965.35,5976.3,6006212500,35894927763750.0,2017-05-18
5973.768,5990.435,5942.61,5974.977,5506815200,32903094163250.4,2017-05-19
5962.286,5987.307,5873.041,5888.813,6089413900,35859419736700.7,2017-05-22
5879.559,5893.816,5760.325,5764.876,6491864700,37424795004277.2,2017-05-23
5740.443,5799.683,5668.722,5799.25,5813084700,33711531446475.0,2017-05-24
5788.557,5859.502,5740.799,5850.801,7068395700,41355776629955.7,2017-05-25
5843.521,5871.214,5833.088,5836.934,5925619900,34587452265386.6,2017-05-26
5887.941,5913.184,5820.206,5824.104,5847776900,34058060834397.6,2017-05-31
5810.419,5810.599,5709.689,5709.999,6027890500,34419248727109.5,2017-06-01
5696.829,5780.502,5655.762,5772.517,5886884700,33982142007789.9,2017-06-02
5778.189,5830.053,5777.951,5815.802,5433329200,31599166828018.4,2017-06-05
5808.972,5841.88,5793.437,5841.523,4878150000,28495825422450.0,2017-06-06
5838.881,5955.024,5836.441,5955.015,7466605900,44463750133588.5,2017-06-07
5947.975,5972.728,5940.724,5958.977,6650654700,39631098392241.9,2017-06-08
5952.406,5971.525,5922.729,5969.274,6210987400,37075085601147.6,2017-06-09
5943.644,5950.043,5896.405,5902.855,6035967500,35629440937212.5,2017-06-12
5895.469,5986.869,5894.225,5980.057,6042416900,36133997479763.3,2017-06-13
5976.014,5992.782,5958.2,5966.431,6092696300,36351652077905.3,2017-06-14
5959.475,6024.376,5959.189,6021.165,6499111000,39132219684315.0,2017-06-15
6016.973,6027.395,6003.262,6013.0,5691259600,34221543974800.0,2017-06-16
6010.939,6057.412,6009.224,6057.412,5923158500,35879011375802.0,2017-06-19
6061.11,6089.812,6058.688,6066.905,6612240800,40115836770724.0,2017-06-20
6074.61,6080.533,6035.274,6078.193,5673042900,34481849643479.703,2017-06-21
6074.366,6094.553,5992.335,5992.335,6922564100,41482323146173.5,2017-06-22
5978.239,6010.314,5923.551,6010.314,6350512400,38168573584893.6,2017-06-23
6013.479,6111.707,6011.859,6111.641,6984617800,42687476515809.8,2017-06-26
6109.37,6128.377,6089.68,6113.166,6231684900,38095324253393.4,2017-06-27
6102.228,6110.348,6075.142,6086.211,6047948200,36809088862270.2,2017-06-28
6089.92,6132.245,6089.92,6116.993,5803528900,35500145656597.7,2017-06-29
6101.365,6139.068,6090.252,6138.156,5352122300,32852161608478.8,2017-06-30
6142.171,6177.395,6129.841,6177.395,6382532200,39427422499619.0,2017-07-03
6169.034,6170.852,6134.879,6146.853,6311419600,38795368502518.8,2017-07-04
6135.713,6193.964,6127.514,6193.964,6862163800,42503995539303.2,2017-07-05
6187.43,6211.965,6149.931,6201.654,8287181400,51394231678035.6,2017-07-06
6182.454,6229.831,6176.743,6226.011,7932830700,49389891199337.7,2017-07-07
6221.525,6236.292,6189.0,6206.557,9037099900,56089275644044.3,2017-07-10
6194.616,6202.203,6128.994,6128.994,7698233000,47182423867602.0,2017-07-11
6124.957,6143.798,6050.65,6132.992,7557950100,46352847499699.2,2017-07-12
6134.751,6172.683,6124.36,6149.934,7913600900,48668123237340.6,2017-07-13
6143.326,6143.459,6107.909,6128.74,6638636000,40686473998640.0,2017-07-14
6108.452,6108.452,5860.78,5876.459,10153616900,59667313414557.1,2017-07-17
5854.072,5938.434,5842.956,5938.434,7656432300,45467217889018.2,2017-07-18
5928.008,6059.532,5917.67,6059.358,10290191400,62351953581121.2,2017-07-19
6052.511,6120.192,6046.41,6099.284,9382877000,57228831560068.0,2017-07-20
6089.658,6136.973,6080.562,6126.108,8313265400,50927961673063.2,2017-07-21
6121.327,6171.819,6117.296,6167.128,9729992400,60006108569827.195,2017-07-24
6159.412,6170.646,6113.561,6153.598,8922430400,54905049864579.2,2017-07-25
6151.854,6162.881,6111.038,6146.703,8875349500,54554137397698.5,2017-07-26
6136.96,6192.938,6105.962,6184.021,10400553800,64317243110829.8,2017-07-27
6170.658,6229.056,6165.992,6215.463,8646787900,53743790261297.695,2017-07-28
6214.657,6299.8,6208.461,6298.0,11333106600,71375905366800.0,2017-07-31
6293.056,6299.156,6261.285,6286.536,10108155700,63545284701655.2,2017-08-01
6289.245,6313.506,6248.356,6251.863,11401201100,71278747312649.3,2017-08-02
6240.152,6288.435,6236.66,6261.968,10015993900,62719833289995.195,2017-08-03
6258.847,6297.116,6224.203,6225.115,12588838600,78366968001439.0,2017-08-04
6227.518,6304.267,6217.289,6303.421,10857231600,68437701669303.6,2017-08-07
6302.026,6322.469,6281.618,6303.716,12038043700,75884408680389.2,2017-08-08
6296.115,6340.375,6285.025,6340.022,11534764800,73130662596825.6,2017-08-09
6322.831,6341.48,6246.658,6289.217,11269947000,70879142261499.0,2017-08-10
6242.488,6275.893,6153.601,6161.19,11786061600,72616164869304.0,2017-08-11
6165.13,6293.352,6165.13,6292.642,8984502300,56536256522076.6,2017-08-14
6291.184,6316.199,6283.544,6314.761,8260366300,52162238956954.305,2017-08-15
6307.171,6323.56,6268.188,6318.799,8961769800,56627622050470.2,2017-08-16
6327.028,6366.252,6312.889,6366.034,9872488600,62848598092212.4,2017-08-17
6324.897,6361.972,6313.151,6347.756,9117455400,57875382220082.41,2017-08-18
6354.096,6404.05,6354.011,6403.78,8652179500,55406654038510.0,2017-08-21
6396.926,6398.565,6362.409,6375.981,8910016600,56810096551284.6,2017-08-22
6359.776,6371.3,6310.01,6322.782,7560985100,47806460492548.2,2017-08-23
6322.628,6329.031,6267.232,6278.59,6756758600,42422916978374.0,2017-08-24
6274.351,6358.887,6274.351,6346.531,7554972700,47947868444703.7,2017-08-25
6348.87,6442.4,6348.87,6424.584,9489340100,60965062577018.4,2017-08-28
6420.568,6439.079,6393.476,6408.157,8770409700,56202162311922.9,2017-08-29
6405.896,6462.757,6405.896,6453.464,9555966100,61669083211570.4,2017-08-30
6451.517,6470.943,6429.743,6470.426,9102916900,58899750185599.41,2017-08-31
6472.948,6530.899,6466.126,6526.505,12111719200,79047195917396.0,2017-09-01
6530.509,6566.101,6519.788,6564.68,11998402500,78765672923700.0,2017-09-04
6561.673,6576.562,6528.113,6571.859,9523207700,62585178232114.305,2017-09-05
6550.061,6610.745,6540.825,6607.118,10547823300,69690713186249.41,2017-09-06
6601.343,6614.102,6553.699,6558.596,10706180700,70217513914297.195,2017-09-07
6554.601,6599.132,6537.041,6574.183,9385159300,61699754722351.9,2017-09-08
6579.886,6650.119,6566.278,6649.628,10254740000,68190206236720.0,2017-09-11
6659.802,6715.394,6628.883,6644.012,14188027500,94265424966330.0,2017-09-12
6635.169,6684.859,6630.503,6684.38,10472243700,70000456343406.0,2017-09-13
6683.473,6701.691,6643.588,6672.185,11396678200,76040745335867.0,2017-09-14
6661.521,6663.51,6603.728,6622.044,10938423400,72434721045429.6,2017-09-15
6616.129,6669.455,6616.129,6669.455,8885059700,59258505841463.5,2017-09-18
6670.966,6681.254,6611.751,6636.02,9351872100,62059210293042.01,2017-09-19
6627.692,6692.712,6613.657,6692.472,10197248600,68244800732539.195,2017-09-20
6684.65,6687.116,6612.046,6612.046,9893749300,65417925484067.805,2017-09-21
6591.15,6592.885,6547.277,6572.01,8523646900,56017492663269.0,2017-09-22
6560.135,6567.998,6484.208,6489.844,7782925000,50509969113700.0,2017-09-25
6484.341,6520.718,6482.286,6520.718,6776594500,44188261734851.0,2017-09-26
6523.495,6589.735,6522.204,6583.14,7517127200,49486300755408.0,2017-09-27
6577.432,6599.127,6565.883,6567.792,7462589200,49012733647046.41,2017-09-28
6572.45,6611.653,6572.45,6603.259,7093629400,46841072178214.6,2017-09-29
6682.577,6696.666,6657.531,6678.371,8641966900,57714261127919.9,2017-10-09
6677.372,6705.718,6658.862,6705.481,8700518600,58341162162446.6,2017-10-10
6702.69,6703.583,6661.088,6666.47,9074605300,60495583994291.0,2017-10-11
6658.13,6674.384,6611.975,6659.096,7796096200,51914953021035.195,2017-10-12
6660.026,6711.931,6659.879,6709.816,7292562100,48931749859573.6,2017-10-13
6709.874,6709.874,6609.619,6619.206,8587104800,56839815614788.805,2017-10-16
6604.33,6644.752,6589.542,6612.943,5941924700,39293609351392.1,2017-10-17
6612.489,6630.669,6557.66,6563.437,7337096600,48156571297014.2,2017-10-18
6553.868,6562.353,6494.731,6501.4,7261579000,47210429710600.0,2017-10-19
6489.79,6571.442,6485.805,6571.424,6047931600,39743522866598.4,2017-10-20
6569.786,6613.031,6562.906,6612.764,6048195300,39995288144809.2,2017-10-23
6605.521,6605.899,6556.345,6603.004,5917131400,39070842302725.6,2017-10-24
6596.791,6648.387,6593.075,6647.892,5864690200,38987827063058.4,2017-10-25
6639.887,6686.119,6630.975,6671.929,7490589400,49976680644952.6,2017-10-26
6664.429,6673.466,6622.124,6630.807,6792114100,45037197719078.695,2017-10-27
6621.779,6629.3,6460.048,6511.762,8376417500,54545237172635.0,2017-10-30
6496.687,6560.253,6496.687,6560.205,6226143600,40844778375438.0,2017-10-31
6559.522,6586.132,6547.85,6552.955,6463277600,42353567265308.0,2017-11-01
6541.61,6541.61,6476.373,6484.926,6755234700,43807197142132.2,2017-11-02
6477.824,6491.048,6395.458,6426.98,6825710200,43868702941196.0,2017-11-03
6432.074,6512.135,6408.36,6511.096,6671760000,43440469848960.0,2017-11-06
6508.206,6552.259,6498.393,6551.936,7237767400,47421388787686.4,2017-11-07
6544.59,6601.467,6534.159,6561.69,7380679800,48429732836862.0,2017-11-08
6562.358,6611.386,6558.49,6611.352,6881846600,45498310282603.195,2017-11-09
6599.65,6647.228,6593.033,6641.216,8001249700,53138027527635.2,2017-11-10
6644.692,6671.256,6624.671,6671.205,8459671200,56436200807796.0,2017-11-13
6664.612,6673.75,6588.253,6614.514,8474906100,56057385047135.4,2017-11-14
6592.758,6603.508,6505.992,6537.656,7394918100,48345430685973.6,2017-11-15
6529.314,6570.276,6511.903,6558.309,6794015900,44557255623113.1,2017-11-16
6549.224,6555.746,6359.518,6361.942,8901897200,56633353676362.4,2017-11-17
6330.905,6433.779,6239.321,6433.17,7006670500,45075102460485.0,2017-11-20
6420.388,6473.701,6397.358,6456.352,6775458000,43744741809216.0,2017-11-21
6456.324,6483.628,6391.456,6439.442,7089592400,45653019063440.8,2017-11-22
6427.576,6427.576,6274.512,6274.512,7500973200,47064946355078.4,2017-11-23
6250.057,6307.89,6243.963,6278.029,5904905600,37071168599062.41,2017-11-24
6269.226,6279.588,6186.034,6194.552,5940749100,36800279218903.195,2017-11-27
6188.089,6299.312,6188.089,6299.312,5647823400,35577401717500.8,2017-11-28
6293.246,6329.177,6245.06,6318.368,7656391500,48375899049072.0,2017-11-29
6303.918,6322.044,6248.183,6263.421,6088335500,38133808425745.5,2017-11-30
6259.956,6323.835,6256.228,6316.407,5474628200,34579979884877.402,2017-12-01
6311.216,6334.871,6272.669,6279.621,6018816900,37795889000394.9,2017-12-04
6265.787,6279.393,6099.407,6132.912,6969023200,42740406011558.4,2017-12-05
6116.161,6173.351,6053.241,6172.803,6026721300,37201763320803.9,2017-12-06
6156.351,6182.753,6130.834,6135.47,5309797200,32578101426684.0,2017-12-07
6128.121,6217.573,6126.377,6203.143,5557924400,34476599836389.2,2017-12-08
6214.645,6286.5,6214.645,6286.166,6111290600,38416587185839.6,2017-12-11
6281.139,6290.847,6233.212,6233.212,5661439700,35288953875316.41,2017-12-12
6224.782,6277.725,6217.787,6277.441,5035200100,31608171550944.098,2017-12-13
6273.607,6288.502,6247.677,6284.081,5575924000,35039558065844.0,2017-12-14
6274.098,6278.926,6214.647,6235.761,6193811200,38623126322323.2,2017-12-15
6229.742,6247.592,6179.028,6199.989,5377219000,33338698650590.996,2017-12-18
6200.934,6251.492,6200.707,6251.242,5263930800,32906105302053.6,2017-12-19
6244.062,6246.91,6188.324,6199.363,5781453200,35841327054311.6,2017-12-20
6191.781,6255.843,6148.817,6238.499,5924585900,36960523212564.1,2017-12-21
6236.226,6269.314,6235.226,6242.885,5501064400,34342512426794.0,2017-12-22
6244.864,6257.021,6170.682,6185.591,6126471200,37895845116479.2,2017-12-25
6179.56,6220.499,6148.104,6220.147,5767165600,35872617805343.2,2017-12-26
6213.243,6228.883,6168.131,6173.153,6419752900,39630116873893.7,2017-12-27
6163.964,6219.539,6157.105,6204.27,6587754200,40872205750434.0,2017-12-28
6201.455,6250.821,6201.455,6250.821,5716563100,35733212673305.1,2017-12-29
6263.151,6332.609,6258.156,6332.227,7303223500,46245669033734.5,2018-01-02
6331.72,6391.98,6324.26,6388.253,8393674500,53620916305648.5,2018-01-03
6380.267,6418.256,6375.513,6417.535,8054369000,51689194960415.0,2018-01-04
6414.766,6435.854,6397.293,6417.254,8158101800,52352611408457.2,2018-01-05
6413.873,6446.788,6393.882,6446.182,8947692900,57678456913507.8,2018-01-08
6441.684,6449.035,6425.027,6445.746,7557321700,48712576118488.2,2018-01-09
6443.461,6444.309,6361.095,6405.94,8096697400,51866957742556.0,2018-01-10
6391.904,6432.44,6371.544,6425.94,7877007100,50617175004174.0,2018-01-11
6418.827,6435.195,6387.782,6399.374,7783455800,49809244676669.195,2018-01-12
6391.366,6392.517,6236.563,6253.376,9147403200,57202151633203.2,2018-01-15
6245.153,6301.405,6245.113,6301.133,7916973400,49885902350862.195,2018-01-16
6288.017,6288.144,6202.315,6267.46,8419550300,52769194723238.0,2018-01-17
6253.061,6295.777,6253.061,6286.801,6501529300,40873820904769.305,2018-01-18
6284.596,6316.998,6261.235,6272.38,7180674200,45039917238596.0,2018-01-19
6264.755,6347.815,6248.314,6347.638,7276116900,46186156126882.2,2018-01-22
6342.688,6362.58,6330.456,6354.998,6675388600,42422081202222.8,2018-01-23
6353.298,6395.572,6322.92,6394.3,7734772700,49458457075610.0,2018-01-24
6386.799,6424.351,6380.838,6382.717,8108293700,51752944039982.9,2018-01-25
6374.1,6401.484,6368.901,6383.631,6900454900,44049957813741.9,2018-01-26
6385.037,6398.97,6295.895,6309.884,8403116100,53022687829532.4,2018-01-29
6301.348,6330.537,6300.456,6313.442,7069968800,44635837960609.6,2018-01-30
6277.742,6277.742,6170.161,6189.341,8073349500,49968713067679.5,2018-01-31
6180.999,6196.715,5984.284,5984.743,9496852400,56836220922933.2,2018-02-01
5937.62,6006.475,5844.464,6004.849,8374756100,50289145792328.9,2018-02-02
5927.737,6016.157,5907.469,5998.224,7404651900,44414760738225.6,2018-02-05
5886.346,5920.74,5702.85,5704.264,9234070900,52673578208317.6,2018-02-06
5805.965,5831.811,5630.087,5711.332,8523599700,48681107721800.41,2018-02-07
5695.666,5786.785,5691.292,5766.48,6244479700,36008667300456.0,2018-02-08
5631.96,5663.104,5490.625,5554.897,8431884200,46838248246927.4,2018-02-09
5581.711,5714.818,5581.711,5699.098,5724649400,32625337946241.2,2018-02-12
5731.147,5789.698,5727.754,5736.951,5720863400,32820313003493.4,2018-02-13
5741.884,5761.769,5712.879,5754.834,4139822200,23823989550514.8,2018-02-14
5800.949,5875.759,5797.908,5875.727,5963610700,35040548407478.9,2018-02-22
5877.716,5902.936,5848.523,5897.677,6214785000,36652794554445.0,2018-02-23
5926.421,6032.136,5917.617,6029.68,8307398700,50090955793416.0,2018-02-26
6025.883,6042.389,6000.881,6010.557,7702215800,46294607092200.6,2018-02-27
5967.898,6044.069,5939.643,6023.677,7098691700,42760225923380.9,2018-02-28
5987.359,6090.995,5974.118,6090.225,7310177300,44520624546892.5,2018-03-01
6053.477,6094.798,6044.259,6056.335,7343482900,44474592509171.5,2018-03-02
6066.683,6080.97,6031.98,6064.098,6732469300,40826353617191.4,2018-03-05
6077.369,6145.851,6070.721,6145.577,8349576700,51312966527255.9,2018-03-06
6133.947,6149.097,6082.584,6086.487,7459412900,45401619643482.3,2018-03-07
6073.671,6131.705,6073.671,6131.514,6788991100,41626793975525.4,2018-03-08
6131.125,6211.278,6131.015,6206.975,8592834100,53335506437847.5,2018-03-09
6230.813,6295.781,6230.391,6295.778,9766227600,61486000867072.805,2018-03-12
6285.802,6297.432,6251.399,6254.146,8480475800,53038133802666.8,2018-03-13
6234.242,6253.172,6185.178,6189.317,7546663300,46708691455966.1,2018-03-14
6172.853,6203.242,6117.597,6180.111,7217392100,44604284308523.1,2018-03-15
6181.381,6205.868,6146.306,6146.306,6507353400,39996185246540.4,2018-03-16
6142.52,6186.614,6118.295,6153.834,6723321400,41374203824247.6,2018-03-19
6109.605,6176.496,6091.504,6173.698,6747566200,41657435953807.6,2018-03-20
6182.109,6224.556,6125.135,6129.204,7948716100,48719302514984.4,2018-03-21
6130.048,6161.375,6074.657,6101.228,6740744100,41126816643754.8,2018-03-22
5913.368,5978.423,5722.773,5787.152,12136706100,70236962980027.2,2018-03-23
5715.352,5902.959,5675.366,5902.959,8477291300,50041102974956.695,2018-03-26
5956.236,6043.053,5956.236,6034.775,8919927100,53829753064902.5,2018-03-27
5962.564,6036.158,5949.104,5973.341,7529909400,44978716545305.41,2018-03-28
5993.972,6040.862,5967.634,6034.857,6881373500,41528105036089.5,2018-03-29
6052.176,6115.273,6051.021,6114.738,7304648900,44666014205488.2,2018-03-30
6127.233,6169.299,6113.339,6121.964,8543383300,52302285000801.2,2018-04-02
6039.068,6066.444,6008.509,6059.709,7174988300,43478341176404.695,2018-04-03
6077.647,6098.838,6011.152,6017.686,6726019800,40475075186182.8,2018-04-04
5994.347,6053.969,5954.537,6025.649,6485182000,39077430433118.0,2018-04-09
6032.489,6064.386,5992.997,6063.742,6942099000,42095097274458.0,2018-04-10
6082.032,6110.177,6073.22,6086.613,6624885900,40323116642456.7,2018-04-11
6073.766,6091.983,6039.564,6051.335,6052424000,36625245186040.0,2018-04-12
6073.835,6093.347,6018.007,6027.187,5415763600,32641819964993.2,2018-04-13
6018.169,6053.987,5966.196,6012.405,7098586100,42679574560570.5,2018-04-16
6024.554,6038.249,5886.023,5890.857,7192025800,42367195528110.6,2018-04-17
5925.84,5981.337,5826.651,5970.658,7620171200,45497436136649.6,2018-04-18
5965.237,6041.986,5962.714,6004.733,7599855600,45635103716554.805,2018-04-19
5984.064,5999.011,5872.504,5880.836,7239138900,42572188652120.4,2018-04-20
5885.612,5913.568,5761.972,5823.921,6395239900,37245371953647.9,2018-04-23
5825.452,5957.83,5825.452,5957.193,6795411800,40481579607077.4,2018-04-24
5929.405,5968.879,5919.523,5959.422,6038279000,35984652714738.0,2018-04-25
5951.192,5955.262,5846.08,5847.977,6263839400,36630788742893.8,2018-04-26
5865.442,5886.004,5808.783,5860.984,5599782200,32820233877684.8,2018-04-27
5861.841,5894.46,5817.387,5855.323,6314702700,36974623957472.1,2018-05-02
5843.09,5911.087,5779.73,5910.606,6760449000,39958350422094.0,2018-05-03
5891.12,5939.952,5883.705,5909.294,5546404700,32775336015281.8,2018-05-04
5921.313,6023.193,5918.379,6019.141,6403335800,38542581050547.8,2018-05-07
6023.583,6042.068,6012.127,6041.814,6219466600,37576860376412.4,2018-05-08
6034.456,6042.906,6002.388,6029.233,5412415300,32632712936464.902,2018-05-09
6036.006,6052.709,5999.951,6040.572,5831066500,35222977030038.0,2018-05-10
6044.983,6052.542,5989.428,5991.342,6384725300,38253072848352.6,2018-05-11
5982.471,6008.888,5951.675,5967.554,5979819200,35684893986236.8,2018-05-14
5972.162,6021.016,5947.457,6020.57,5472154600,32945489820122.0,2018-05-15
6002.754,6045.034,5991.375,6004.07,5833864000,35026927826480.0,2018-05-16
6000.741,6010.296,5959.731,5973.779,5299727300,31659399650466.703,2018-05-17
5968.56,6000.948,5932.13,5995.15,5786827400,34692898287109.996,2018-05-18
6034.426,6080.822,6034.058,6072.199,7072245100,42944079623974.9,2018-05-21
6066.251,6092.907,6052.09,6092.907,6226685200,37938613841876.4,2018-05-22
6080.726,6081.533,6012.417,6013.847,6784586800,40801466973419.6,2018-05-23
6014.021,6028.502,5986.723,5992.621,5371180800,32187450856876.8,2018-05-24
5983.94,5992.48,5909.045,5917.798,5779380900,34201208731258.2,2018-05-25
5910.482,5938.072,5858.272,5891.263,5781012200,34057463276408.598,2018-05-28
5884.59,5921.72,5832.552,5835.446,5617992900,32783494196333.4,2018-05-29
5759.449,5778.042,5675.912,5682.588,6852788500,38941573696638.0,2018-05-30
5722.948,5760.204,5672.183,5754.475,5600885400,32230155012165.004,2018-05-31
5729.918,5759.498,5654.84,5685.116,5383357100,30605009582923.6,2018-06-01
5692.97,5707.493,5652.136,5683.149,4675028200,26568881839801.8,2018-06-04
5681.216,5779.862,5680.494,5779.078,4741047000,27398880414666.004,2018-06-05
5770.714,5784.606,5748.701,5774.258,4818250800,27821823227906.4,2018-06-06
5786.46,5798.33,5734.635,5738.018,4737619100,27184543672943.8,2018-06-07
5731.839,5731.839,5630.658,5669.303,5292555500,30005100773816.5,2018-06-08
5657.649,5672.628,5612.866,5632.357,4310969100,24280916987168.7,2018-06-11
5638.348,5693.613,5594.923,5693.346,4664535800,26556816238786.797,2018-06-12
5678.809,5679.674,5605.545,5607.017,4923421400,27605707487963.8,2018-06-13
5590.568,5645.194,5570.834,5586.931,4441970900,24816984922307.9,2018-06-14
5582.84,5593.687,5448.075,5483.945,5644857400,30956087514443.0,2018-06-15
5396.685,5409.411,5070.218,5141.71,8298635300,42669176108363.0,2018-06-19
5114.061,5222.883,5090.221,5198.394,6032941700,31361607935629.8,2018-06-20
5196.13,5244.653,5086.931,5089.252,6324047800,32184672914245.6,2018-06-21
5052.436,5165.035,5017.509,5160.123,5168920600,26672266073233.797,2018-06-22
5196.648,5211.761,5121.209,5125.033,4786081100,24528823578176.3,2018-06-25
5059.383,5170.167,5044.243,5160.283,5106658700,26351804076412.1,2018-06-26
5159.622,5188.202,5089.711,5109.498,4985784100,25474853887381.797,2018-06-27
5097.509,5150.655,5050.324,5055.109,4776751800,24147001014946.203,2018-06-28
5061.089,5218.906,5054.053,5217.764,5723493700,29863839382086.8,2018-06-29
5216.853,5238.638,5100.875,5138.783,5524892900,28391225711340.703,2018-07-02
5138.548,5203.365,5054.657,5197.131,6142423300,31922978547552.3,2018-07-03
5171.19,5180.274,5102.782,5121.344,5385995100,27583533689414.4,2018-07-04
5109.143,5126.474,4981.779,4982.763,5292741400,26372476016488.2,2018-07-05
4981.983,5061.044,4897.258,4996.63,6134025500,30649455834065.0,2018-07-06
5007.213,5107.875,5007.213,5107.551,5293715900,27037923938760.902,2018-07-09
5114.122,5141.713,5094.286,5136.533,5222766900,26826914533157.703,2018-07-10
5060.072,5070.486,4973.988,5036.157,5891526200,29670650912813.402,2018-07-11
5029.294,5184.024,5029.294,5172.503,6808956600,35219348440369.8,2018-07-12
5174.509,5207.36,5167.159,5204.186,5635421000,29327779072306.0,2018-07-13
5201.528,5216.564,5170.222,5195.2,5166737200,26842233101440.0,2018-07-16
5189.149,5196.197,5132.206,5196.197,4824332200,25068180504643.402,2018-07-17
5198.89,5220.176,5156.636,5156.636,5525713400,28494092644122.402,2018-07-18
5153.377,5179.727,5088.124,5111.327,5048393400,25803989492041.8,2018-07-19
5105.652,5184.874,5072.165,5175.252,5786851400,29948414281552.8,2018-07-20
5146.619,5214.381,5132.383,5214.004,6848431500,35707749234726.0,2018-07-23
5213.394,5315.671,5211.942,5304.641,8820181600,46787896942805.59,2018-07-24
5308.015,5332.616,5294.42,5308.657,7485086000,39735754189502.0,2018-07-25
5307.304,5318.881,5262.311,5273.479,7512024000,39614500811496.0,2018-07-26
5270.232,5281.351,5230.102,5249.29,6171588700,32396458847023.0,2018-07-27
5244.772,5255.188,5167.402,5185.151,6083602400,31544397067962.4,2018-07-30
5182.827,5208.38,5163.661,5188.717,4949635600,25682258381525.2,2018-07-31
5198.456,5233.501,5105.374,5105.374,6036948500,30820879911239.0,2018-08-01
5094.342,5094.342,4887.502,4996.012,7439032500,37165495638390.0,2018-08-02
4982.894,5008.24,4929.75,4929.75,5073579700,25011479526075.0,2018-08-03
4919.502,4941.177,4798.85,4825.251,5245522000,25310960276022.0,2018-08-06
4836.313,4956.872,4797.453,4956.872,5914578000,29317806080016.0,2018-08-07
4940.779,4952.419,4877.664,4880.569,5808305100,28347833813601.902,2018-08-08
4862.154,5030.162,4856.482,5004.773,6826483300,34164999304790.902,2018-08-09
5000.049,5037.493,4990.83,5030.515,5318501200,26754800064118.0,2018-08-10
4981.343,5064.022,4958.888,5055.275,5572265200,28169332958929.996,2018-08-13
5043.89,5061.406,5016.322,5037.883,4637591200,23363641867429.598,2018-08-14
5035.566,5038.775,4929.198,4932.806,5334998500,26316512610790.996,2018-08-15
4876.695,4943.2,4836.051,4888.371,5239384400,25612054758812.402,2018-08-16
4923.435,4941.101,4793.767,4803.029,5170797400,24835489865324.6,2018-08-17
4794.237,4832.909,4736.559,4832.651,5163111200,24951514503791.2,2018-08-20
4831.209,4901.117,4816.853,4891.98,4973790400,24331683160991.996,2018-08-21
4877.012,4878.819,4829.605,4837.018,4392226700,21245279607980.6,2018-08-22
4832.007,4885.811,4821.111,4863.665,4726381100,22987534332731.5,2018-08-23
4853.865,4880.891,4831.887,4852.289,4389810000,21300626775090.0,2018-08-24
4859.125,4964.451,4859.125,4960.066,5854579900,29039102706273.4,2018-08-27
4964.734,4983.94,4954.166,4974.207,5346544000,26594816590608.0,2018-08-28
4972.085,4974.164,4929.459,4941.961,5327221200,26326919408773.203,2018-08-29
4937.651,4952.608,4861.056,4867.121,5415846200,26359578772790.2,2018-08-30
4854.965,4862.444,4805.207,4814.824,4801205400,23116958988849.598,2018-08-31
4808.379,4840.152,4754.81,4838.873,5290260200,25598897244754.598,2018-09-03
4833.879,4905.016,4828.524,4890.281,6102491400,29842897746083.4,2018-09-04
4877.114,4886.273,4814.957,4815.034,5840354300,28121504526546.2,2018-09-05
4800.935,4849.176,4773.878,4793.345,4586849400,21986351637243.0,2018-09-06
4796.836,4867.534,4759.492,4791.778,5360007200,25683964580801.6,2018-09-07
4792.599,4794.014,4701.289,4704.878,5132647500,24148480304505.0,2018-09-10
4702.835,4738.259,4669.418,4702.903,4996800700,23499469002432.1,2018-09-11
4700.9,4733.583,4681.127,4693.974,4254088200,19968579404506.8,2018-09-12
4727.43,4752.897,4655.214,4721.212,5569210200,26293422026762.402,2018-09-13
4720.778,4724.003,4669.943,4670.08,5644793000,26361634893440.0,2018-09-14
4649.95,4649.95,4586.316,4602.39,4933894600,22707707168094.0,2018-09-17
4588.234,4684.289,4584.434,4683.506,5443232600,25493412541495.6,2018-09-18
4673.948,4772.952,4664.13,4736.893,6705585600,31763641489540.8,2018-09-19
4734.482,4761.408,4723.305,4733.481,5639897400,26696347184849.4,2018-09-20
4743.805,4813.29,4721.688,4805.215,6589519600,31664058424714.0,2018-09-21
4774.792,4810.343,4763.206,4792.551,5265424000,25234813056624.004,2018-09-25
4794.07,4841.704,4782.391,4815.631,6471955600,31166550017983.6,2018-09-26
4812.645,4817.617,4754.277,4755.38,6143767200,29215947667536.0,2018-09-27
4762.335,4802.158,4746.177,4800.729,5726864000,27493122083856.0,2018-09-28
4722.418,4737.289,4639.4,4646.493,6327566400,29400992984635.203,2018-10-08
4652.488,4685.218,4612.635,4634.894,5043745400,23377225291987.6,2018-10-09
4634.639,4655.546,4586.886,4629.888,5133963700,23769676927065.598,2018-10-10
4483.266,4503.198,4274.7,4307.421,9056360100,39009555678302.1,2018-10-11
4267.356,4300.006,4136.629,4278.035,8152514900,34876744080221.5,2018-10-12
4283.356,4317.71,4195.831,4199.153,6229184800,26157300040474.402,2018-10-15
4193.379,4221.342,4076.871,4099.683,6107665900,25039494059909.7,2018-10-16
4147.346,4167.76,4038.424,4133.383,6952388100,28736882781942.297,2018-10-17
4104.334,4104.334,4013.649,4018.461,5978391100,24023931478097.098,2018-10-18
3958.446,4130.933,3948.559,4127.985,6956157800,28714915056032.996,2018-10-19
4165.757,4375.599,4165.757,4333.145,9295831900,40280187518325.51,2018-10-22
4336.446,4350.729,4228.329,4253.556,7466806500,31760479588913.996,2018-10-23
4233.838,4297.371,4207.165,4245.488,6282348200,26671633894921.6,2018-10-24
4124.185,4240.584,4103.56,4234.421,6968720600,29508496851772.6,2018-10-25
4260.91,4294.555,4217.79,4233.959,6798362100,28783986398553.9,2018-10-26
4220.635,4227.644,4144.806,4162.526,5745157000,23914365386582.0,2018-10-29
4145.397,4233.794,4096.136,4204.542,7283465000,30623634498030.004,2018-10-30
4207.759,4298.243,4204.36,4272.552,7468776500,31910735972627.996,2018-10-31
4299.46,4367.73,4294.867,4298.984,8605914200,36996687451172.805,2018-11-01
4366.734,4437.982,4360.875,4437.946,9689216800,43000220940692.8,2018-11-02
4427.632,4466.136,4375.041,4440.827,8777727700,38980370168807.9,2018-11-05
4427.357,4440.105,4385.327,4438.097,6980304900,30979270235775.297,2018-11-06
4437.722,4479.694,4414.07,4415.136,7808636800,34476193446604.805,2018-11-07
4442.656,4450.982,4379.883,4382.329,7214535500,31616468143179.496,2018-11-08
4363.214,4396.393,4348.812,4368.614,6742496000,29455362420543.996,2018-11-09
4360.632,4481.774,4354.468,4481.688,8699053600,38986444130476.805,2018-11-12
4430.95,4588.496,4422.948,4563.535,12871036300,58737424641320.5,2018-11-13
4551.797,4600.129,4534.524,4545.509,11259883000,51181899515447.0,2018-11-14
4540.881,4619.814,4539.956,4619.814,9830520000,45415173923280.0,2018-11-15
4625.004,4691.561,4609.832,4659.097,11067182400,51563076318292.8,2018-11-16
4660.475,4677.967,4612.484,4670.737,11101510600,51852236315312.2,2018-11-19
4629.126,4645.9,4535.874,4537.449,10312422500,46792091160202.49,2018-11-20
4483.378,4564.534,4476.416,4554.675,9015662700,41063413508122.5,2018-11-21
4562.642,4583.373,4528.241,4551.326,7527499300,34260103279071.8,2018-11-22
4542.11,4547.515,4365.349,4374.764,9207482800,40280564284059.2,2018-11-23
4371.424,4408.114,4347.747,4367.462,6858469900,29954106666393.805,2018-11-26
4393.29,4416.357,4361.023,4387.652,6235271000,27358199273692.0,2018-11-27
4389.832,4441.857,4333.055,4441.857,7250793100,32206986086786.7,2018-11-28
4462.793,4473.307,4344.9,4345.703,7710248100,33506448298914.305,2018-11-29
4334.041,4385.003,4291.811,4376.651,6384878900,27944386622563.9,2018-11-30
4483.663,4536.832,4460.388,4515.174,9626575200,43465662052084.8,2018-12-03
4506.247,4538.423,4492.057,4536.21,7628021300,34602306501273.0,2018-12-04
4456.198,4532.279,4445.973,4502.702,7427597300,33444257217904.6,2018-12-05
4476.81,4483.316,4405.836,4411.088,6604759600,29134175814444.797,2018-12-06
4419.609,4432.33,4397.424,4410.959,5175505400,22828942123678.598,2018-12-07
4381.38,4396.405,4350.227,4359.312,5394034800,23514280632057.598,2018-12-10
4373.027,4398.063,4365.118,4395.57,5043078100,22167202804017.0,2018-12-11
4408.914,4417.604,4381.324,4393.324,4809361200,21129081984628.797,2018-12-12
4405.086,4471.257,4378.46,4443.157,6361391000,28264658951387.0,2018-12-13
4436.002,4439.046,4331.379,4337.103,6578654600,28532302601623.8,2018-12-14
4322.594,4341.203,4285.214,4330.647,5150281500,22304051127130.5,2018-12-17
4308.048,4339.404,4266.452,4307.268,5130347800,22097782907810.4,2018-12-18
4311.279,4315.108,4245.15,4247.899,4626017400,19650854687442.6,2018-12-19
4240.373,4274.012,4225.135,4259.761,4696785200,20007182420337.203,2018-12-20
4246.429,4260.289,4204.486,4231.144,4711042500,19933099207620.0,2018-12-21
4227.354,4276.975,4215.023,4274.722,4184194100,17886266571540.2,2018-12-24
4233.543,4244.952,4132.764,4225.512,6038367300,25515193486557.598,2018-12-25
4218.662,4241.351,4194.305,4208.405,4503293300,18951682040186.5,2018-12-26
4263.335,4272.808,4159.766,4161.27,5421939300,22562153350911.004,2018-12-27
4168.94,4192.696,4138.935,4168.036,4996418500,20825252179066.0,2018-12-28
4176.11,4179.723,4125.936,4131.957,4749444900,19624502100669.3,2019-01-02
4131.695,4182.198,4110.527,4112.807,5549124400,22822477676190.8,2019-01-03
4075.622,4210.879,4071.69,4210.879,7344873700,30928374420982.3,2019-01-04
4235.035,4297.024,4223.459,4288.323,8115345000,34801220616435.004,2019-01-07
4278.28,4289.628,4264.6,4277.297,6955693700,29751567795928.9,2019-01-08
4286.231,4354.199,4280.656,4288.772,8515359500,36520435393534.0,2019-01-09
4289.559,4319.494,4274.196,4281.861,6891088900,29506684808442.9,2019-01-10
4282.394,4316.541,4267.289,4314.876,6835508500,29494371574446.0,2019-01-11
4317.524,4325.947,4278.761,4286.547,6767961400,29011184635285.797,2019-01-14
4282.986,4350.934,4271.636,4347.356,7200518100,31303215565143.598,2019-01-15
4347.076,4364.096,4330.744,4336.878,6927474400,30043611320923.2,2019-01-16
4334.631,4347.179,4297.668,4303.731,7456211300,32089527714360.297,2019-01-17
4307.139,4351.438,4297.477,4347.811,8337161100,36248400739352.09,2019-01-18
4354.7,4395.063,4352.81,4373.633,7278153100,31831970577212.297,2019-01-21
4370.857,4370.857,4291.962,4308.252,6949667200,29940917613734.402,2019-01-22
4298.938,4322.89,4292.087,4315.685,5848573500,25240600925347.504,2019-01-23
4318.709,4363.218,4292.83,4338.17,7063030500,30640627024185.0,2019-01-24
4341.413,4359.464,4315.953,4318.442,7165747800,30944866260927.6,2019-01-25
4341.492,4370.898,4297.963,4307.22,6727993500,28978948163070.0,2019-01-28
4301.469,4301.469,4188.594,4254.288,7775372700,33078674773137.598,2019-01-29
4235.275,4266.881,4211.191,4211.624,5851377000,24643799806248.0,2019-01-30
4203.977,4240.716,4151.414,4176.474,7151120500,29866468839117.0,2019-01-31
4189.11,4295.038,4189.11,4294.27,6609967700,28384985995079.004,2019-02-01
4306.201,4403.728,4306.201,4402.867,7529735600,33152424391965.203,2019-02-11
4398.443,4452.501,4394.834,4439.485,8527115600,37856001799466.0,2019-02-12
4442.728,4526.27,4433.027,4512.409,11321890300,51088999686732.695,2019-02-13
4507.841,4555.233,4494.552,4532.17,9482853300,42977903240661.0,2019-02-14
4523.945,4544.386,4497.386,4502.735,9351160700,42105798574514.5,2019-02-15
4527.969,4660.999,4527.969,4660.999,12412400400,57854185851999.59,2019-02-18
4683.325,4706.525,4614.278,4667.284,14387476800,67150440269011.195,2019-02-19
4667.353,4677.978,4619.46,4667.624,12021312900,56110968603549.59,2019-02-20
4666.281,4750.418,4643.11,4659.143,14595111300,68000710647615.9,2019-02-21
4651.538,4777.298,4649.216,4777.298,14616614200,69827921784431.59,2019-02-22
4840.543,5045.076,4835.483,5044.347,24178357900,121964027137791.3,2019-02-25
5059.284,5149.623,5004.552,5038.544,26283326500,132429697036616.0,2019-02-26
5027.388,5093.795,4964.623,5017.884,20885408700,104800558149190.8,2019-02-27
5017.44,5072.669,4994.05,5025.291,15604287700,78416086540220.7,2019-02-28
5047.228,5067.307,4984.993,5067.225,14982833000,75921385948425.0,2019-03-01
5112.952,5253.388,5108.282,5158.247,23244686400,119901833888740.81,2019-03-04
5146.62,5295.288,5125.154,5295.288,20689126100,109554881167816.8,2019-03-05
5328.128,5395.554,5256.793,5390.029,26496431800,142816535798522.22,2019-03-06
5381.227,5512.644,5353.574,5458.615,26696722000,145727127160030.0,2019-03-07
5340.106,5480.173,5245.531,5245.7,28568024900,149859288217930.0,2019-03-08
5279.751,5456.42,5272.19,5456.381,21425221300,116904170422115.31,2019-03-11
5500.936,5591.686,5458.76,5551.003,24933399300,138405374314497.89,2019-03-12
5557.156,5557.156,5388.246,5424.864,22434923600,121706409380390.39,2019-03-13
5381.11,5432.521,5236.753,5298.502,17860867900,94635844289885.81,2019-03-14
5328.809,5418.329,5308.062,5359.009,15284646500,81910558155318.5,2019-03-15
5387.376,5501.183,5333.256,5501.183,17265525500,94980815366666.5,2019-03-18
5505.699,5555.123,5486.799,5522.18,16671393100,92062433548958.0,2019-03-19
5518.309,5533.053,5415.755,5515.786,17682073500,97530533462271.0,2019-03-20
5525.992,5634.662,5513.392,5589.478,20715004500,115786061922651.0,2019-03-21
5591.043,5625.095,5505.806,5622.14,18195482300,102297548858122.0,2019-03-22
5521.251,5629.228,5507.358,5549.671,17843293700,99024409591372.7,2019-03-25
5571.525,5589.413,5380.854,5394.879,17616473000,95038740241767.0,2019-03-26
5431.978,5447.88,5333.785,5447.88,14495660800,78970620559104.0,2019-03-27
5432.944,5487.765,5370.123,5370.123,14926108200,80155036945308.6,2019-03-28
5370.421,5550.76,5346.214,5547.656,17833301700,98933023175815.2,2019-03-29
5591.665,5763.581,5591.665,5757.838,22118163100,127352799987377.8,2019-04-01
5794.788,5833.022,5750.33,5775.55,22875028400,132115870275620.0,2019-04-02
5744.222,5843.468,5724.126,5836.037,19910476300,116198276374423.11,2019-04-03
5868.392,5894.988,5813.462,5871.558,20883485900,122618598704032.2,2019-04-04
5921.211,5939.498,5765.907,5847.63,23831746600,139359236370558.0,2019-04-08
5834.29,5877.84,5798.374,5858.046,17936350200,105071964543709.2,2019-04-09
5826.026,5906.427,5782.369,5850.761,17875360700,104584463244492.7,2019-04-10
5852.636,5866.922,5720.552,5727.175,16587607300,95000129838377.5,2019-04-11
5720.048,5749.337,5673.745,5714.368,14007834100,80045918930348.81,2019-04-12
5795.501,5815.392,5654.344,5655.983,15775413600,89225471139568.8,2019-04-15
5625.122,5777.011,5583.614,5777.011,15602963200,90138490038995.2,2019-04-16
5776.635,5840.625,5757.995,5807.729,16980015500,98615328439799.5,2019-04-17
5804.301,5826.674,5762.568,5775.171,15132250500,87391334252335.5,2019-04-18
5762.501,5810.18,5710.795,5810.18,14872428900,86411488946202.0,2019-04-19
5821.023,5824.521,5704.977,5723.042,15816102600,90516219456109.2,2019-04-22
5710.733,5710.733,5610.735,5628.062,14987146100,84348587453858.2,2019-04-23
5636.402,5682.479,5568.408,5679.726,13478441200,76553852923111.2,2019-04-24
5652.006,5662.79,5457.825,5458.419,15140171800,82641401416384.2,2019-04-25
5427.623,5496.035,5407.194,5408.031,12427988000,67210944371628.0,2019-04-26
5405.164,5421.657,5252.049,5265.601,13867238700,73019345965958.69,2019-04-29
5244.045,5349.944,5244.045,5307.56,10219034000,54238136097040.01,2019-04-30
5122.47,5125.162,4874.643,4908.798,14338623300,70385405377793.39,2019-05-06
4933.043,4990.194,4886.057,4973.404,11657368700,57976804122054.805,2019-05-07
4865.788,5028.526,4842.56,4947.742,10773812100,53306042627278.2,2019-05-08
4897.978,4955.784,4879.695,4888.413,9093465600,44452615454092.8,2019-05-09
4940.481,5064.323,4842.607,5064.323,12217748300,61874623723900.91,2019-05-10
5009.475,5040.504,4985.188,5005.904,9173639400,45922358167017.6,2019-05-13
4942.394,5018.413,4941.927,4965.612,8754096900,43469448615802.8,2019-05-14
5002.605,5086.73,4999.337,5076.555,9746386000,49478064580230.0,2019-05-15
5071.109,5118.445,5059.207,5108.359,10442216600,53342591148559.41,2019-05-16
5112.241,5116.993,4923.673,4942.579,11907121300,58851887687832.695,2019-05-17
4937.177,4947.746,4835.809,4923.559,9568649700,47111811348282.305,2019-05-20
4917.342,5026.284,4904.823,5009.873,10083707300,50518092942172.9,2019-05-21
5002.16,5018.109,4941.01,4976.393,9409270900,46824229841863.7,2019-05-22
4955.252,4957.986,4860.188,4872.92,9056368100,44130957241852.0,2019-05-23
4848.576,4892.459,4831.335,4841.757,7793343600,37733475928705.195,2019-05-24
4848.642,4974.268,4824.142,4962.947,9307641400,46193330963205.805,2019-05-27
4965.591,5002.249,4933.897,4955.486,9026398900,44730193379365.4,2019-05-28
4943.568,4992.989,4930.431,4956.864,8587685200,42567987611212.8,2019-05-29
4933.501,4933.854,4865.775,4926.403,9477960200,46692251563160.6,2019-05-30
4923.92,4969.051,4902.738,4912.001,8671672900,42595265956472.9,2019-05-31
4921.708,4942.065,4838.352,4853.815,9854083000,47829895876644.99,2019-06-03
4847.663,4853.811,4768.039,4795.413,8675165300,41601000456768.9,2019-06-04
4837.895,4850.804,4777.978,4783.825,8130016500,38892576183112.5,2019-06-05
4776.49,4776.688,4668.541,4678.784,8341693100,39028980209190.4,2019-06-06
4693.763,4750.542,4662.781,4725.264,7336138100,34665189262958.402,2019-06-10
4730.809,4903.867,4728.483,4901.472,11681144600,57254803184851.195,2019-06-11
4889.361,4917.092,4852.983,4863.492,10784756100,52451575014301.2,2019-06-12
4855.54,4892.581,4831.519,4877.651,9617253800,46909607614823.8,2019-06-13
4880.226,4893.928,4786.195,4795.527,10280389400,49299884938213.8,2019-06-14
4796.12,4826.596,4779.643,4802.819,7336113800,35234026744802.2,2019-06-17
4804.302,4825.625,4773.55,4797.147,6652389700,31912491292185.9,2019-06-18
4902.96,4931.11,4856.903,4858.916,9827437600,47750693793641.6,2019-06-19
4853.209,4987.595,4837.176,4954.734,11969596100,59306164762937.41,2019-06-20
4973.585,5045.715,4973.585,5021.305,12281421400,61668762682927.0,2019-06-21
5032.375,5038.48,4996.17,5024.205,9962015700,50051209090018.5,2019-06-24
5020.201,5020.201,4910.197,4974.988,9920218000,49352965507384.0,2019-06-25
4943.775,4991.128,4928.733,4962.594,7003568700,34755868009207.8,2019-06-26
4974.986,5030.372,4972.67,5007.483,8163126600,40876717676347.805,2019-06-27
5005.192,5005.192,4920.435,4950.48,7716462800,38200194762144.0,2019-06-28
5044.664,5100.262,5016.236,5100.262,11163021400,56934333851606.8,2019-07-01
5092.842,5102.409,5066.251,5084.41,9708063700,49359776156917.0,2019-07-02
5074.71,5074.71,5021.896,5040.723,8535858900,43026900281984.7,2019-07-03
5046.883,5067.997,5002.332,5025.021,8014718900,40274130781596.9,2019-07-04
5026.332,5055.015,5001.523,5042.66,6490414100,32728951565506.0,2019-07-05
5028.635,5028.635,4855.215,4870.781,9176607700,44697246429613.7,2019-07-08
4868.475,4892.558,4838.937,4881.624,6101251200,29784014287948.797,2019-07-09
4891.911,4896.041,4829.285,4843.865,6079519200,29448370269708.0,2019-07-10
4867.683,4905.16,4821.552,4844.547,6262848400,30340663427674.797,2019-07-11
4848.222,4874.32,4820.664,4861.568,6147939800,29888627397606.402,2019-07-12
4850.89,4951.624,4787.906,4925.324,8459448100,41665522753684.4,2019-07-15
4917.793,4940.231,4909.663,4932.046,6892496200,33994108313225.203,2019-07-16
4930.647,4953.409,4914.492,4929.085,7536108800,37146120844448.0,2019-07-17
4909.717,4909.717,4843.513,4844.109,7263615800,35185746669322.2,2019-07-18
4861.213,4920.414,4861.203,4878.69,6859729800,33466495177961.996,2019-07-19
4885.429,4886.402,4766.072,4776.575,7219157800,34482848668535.0,2019-07-22
4778.053,4823.918,4778.053,4823.918,5472926300,26400947691243.4,2019-07-23
4837.767,4898.805,4837.767,4873.027,6945138300,33843846454634.1,2019-07-24
4873.174,4899.715,4861.772,4891.643,6738441800,32962051661877.4,2019-07-25
4880.719,4902.092,4868.197,4898.11,5925277700,29022661955147.0,2019-07-26
4897.652,4914.48,4872.545,4897.018,5658152100,27708072680437.8,2019-07-29
4902.841,4961.025,4902.781,4922.918,7119412700,35048284930258.598,2019-07-30
4914.044,4921.722,4892.556,4903.203,6275454700,30769828311404.1,2019-07-31
4877.557,4900.087,4850.528,4870.469,6433250400,31332946642437.6,2019-08-01
4773.43,4816.81,4756.404,4809.92,7900236100,37999503622112.0,2019-08-02
4795.911,4838.759,4749.944,4751.985,7161254200,34030172539586.996,2019-08-05
4665.84,4684.516,4558.06,4650.563,9866786600,45886112690855.805,2019-08-06
4678.428,4686.732,4624.742,4626.364,6741740600,31189746009178.4,2019-08-07
4641.867,4663.032,4636.239,4656.101,6007779600,27972828603339.598,2019-08-08
4677.248,4690.654,4593.224,4600.353,6444333700,29646209869796.1,2019-08-09
4608.117,4685.045,4591.662,4685.045,6194650700,29022217288781.5,2019-08-12
4649.349,4667.715,4638.029,4658.388,5869131700,27340692681699.598,2019-08-13
4713.503,4731.863,4677.13,4683.84,7114878700,33324953450208.0,2019-08-14
4585.094,4709.363,4576.461,4706.55,7826161100,36834218525205.0,2019-08-15
4702.142,4755.953,4696.921,4722.663,7754245800,36620689732565.4,2019-08-16
4765.058,4875.036,4765.058,4875.036,10658092600,51958585116333.6,2019-08-19
4878.675,4912.992,4864.816,4872.606,10020229300,48824629408555.8,2019-08-20
4865.717,4896.291,4859.328,4882.721,8494079000,41474217908959.0,2019-08-21
4894.363,4896.575,4851.969,4887.914,8223811000,40197280920254.0,2019-08-22
4888.533,4902.783,4861.2,4887.902,8250252800,40326427161625.6,2019-08-23
4799.483,4867.303,4793.844,4855.458,8845314400,42948052565995.195,2019-08-26
4878.289,4976.581,4878.289,4936.124,10819263700,53405227211898.8,2019-08-27
4929.894,4948.018,4910.603,4928.194,9899429300,48786308079684.2,2019-08-28
4937.591,4954.957,4912.22,4934.184,9681799600,47771780677526.4,2019-08-29
4963.279,4975.972,4862.582,4886.494,10245163400,50062929483119.59,2019-08-30
4894.05,5020.265,4890.225,5008.296,10829293000,54236304814728.0,2019-09-02
5019.405,5044.181,4999.887,5044.181,10909044900,55027197012726.9,2019-09-03
5036.524,5093.266,5027.667,5093.266,12249922400,62392113262558.4,2019-09-04
5119.574,5209.0,5119.428,5138.405,15894736900,81673595560644.5,2019-09-05
5152.185,5167.483,5111.735,5154.638,11279857600,58143582619548.8,2019-09-06
5202.706,5263.459,5171.851,5263.459,13294192700,69973438214549.3,2019-09-09
5264.328,5264.328,5212.525,5245.305,13111154700,68772005303683.5,2019-09-10
5262.495,5273.968,5206.973,5217.291,11560394100,60313940094383.1,2019-09-11
5230.294,5255.785,5197.57,5242.612,9604422600,50352261175831.2,2019-09-12
5263.301,5279.59,5228.29,5250.34,11413633900,59925458610526.0,2019-09-16
5237.559,5237.559,5118.208,5140.45,11477143500,58997682304575.0,2019-09-17
5148.063,5163.81,5119.614,5141.038,8955599900,46041079398696.195,2019-09-18
5150.498,5191.669,5126.153,5191.669,8812931100,45753821191005.9,2019-09-19
5198.728,5220.235,5180.078,5204.485,9418643800,49019190377443.0,2019-09-20
5192.884,5192.884,5124.798,5171.484,9465768000,48952067759712.0,2019-09-23
5168.122,5237.41,5159.332,5180.742,9452799600,48972515905303.2,2019-09-24
5162.151,5162.151,5087.009,5087.009,9220292000,46903708386628.0,2019-09-25
5099.518,5108.804,4970.24,4970.24,9467075200,47053635842048.0,2019-09-26
4974.032,5033.185,4974.032,5005.63,7432983300,37206764195979.0,2019-09-27
5009.139,5022.429,4940.903,4940.903,6578513000,32503794617239.0,2019-09-30
4955.078,4994.443,4937.028,4941.761,6644342500,32834752637142.504,2019-10-08
4926.209,4985.441,4904.322,4982.954,6650575900,33139513783208.598,2019-10-09
4988.141,5049.219,4979.195,5046.359,7381815400,37251290580128.6,2019-10-10
5057.811,5074.904,5012.384,5055.517,8278601600,41852611125027.195,2019-10-11
5095.216,5151.694,5089.313,5131.131,10368887800,53204121626101.805,2019-10-14
5115.248,5115.248,5057.284,5061.003,8832143000,44699502219429.0,2019-10-15
5064.333,5086.973,5036.503,5038.356,7822140800,39410730032524.8,2019-10-16
5039.271,5049.361,5017.468,5029.854,7051450800,35467768012183.2,2019-10-17
5033.817,5056.558,4953.148,4961.807,8203885000,40706094020195.0,2019-10-18
4956.793,4957.236,4906.362,4951.035,6989927100,34607373719548.5,2019-10-21
4954.108,5011.013,4954.108,5005.553,6553498200,32803882575504.598,2019-10-22
5009.357,5009.94,4955.056,4967.195,6903650700,34291779238786.496,2019-10-23
4961.685,4972.763,4921.112,4958.247,6486844300,32163376289942.1,2019-10-24
4953.327,5001.509,4922.084,4994.568,7315877700,36539648652333.6,2019-10-25
5026.064,5084.688,5026.064,5084.468,10290739500,52322935684086.0,2019-10-28
5080.93,5080.93,5007.713,5007.713,10870630500,54436997673046.5,2019-10-29
4975.673,4984.404,4938.103,4947.895,8576215500,42434213791372.5,2019-10-30
4950.026,4967.745,4911.376,4917.417,7958268700,39134125795947.91,2019-10-31
4908.648,4967.048,4896.007,4962.35,7415565600,36798631955160.0,2019-11-01
4974.363,5016.937,4974.363,4987.836,8127822700,40540246664677.2,2019-11-04
4995.462,5041.236,4972.717,5025.303,8507295100,42751735587915.3,2019-11-05
5022.105,5027.789,4955.826,4974.734,8321627500,41397883259585.0,2019-11-06
4970.529,5020.224,4960.839,5007.067,7209219800,36097046556326.6,2019-11-07
5036.657,5051.564,4985.949,4988.294,7909655600,39455687571546.4,2019-11-08
4961.194,4961.194,4868.435,4876.159,7709640100,37593430960375.9,2019-11-11
4878.972,4887.296,4823.429,4881.614,6878549300,33578422562570.195,2019-11-12
4878.968,4888.191,4853.595,4875.543,6060640800,29548914827954.4,2019-11-13
4875.249,4925.442,4871.557,4912.108,6391011200,31393337243609.6,2019-11-14
4910.205,4936.985,4868.437,4868.437,7007640400,34116255806054.8,2019-11-15
4862.28,4901.001,4851.39,4892.461,6396537200,31294808786049.203,2019-11-18
4892.34,4975.113,4890.756,4975.113,7236336900,36001593783569.7,2019-11-19
4975.756,4991.696,4941.911,4946.276,7899827700,39074728156645.195,2019-11-20
4929.851,4963.089,4919.594,4945.719,6616751300,32724592622684.7,2019-11-21
4954.31,5018.064,4876.812,4904.083,8802769500,43169512257868.5,2019-11-22
4904.995,4915.345,4853.843,4901.502,8634726500,42323129209203.0,2019-11-25
4906.429,4920.677,4882.162,4882.162,8125973000,39672316593626.0,2019-11-26
4881.402,4935.628,4872.302,4904.257,7264694000,35627926402358.0,2019-11-27
4897.653,4916.805,4878.007,4889.26,5967231400,29175345794764.0,2019-11-28
4888.348,4909.411,4850.588,4894.942,6139562000,30052799895404.0,2019-11-29
4897.631,4930.585,4889.319,4905.421,6315015900,30977811611193.902,2019-12-02
4889.407,4926.455,4863.662,4926.455,6034552500,29728951336387.5,2019-12-03
4902.485,4935.57,4901.036,4920.668,6349645000,31244494962859.996,2019-12-04
4927.776,4978.99,4923.112,4967.602,7407710400,36798556998460.8,2019-12-05
4968.041,5010.513,4954.786,5010.51,7370595700,36930443460807.0,2019-12-06
5020.222,5040.241,5005.841,5024.604,8848641500,44460919475466.0,2019-12-09
5012.472,5054.312,4998.148,5049.051,8293633000,41874975992283.0,2019-12-10
5044.937,5052.35,5007.56,5027.278,8601103800,43240139909456.4,2019-12-11
5025.491,5044.197,5008.368,5012.001,8005543900,40123794032343.9,2019-12-12
5047.897,5082.76,5029.883,5073.686,9997918400,50726298615222.4,2019-12-13
5095.348,5166.039,5081.909,5166.039,11652253300,60195994985678.695,2019-12-16
5167.229,5257.828,5161.152,5236.062,15021914200,78655674109880.4,2019-12-17
5235.476,5267.406,5221.698,5235.125,12926439800,67671528157975.0,2019-12-18
5236.915,5255.169,5215.884,5241.738,11366629400,59580893257897.2,2019-12-19
5244.213,5258.006,5182.063,5184.675,11799847200,61178372781660.0,2019-12-20
5161.282,5188.85,5079.442,5084.351,10565253000,53717454655803.0,2019-12-23
5098.805,5165.156,5092.906,5162.07,8545191600,44110877202612.0,2019-12-24
5157.367,5195.866,5153.514,5183.099,9591867600,49715599365692.4,2019-12-25
5181.381,5219.14,5171.44,5219.14,9562553300,49908304430162.0,2019-12-26
5223.47,5252.788,5175.852,5179.193,12625962800,65392298152020.41,2019-12-27
5160.31,5242.124,5119.856,5241.938,11686945600,61262244244572.805,2019-12-30
5239.913,5269.874,5228.173,5267.662,10388965800,54725560363959.6,2019-12-31
5306.668,5374.908,5288.168,5366.138,14589440500,78288951065789.0,2020-01-02
5376.033,5395.259,5351.805,5380.637,12845202100,69115369691737.695,2020-01-03
5365.217,5481.55,5355.024,5434.85,15958741400,86733365697790.0,2020-01-06
5441.903,5499.84,5440.692,5499.84,14414272200,79276190816448.0,2020-01-07
5481.984,5500.16,5409.569,5423.797,15540684700,84289519053805.89,2020-01-08
5465.857,5497.543,5457.35,5497.543,13243166700,72804878389418.1,2020-01-09
5511.674,5516.095,5455.252,5480.228,11381982100,62375856999918.8,2020-01-10
5478.316,5559.627,5447.732,5559.627,11807618100,65645952394448.7,2020-01-13
5576.629,5583.72,5539.9,5542.332,12981138300,71945778196515.61,2020-01-14
5532.961,5545.101,5492.651,5530.027,11242502000,62171339607554.0,2020-01-15
5539.421,5559.018,5514.691,5527.668,11189727600,61853099183236.8,2020-01-16
5539.723,5555.412,5499.467,5510.045,10494932900,57827552550980.5,2020-01-17
5523.01,5587.536,5500.594,5587.536,11540300100,64481842259553.6,2020-01-20
5581.01,5581.98,5515.193,5523.942,12460480800,68830973231313.6,2020-01-21
5502.587,5597.994,5440.2,5575.513,12347477000,68843518530701.0,2020-01-22
5521.792,5558.426,5326.932,5377.741,14577307100,78392982061261.1,2020-01-23
4896.895,4960.746,4896.895,4910.901,8177708400,40159916359268.4,2020-02-03
4736.123,5013.77,4736.123,4996.474,18967227900,94769261054424.61,2020-02-04
5035.409,5178.438,5026.408,5123.962,17109533900,87668601541311.81,2020-02-05
5128.186,5299.178,5100.482,5282.892,18595745600,98239315664275.2,2020-02-06
5287.269,5329.356,5226.7,5327.037,19114764200,101825056139675.4,2020-02-07
5322.009,5389.039,5301.412,5388.435,17670328200,95215414934367.0,2020-02-10
5390.526,5396.956,5323.76,5361.277,15250817700,81763858166202.9,2020-02-11
5345.522,5461.674,5340.487,5459.946,15104147300,82467828634045.8,2020-02-12
5456.659,5482.795,5397.232,5412.842,15820264200,85632590512856.39,2020-02-13
5407.474,5474.468,5375.926,5420.803,14534649600,78789472155628.8,2020-02-14
5454.463,5594.437,5454.463,5594.437,17463665700,97699377547710.89,2020-02-17
5607.84,5660.814,5577.898,5660.814,18509870100,104780931800261.4,2020-02-18
5654.178,5678.819,5601.392,5603.263,18564208500,104020142612335.5,2020-02-19
5619.52,5712.183,5580.067,5706.713,19207602600,109612275456253.8,2020-02-20
5704.836,5822.397,5700.952,5784.032,20723623900,119866103793564.8,2020-02-21
5784.575,5884.14,5754.679,5865.467,21809896200,127925226434525.39,2020-02-24
5745.617,5912.274,5643.884,5897.722,26736667800,157685433890751.6,2020-02-25
5824.048,5885.27,5724.499,5743.393,26637508000,152989676984644.0,2020-02-26
5770.218,5829.037,5689.539,5753.728,20469487500,117775863374400.0,2020-02-27
5558.416,5641.772,5438.852,5451.29,22430670900,122276091970461.0,2020-02-28
5516.439,5683.243,5505.268,5656.419,19951161200,112852127283742.8,2020-03-02
5756.791,5832.353,5658.121,5710.024,22632549400,129232400255185.61,2020-03-03
5670.5,5719.178,5603.929,5716.511,18513309800,105831539118107.81,2020-03-04
5795.25,5811.207,5732.168,5801.12,21723222100,126019018188752.0,2020-03-05
5737.096,5802.629,5723.733,5763.86,18529714700,106802681370742.0,2020-03-06
5668.637,5699.92,5525.817,5525.817,21853808900,120760148734371.3,2020-03-09
5459.173,5675.876,5423.429,5675.111,20840287700,118270945969434.7,2020-03-10
5692.717,5708.915,5589.531,5589.531,18775091200,104943954290227.2,2020-03-11
5507.321,5549.35,5446.794,5493.884,15875315700,87217142919178.8,2020-03-12
5225.506,5507.39,5224.727,5457.201,19526665900,106560940676145.9,2020-03-13
5496.889,5496.889,5183.344,5200.114,18684995200,97164105129452.8,2020-03-16
5245.523,5300.559,5052.655,5212.062,15913787800,82943648668443.6,2020-03-17
5257.944,5333.12,5119.472,5119.472,16428660400,84106066915308.8,2020-03-18
5119.944,5185.089,5020.439,5157.824,15459370200,79736710642444.8,2020-03-19
5217.488,5225.027,5129.073,5219.281,12751328900,66552768652520.9,2020-03-20
5079.355,5129.141,4981.668,4998.91,13868474500,69327255862795.0,2020-03-23
5089.152,5118.036,4963.292,5096.041,14078770500,71745991697590.5,2020-03-24
5200.775,5229.221,5160.389,5217.424,14688107000,76634081976368.0,2020-03-25
5180.466,5227.468,5157.148,5166.109,12565245000,64913425281705.01,2020-03-26
5222.851,5227.792,5134.49,5137.337,11704507300,60129998419060.1,2020-03-27
5073.705,5074.625,4974.317,5027.486,12398131600,62331433045157.6,2020-03-30
5073.523,5090.568,5030.573,5041.453,11160561200,56265444743423.6,2020-03-31
5029.584,5108.175,5007.712,5019.219,11215411100,56292604485930.9,2020-04-01
4998.626,5147.202,4998.106,5147.202,11335107800,58344089538375.6,2020-04-02
5143.519,5161.573,5085.095,5107.039,10947897800,55911341032614.195,2020-04-03
5202.547,5273.086,5197.583,5267.073,14510945200,76430207667399.61,2020-04-07
5243.162,5291.415,5232.616,5271.796,13778625400,72638102269218.4,2020-04-08
5301.266,5336.117,5289.385,5322.461,12509846200,66583168515498.2,2020-04-09
5321.787,5321.787,5197.984,5208.51,12381638800,64489889506188.0,2020-04-10
5176.443,5198.371,5140.851,5169.176,9818099300,50751483267176.805,2020-04-13
5197.172,5288.593,5189.824,5288.593,11018824400,58274077590069.195,2020-04-14
5291.966,5320.579,5264.011,5268.75,12247740000,64530280125000.0,2020-04-15
5245.925,5328.12,5238.434,5316.971,12074219300,64198273865740.3,2020-04-16
5354.983,5377.147,5309.581,5318.455,13696983300,72846789316801.5,2020-04-17
5329.869,5381.786,5311.197,5381.786,12064218200,64927040609705.2,2020-04-20
5358.601,5358.601,5287.663,5343.881,13074442600,69868265395730.6,2020-04-21
5304.731,5388.207,5296.264,5387.623,12359700600,66589407225673.8,2020-04-22
5402.648,5407.49,5354.94,5357.79,14461830200,77483449227258.0,2020-04-23
5350.543,5354.763,5258.569,5273.547,13138336700,69285636089274.89,2020-04-24
5278.979,5314.411,5249.313,5265.725,11713242700,61678714916457.51,2020-04-27
5268.126,5273.257,5102.061,5227.846,14082491000,73621094244386.0,2020-04-28
5203.71,5269.735,5201.473,5226.812,10592684900,55365972547538.8,2020-04-29
5261.047,5368.894,5261.047,5353.86,13303668600,71225979170796.0,2020-04-30
5320.94,5451.456,5318.443,5451.316,14167905000,77233727212980.0,2020-05-06
5454.252,5473.774,5425.796,5445.752,14014635400,76320228758820.81,2020-05-07
5474.874,5527.09,5467.646,5507.697,13631862200,75080166543353.4,2020-05-08
5529.106,5547.942,5466.616,5496.192,12985198500,71369144114112.0,2020-05-11
5494.069,5519.287,5441.701,5512.464,11594367700,63913534549012.8,2020-05-12
5495.897,5546.554,5483.987,5536.28,10789582200,59734148142216.0,2020-05-13
5513.082,5528.092,5485.015,5487.107,11919770100,65405053954100.7,2020-05-14
5510.145,5543.933,5486.256,5507.934,11265151100,62047708758827.4,2020-05-15
5522.723,5528.775,5454.962,5478.822,13365466400,73227011352580.8,2020-05-18
5515.029,5548.218,5504.233,5547.876,11200886000,62141126618136.0,2020-05-19
5545.044,5547.169,5473.79,5489.702,12349126400,67793023896332.805,2020-05-20
5508.204,5511.232,5415.599,5426.175,11455910800,62161776785190.0,2020-05-21
5421.728,5421.887,5307.296,5328.227,10641571100,56700706457439.695,2020-05-22
5323.966,5344.285,5293.229,5316.604,8438568100,44864524914732.4,2020-05-25
5341.111,5421.905,5341.082,5420.213,9096900800,49307139975870.4,2020-05-26
5426.556,5426.556,5358.47,5369.499,10396037100,55821510812412.9,2020-05-27
5367.266,5390.14,5290.29,5361.167,10252425100,54964963116091.7,2020-05-28
5349.568,5416.66,5336.067,5406.34,10500325000,56768327060500.0,2020-05-29
5446.291,5576.654,5446.291,5569.48,14169758200,78918184899736.0,2020-06-01
5595.359,5596.44,5544.186,5566.444,13902910300,77389771621973.2,2020-06-02
5583.701,5618.289,5567.073,5572.313,13834551900,77090453401544.7,2020-06-03
5589.345,5597.262,5549.358,5576.754,12077846500,67355178780261.0,2020-06-04
5585.159,5592.345,5542.87,5585.423,11225389700,62698549814343.09,2020-06-05
5618.375,5627.189,5567.209,5575.304,11944619000,66594882089176.0,2020-06-08
5582.144,5616.036,5560.139,5610.377,11487092900,64446921803023.305,2020-06-09
5611.658,5616.611,5581.915,5615.242,10836809700,60851308973447.4,2020-06-10
5618.641,5673.311,5567.538,5589.102,12751545400,71269687898230.8,2020-06-11
5483.785,5620.206,5479.271,5591.487,12954546500,72435178345645.5,2020-06-12
5605.883,5661.971,5590.644,5590.644,14535977600,81265475953574.4,2020-06-15
5633.259,5695.301,5624.855,5695.301,13395170300,76289526804760.31,2020-06-16
5708.687,5735.418,5685.624,5735.418,14683751800,84217454381252.39,2020-06-17
5738.031,5744.453,5705.295,5734.403,15815436600,90692087085349.8,2020-06-18
5733.429,5796.36,5727.623,5787.148,14176809800,82043296480450.4,2020-06-19
5793.788,5815.394,5770.809,5784.027,14539234900,84095327220942.3,2020-06-22
5783.12,5809.283,5755.398,5804.343,12574812700,72988526071556.1,2020-06-23
5808.539,5824.313,5773.291,5789.089,11024143600,63819748449180.4,2020-06-24
5774.459,5789.159,5740.256,5762.438,11776115100,67859133144613.805,2020-06-29
5790.065,5875.327,5788.208,5864.416,11535032400,67646228567078.4,2020-06-30
5884.54,5885.874,5814.755,5881.888,14283298200,84012760283001.6,2020-07-01
5880.883,5979.99,5858.574,5975.279,20118138000,120211487510502.02,2020-07-02
5989.996,6052.523,5968.066,6051.51,22682681800,137264475739518.0,2020-07-03
6095.956,6318.308,6095.956,6299.855,30237648900,190492803610909.5,2020-07-06
6368.314,6480.029,6300.245,6380.028,32586542500,207903053573190.0,2020-07-07
6378.946,6541.438,6352.373,6535.415,28884738900,188773755878143.5,2020-07-08
6541.285,6712.145,6530.021,6693.745,31741227100,212467680194489.5,2020-07-09
6664.326,6763.812,6644.359,6676.437,28873667200,192773220019766.4,2020-07-10
6710.635,6899.622,6710.635,6899.518,29730559500,205126530420321.0,2020-07-13
6897.003,6897.003,6672.8,6807.727,29386829700,200057513993091.9,2020-07-14
6815.616,6838.152,6598.523,6638.838,25647283000,170268156977154.0,2020-07-15
6642.329,6710.995,6305.133,6319.998,25331587000,160095579176826.0,2020-07-16
6327.027,6447.509,6272.942,6344.591,19680390900,124864030980621.9,2020-07-17
6419.08,6526.833,6340.65,6526.833,21241322200,138638562698592.6,2020-07-20
6546.565,6591.01,6500.868,6563.324,19396594900,127306136825447.6,2020-07-21
6554.168,6699.687,6534.743,6620.689,21010119800,139101469048542.2,2020-07-22
6562.049,6629.207,6431.261,6620.086,20799246200,137692798579173.2,2020-07-23
6584.809,6609.288,6265.379,6283.983,21901777700,137630398736579.11,2020-07-24
6304.586,6337.328,6229.471,6298.735,14554248100,91673351906153.5,2020-07-27
6345.682,6385.391,6307.789,6359.664,13883814400,88296394622361.6,2020-07-28
6341.008,6530.271,6324.048,6530.271,15922168400,103976074559636.39,2020-07-29
6548.701,6564.775,6491.449,6511.436,17761556100,115653235805559.6,2020-07-30
6499.394,6619.262,6463.415,6579.67,17991294100,118376778050947.0,2020-07-31
6635.343,6739.809,6614.431,6739.809,20726674600,139693828009151.4,2020-08-03
6758.494,6764.905,6672.894,6697.707,20947893600,140302853599975.2,2020-08-04
6696.687,6790.008,6653.277,6772.842,18484381600,125191796044507.19,2020-08-05
6780.327,6792.276,6656.278,6770.302,20522984200,138946800975228.39,2020-08-06
6743.291,6755.528,6578.667,6688.882,19812821400,132525624431674.8,2020-08-07
6666.56,6768.866,6651.742,6725.296,17535322700,117930235613019.2,2020-08-10
6727.769,6756.845,6594.979,6600.847,18084577100,119373526496803.7,2020-08-11
6580.006,6599.657,6395.006,6528.4,17788904500,116133084137800.0,2020-08-12
6552.37,6592.116,6518.423,6552.657,16206051500,106192696803835.5,2020-08-13
6542.603,6629.506,6506.027,6623.563,15687598800,103907798970524.4,2020-08-14
6646.542,6752.318,6614.185,6744.547,20140735700,135840138543227.89,2020-08-17
6747.606,6811.564,6737.529,6789.398,18916617500,128432445021265.0,2020-08-18
6782.593,6782.593,6661.988,6666.274,19430913600,129531794127926.4,2020-08-19
6622.005,6672.491,6570.695,6593.785,15764625800,103948553130653.0,2020-08-20
6628.901,6686.023,6589.197,6643.944,14296349300,94984144153639.2,2020-08-21
6667.296,6702.749,6589.929,6688.965,14302035400,95665814219361.0,2020-08-24
6698.12,6734.438,6631.685,6652.548,14709813000,97857737053524.0,2020-08-25
6650.449,6660.763,6501.241,6525.879,15373477100,100325451363870.9,2020-08-26
6538.136,6585.719,6486.751,6578.791,12983619800,85416521087661.8,2020-08-27
6571.898,6695.357,6553.923,6691.21,14194959300,94981453617753.0,2020-08-28
6719.286,6765.885,6667.679,6668.433,15602438500,104043815773870.5,2020-08-31
6667.168,6710.46,6637.634,6710.46,12563249000,84305179884540.0,2020-09-01
6725.691,6742.553,6647.034,6717.558,14956254800,100469509081778.4,2020-09-02
6715.104,6732.674,6638.448,6662.252,14211033500,94677486357442.0,2020-09-03
6545.888,6631.029,6538.49,6618.576,12535846200,82969450799011.2,2020-09-04
6619.898,6669.394,6459.103,6478.812,15558174800,100798489592337.6,2020-09-07
6493.774,6542.995,6432.952,6525.098,16123031800,105204362552116.4,2020-09-08
6455.305,6471.482,6319.271,6349.223,21691635100,137725028484527.3,2020-09-09
6404.665,6414.962,6219.636,6235.569,18104949700,112894663095879.31,2020-09-10
6209.788,6319.669,6209.788,6311.967,12462919400,78665535976459.8,2020-09-11
6350.355,6381.182,6297.902,6351.242,13050227700,82885154277803.4,2020-09-14
6351.037,6388.13,6328.537,6387.881,11518415400,73578266883767.4,2020-09-15
6379.518,6387.767,6321.567,6353.836,11337988700,72039720769653.2,2020-09-16
6345.672,6416.009,6291.634,6367.021,11895968100,75741878708030.1,2020-09-17
6367.792,6473.6,6353.561,6469.469,13522626400,87484212293381.6,2020-09-18
6492.225,6515.337,6434.324,6445.965,12602372100,81234449473576.5,2020-09-21
6392.025,6462.975,6341.484,6358.652,12130589400,77134196549488.8,2020-09-22
6382.281,6411.205,6356.164,6392.033,9504883300,60755527714748.91,2020-09-23
6353.694,6354.683,6243.282,6244.639,11280146700,70440444008541.3,2020-09-24
6271.701,6285.472,6206.182,6236.89,8779878800,54759138288932.0,2020-09-25
6255.021,6261.93,6171.02,6178.469,7896291500,48786992247713.5,2020-09-28
6206.991,6280.443,6179.881,6228.771,8137116400,50684234655944.4,2020-09-29
6245.116,6260.123,6155.021,6192.505,8148409300,50459065332296.5,2020-09-30
6300.07,6373.937,6290.471,6357.971,10038623100,63825274549730.09,2020-10-09
6408.083,6541.31,6399.683,6541.176,14482434900,94732155589442.4,2020-10-12
6538.835,6557.864,6486.309,6551.399,11155845000,73086391777155.0,2020-10-13
6547.838,6547.838,6492.658,6508.374,11862960400,77208583030389.6,2020-10-14
6511.071,6518.55,6456.771,6460.041,10700425200,69125185509433.2,2020-10-15
6456.738,6473.634,6388.646,6428.682,9873202200,63471677265500.4,2020-10-16
6466.566,6483.508,6346.263,6358.321,10366836300,65915672949852.3,2020-10-19
6349.644,6423.157,6324.389,6423.113,8618922400,55360312513431.2,2020-10-20
6426.194,6426.51,6323.441,6350.013,8751225500,55570395690931.5,2020-10-21
6331.804,6334.542,6256.232,6317.144,8572472900,54153545745397.6,2020-10-22
6312.008,6362.428,6202.535,6213.263,8056509000,50057209278867.0,2020-10-23
6195.354,6239.716,6127.383,6214.378,7339295600,45609157112136.8,2020-10-26
6187.473,6227.842,6168.971,6221.341,7558651600,47024949103795.6,2020-10-27
6221.74,6254.716,6164.241,6245.999,8713088800,54421943931711.195,2020-10-28
6168.908,6287.648,6159.144,6255.193,9258748300,57915257554921.9,2020-10-29
6272.927,6274.616,6103.891,6111.48,11212236000,68523356069279.99,2020-10-30
6119.451,6162.276,6095.804,6143.116,11175637900,68653239993696.4,2020-11-02
6175.159,6245.558,6155.735,6241.768,10544003600,65813224262364.8,2020-11-03
6246.637,6256.07,6181.097,6234.158,9292974500,57933871322971.0,2020-11-04
6294.614,6358.445,6273.315,6351.979,11884321500,75488960597248.5,2020-11-05
6366.185,6366.185,6254.087,6301.248,11824421100,74508609807532.8,2020-11-06
6337.442,6452.914,6337.442,6421.651,16002788200,102764320847318.2,2020-11-09
6434.43,6435.413,6339.286,6373.085,14192893200,90452514759522.0,2020-11-10
6356.367,6375.24,6292.837,6294.606,13072808100,82288176303108.6,2020-11-11
6305.066,6340.998,6285.291,6315.494,10468068700,66111025066437.8,2020-11-12
6304.459,6319.413,6248.355,6306.97,10711632200,67557942936434.0,2020-11-13
6319.704,6387.415,6294.29,6387.371,13367733000,85384670099943.0,2020-11-16
6380.769,6380.769,6300.567,6336.941,14127431800,89524701798123.8,2020-11-17
6333.451,6382.497,6314.309,6341.014,13398246200,84958466729646.8,2020-11-18
6328.084,6370.181,6293.555,6360.6,12380484500,78747309710700.0,2020-11-19
6354.787,6429.87,6351.308,6422.985,13066764500,83927632382032.5,2020-11-20
6435.919,6516.241,6407.057,6472.93,18192566800,117759211416724.0,2020-11-23
6472.747,6495.137,6454.665,6475.188,15406296500,99758666221242.0,2020-11-24
6489.255,6489.722,6350.367,6350.367,15381310600,97676967250990.2,2020-11-25
6349.862,6358.174,6284.973,6334.304,12323693600,78062021665254.4,2020-11-26
6337.384,6351.81,6276.073,6351.612,12088511600,76781535340699.2,2020-11-27
6360.462,6397.72,6309.445,6320.944,16315768200,103131057109180.81,2020-11-30
6307.854,6437.943,6299.414,6426.616,15095734000,97014485656144.0,2020-12-01
6437.956,6446.807,6392.989,6434.979,14970510500,96334920686779.5,2020-12-02
6437.384,6461.088,6392.899,6440.881,15221493300,98039826987597.31,2020-12-03
6426.026,6471.856,6409.678,6464.735,12885516900,83301452096521.5,2020-12-04
6465.988,6472.85,6417.648,6424.682,12107828200,77788945895632.39,2020-12-07
6424.159,6448.393,6406.724,6423.651,10549499200,67766301085579.195,2020-12-08
6430.477,6437.433,6307.221,6307.221,12151621300,76642961047407.3,2020-12-09
6295.353,6350.918,6267.171,6320.096,11057714200,69885815284563.195,2020-12-10
6328.828,6340.395,6163.412,6209.427,13264160600,82362836961976.2,2020-12-11
6207.826,6260.613,6176.54,6259.018,10687714900,66894599937968.2,2020-12-14
6250.097,6276.584,6228.679,6265.582,9798099400,61390795234850.805,2020-12-15
6268.211,6271.03,6219.086,6235.435,9928395000,61907861676825.01,2020-12-16
6225.079,6312.006,6184.543,6308.901,12770274400,80566396932434.39,2020-12-17
6310.16,6332.533,6269.213,6291.918,12862228800,80928088906838.39,2020-12-18
6302.258,6401.546,6293.922,6398.599,13634782200,87243503750137.8,2020-12-21
6372.879,6378.499,6241.56,6250.061,15131061800,94570059244769.8,2020-12-22
6255.352,6330.603,6242.625,6307.604,14404432300,90857454793209.2,2020-12-23
6308.48,6308.48,6202.403,6205.225,13122165300,81425988173692.5,2020-12-24
6190.992,6284.585,6186.025,6278.498,13447826700,84432153040296.6,2020-12-25
6283.782,6288.244,6219.091,6244.482,14896021400,93017937503914.8,2020-12-28
6240.736,6280.04,6196.415,6199.852,15447603200,95772853594726.39,2020-12-29
6196.451,6289.27,6188.593,6269.248,13804167300,86541748237190.39,2020-12-30
6282.958,6370.57,6281.014,6367.115,16019408600,101997416788189.0,2020-12-31
6395.612,6501.589,6359.08,6482.787,18662120900,120982554762948.31,2021-01-04
6470.25,6539.732,6452.525,6539.732,19672629200,128653722703374.4,2021-01-05
6549.731,6569.199,6472.745,6528.143,17852108600,116541117792329.8,2021-01-06
6523.676,6567.273,6467.437,6538.116,19713564100,128889568859235.6,2021-01-07
6541.558,6598.381,6484.398,6557.596,18083742900,118585880106068.39,2021-01-08
6557.453,6572.854,6419.731,6455.399,18325727100,118299880395612.9,2021-01-11
6425.815,6543.229,6425.815,6543.229,16231123700,106203959296427.3,2021-01-12
6550.035,6553.649,6457.881,6496.913,18491342000,120136640227245.98,2021-01-13
6471.789,6516.269,6402.6,6439.885,16302381600,104985462730116.0,2021-01-14
6427.13,6447.876,6339.428,6417.501,13824319900,88717586782569.9,2021-01-15
6414.83,6529.413,6392.065,6514.464,13683280700,89139239522044.8,2021-01-18
6510.479,6532.647,6456.115,6476.374,14761671600,95602106146778.39,2021-01-19
6477.668,6535.475,6449.284,6535.419,12852543200,83996755027600.8,2021-01-20
6552.035,6649.863,6550.88,6622.496,15680958700,103847086266915.2,2021-01-21
6619.86,6643.665,6573.82,6637.805,15806231000,104918679162955.0,2021-01-22
6636.22,6711.571,6599.974,6645.314,16562310300,110061752508934.2,2021-01-25
6621.148,6624.449,6515.258,6532.961,14337131100,93663918328187.11,2021-01-26
6527.68,6564.286,6481.157,6557.161,13976004900,91642914266088.9,2021-01-27
6475.861,6529.842,6405.814,6414.381,14482540600,92896533256368.61,2021-01-28
6448.67,6462.374,6255.703,6346.137,14604158100,92679988072259.7,2021-01-29
6338.645,6397.014,6328.336,6393.278,13732518300,87795807131987.4,2021-02-01
6404.853,6459.48,6361.088,6454.785,13239431300,85457682563770.5,2021-02-02
6459.664,6484.493,6399.332,6399.332,14545715500,93082862662046.0,2021-02-03
6375.672,6414.298,6249.531,6328.788,14886133000,94211179896804.0,2021-02-04
6343.83,6382.957,6236.267,6239.871,13513287900,84321173281860.9,2021-02-05
6247.919,6354.02,6215.728,6323.162,11613400400,73433412100064.8,2021-02-08
6334.416,6468.428,6330.792,6457.881,11931911000,77054861340591.0,2021-02-09
6474.75,6542.745,6424.721,6525.166,11904265900,77677311105639.4,2021-02-10
6657.307,6678.613,6564.306,6614.544,16689239200,110391707014924.8,2021-02-18
6600.246,6706.39,6542.782,6703.482,17876781700,119836684343879.4,2021-02-19
6731.505,6810.922,6657.056,6657.056,23706558500,157815887501776.0,2021-02-22
6613.601,6701.43,6609.078,6631.229,19265686600,127755179686831.4,2021-02-23
6633.282,6661.433,6477.751,6536.186,17371883200,113545859765475.19,2021-02-24
6600.205,6609.564,6484.555,6499.153,16206818200,105330591124984.61,2021-02-25
6365.739,6446.946,6346.133,6364.353,15076020600,95949116933671.8,2021-02-26
6407.164,6491.937,6404.889,6488.439,15860843700,102912116835984.31,2021-03-01
6514.021,6514.021,6386.49,6433.328,16587706900,106714159255563.2,2021-03-02
6426.037,6528.222,6420.207,6524.751,17101752400,111584676073652.4,2021-03-03
6482.787,6485.164,6371.73,6401.992,19433461600,124412865695507.2,2021-03-04
6325.752,6442.016,6319.532,6403.496,16650488500,106621336507796.0,2021-03-05
6453.78,6488.819,6253.697,6256.409,16854633900,105449483223665.1,2021-03-08
6235.314,6250.935,6033.408,6108.003,19643268600,119981143538605.8,2021-03-09
6164.768,6179.854,6053.019,6062.255,14255427900,86420039063914.5,2021-03-10
6074.335,6213.934,6045.549,6213.832,16081464300,99927517474197.61,2021-03-11
6231.485,6232.501,6137.99,6222.38,17574617800,109355950306364.0,2021-03-12
6192.299,6229.572,6111.358,6173.872,17079969100,105449542987355.2,2021-03-15
6176.069,6222.182,6124.777,6195.244,15284599200,94691821486204.8,2021-03-16
6180.893,6230.559,6124.05,6225.359,13484039600,83942987280216.4,2021-03-17
6231.193,6300.945,6227.193,6273.856,14072566500,88289255771424.0,2021-03-18
6195.253,6258.132,6167.507,6206.602,14323827500,88902296409155.0,2021-03-19
6208.932,6307.548,6206.081,6305.692,14304144500,90197529540494.0,2021-03-22
6307.98,6307.98,6181.134,6219.167,15096405200,93887065038468.4,2021-03-23
6180.312,6232.131,6131.823,6142.544,14767311100,90708858193438.39,2021-03-24
6118.87,6190.938,6108.261,6157.407,12930709300,79619639958785.11,2021-03-25
6164.824,6264.555,6164.824,6251.794,12888761000,80577878687234.0,2021-03-26
6269.999,6277.765,6215.798,6254.943,13963389400,87340204783804.2,2021-03-29
6239.47,6287.874,6217.327,6280.359,13440958400,84414044056065.61,2021-03-30
6277.696,6277.696,6205.939,6254.07,12512849200,78256234796244.0,2021-03-31
6259.414,6321.58,6238.307,6311.664,13037481800,82288204527715.2,2021-04-01
6316.556,6341.655,6291.714,6326.606,12393887100,78411240490182.6,2021-04-02
6345.891,6367.785,6323.242,6343.096,11148915800,70718643215316.8,2021-04-06
6350.378,6350.378,6289.065,6348.076,15001677500,95231788897490.0,2021-04-07
6332.926,6385.195,6309.123,6356.753,17374127800,110443039015033.39,2021-04-08
6345.29,6360.45,6307.656,6335.239,14130690000,89521298384910.0,2021-04-09
6325.264,6344.162,6203.569,6226.418,15544143900,96784337373550.19,2021-04-12
6210.223,6254.897,6193.809,6209.78,13038770900,80967898759402.0,2021-04-13
6206.637,6287.838,6206.637,6277.211,11743821700,73718446757278.7,2021-04-14
6263.628,6281.426,6211.66,6276.461,11977617600,75177049739313.61,2021-04-15
6283.862,6344.947,6276.432,6339.591,12676465300,80363605327692.3,2021-04-16
6331.71,6431.777,6315.083,6425.261,14220093000,91367808969273.0,2021-04-19
6419.731,6467.381,6410.278,6428.541,13467452300,86576069276094.3,2021-04-20
6396.272,6434.63,6369.77,6420.259,12105173300,77718347825884.7,2021-04-21
6444.284,6472.804,6424.754,6445.466,12492387700,80519260179168.2,2021-04-22
6445.516,6463.975,6412.988,6462.756,12611730600,81506537605533.61,2021-04-23
6480.3,6546.643,6437.191,6442.645,14496413900,93395248530765.5,2021-04-26
6434.613,6466.252,6399.436,6446.282,12589471200,81155281586078.4,2021-04-27
6433.099,6489.744,6410.317,6489.744,11723494300,76082476792459.2,2021-04-28
6495.646,6502.425,6453.52,6491.928,12830543900,83294967199639.2,2021-04-29
6470.353,6503.154,6434.73,6485.708,14425423900,93559087191621.19,2021-04-30
6503.601,6548.066,6440.331,6489.349,15414198100,100028111026036.9,2021-05-06
6505.575,6524.18,6439.895,6444.443,17751874900,114400945936180.7,2021-05-07
6461.418,6493.497,6437.107,6475.994,18908013400,122448181330319.6,2021-05-10
6436.292,6472.869,6349.787,6456.038,18726361100,120898098863321.8,2021-05-11
6434.914,6521.488,6419.737,6512.05,15649093000,101907676070650.0,2021-05-12
6448.96,6496.996,6426.576,6439.027,15965864600,102804633237744.2,2021-05-13
6454.679,6525.804,6421.208,6525.804,16624340700,108487189037422.8,2021-05-14
6521.886,6613.895,6521.886,6578.14,15936375800,104831711105012.0,2021-05-17
6578.971,6604.685,6558.778,6599.599,13250549100,87448310589810.9,2021-05-18
6582.104,6590.981,6544.841,6584.387,13518125500,89008569806568.5,2021-05-19
6541.093,6580.437,6506.408,6548.711,16232992300,106305175237925.3,2021-05-20
6557.488,6570.457,6512.806,6527.864,13435069500,87702306526548.0,2021-05-21
6515.833,6564.071,6494.616,6544.122,13722661200,89802769057466.4,2021-05-24
6549.344,6628.693,6524.303,6619.671,14469203600,95781367464015.61,2021-05-25
6631.366,6642.38,6612.423,6628.207,15623700300,103557119694362.11,2021-05-26
6629.237,6685.483,6620.72,6685.405,14516667600,97049802156378.0,2021-05-27
6699.284,6718.09,6643.644,6668.17,15731838500,104902573530545.0,2021-05-28
6681.55,6729.074,6667.258,6728.991,14692949300,98868723603156.3,2021-05-31
6718.643,6742.98,6656.663,6739.762,16109195700,108572145029423.39,2021-06-01
6740.503,6748.151,6662.751,6681.429,15736532000,105142521264228.0,2021-06-02
6680.105,6744.518,6654.455,6667.726,15488569100,103273534890866.6,2021-06-03
6642.06,6725.686,6628.006,6693.057,13786640400,92274770035702.8,2021-06-04
6705.736,6729.845,6689.702,6721.502,14056089600,94478034358579.2,2021-06-07
6726.087,6752.627,6652.391,6684.563,13868494700,92704826537316.1,2021-06-08
6677.138,6712.252,6656.055,6692.905,13651103400,91365538201377.0,2021-06-09
6688.819,6773.456,6683.494,6765.644,15428096400,104381007840081.61,2021-06-10
6773.642,6775.863,6717.273,6725.915,16956960700,114051076326540.5,2021-06-11
6734.095,6736.537,6649.204,6663.662,15220925000,101427099527350.0,2021-06-15
6659.494,6662.778,6554.893,6566.286,13680787700,89831964743482.2,2021-06-16
6554.301,6618.504,6554.301,6616.174,12449256200,82366445189778.8,2021-06-17
6610.266,6671.882,6587.035,6657.764,13802258100,91892177096888.4,2021-06-18
6652.653,6722.984,6638.517,6707.176,14303117200,95933524409027.2,2021-06-21
6723.298,6748.966,6691.822,6739.794,14654349700,98767298181961.8,2021-06-22
6741.577,6803.974,6720.582,6789.946,15530960900,105454385839111.4,2021-06-23
6791.861,6791.861,6743.327,6754.866,14504652200,97976981987605.2,2021-06-24
6748.866,6824.858,6739.016,6813.414,15148565900,103213450982982.6,2021-06-25
6814.317,6843.519,6802.858,6828.516,14550405000,99357673348980.0,2021-06-28
6833.057,6835.048,6756.916,6765.42,13662572200,92433039213324.0,2021-06-29
6767.742,6812.38,6757.34,6808.183,12540616100,85378809341546.3,2021-06-30
6827.697,6827.697,6716.666,6716.666,13835081100,92925618831612.61,2021-07-01
6701.064,6718.505,6651.485,6658.045,13647228700,90863862809891.5,2021-07-02
6670.126,6716.147,6663.544,6711.014,13473472100,90420659891709.4,2021-07-05
6727.967,6747.847,6633.615,6709.498,14501795400,97299767232709.19,2021-07-06
6661.854,6765.434,6642.571,6764.132,14764695200,99870347272566.39,2021-07-07
6774.845,6797.077,6740.85,6748.654,15956454300,107684589137512.2,2021-07-08
6721.609,6814.653,6683.786,6804.539,16610700400,113028158689115.6,2021-07-09
6852.475,6926.758,6840.018,6904.382,19356104400,133641938809480.8,2021-07-12
6901.812,6961.974,6889.026,6961.848,17962084300,125049300659786.4,2021-07-13
6953.822,6973.615,6898.75,6898.75,17173544800,118475992189000.0,2021-07-14
6874.805,6936.579,6828.482,6932.406,17322110800,120083904842584.8,2021-07-15
6931.051,6992.834,6922.346,6925.123,18490785800,128050966031653.39,2021-07-16
6912.098,6931.144,6856.65,6889.338,16973481800,116936053157048.39,2021-07-19
6831.051,6901.133,6825.823,6901.132,14014063000,96712898619316.0,2021-07-20
6923.612,6998.285,6922.921,6984.542,16300927100,113854509968888.2,2021-07-21
6996.255,7026.734,6960.297,7026.548,19023331600,133668352607316.8,2021-07-22
7036.298,7061.668,6968.307,6985.75,22507907400,157234614119550.0,2021-07-23
6974.109,6986.497,6778.497,6868.207,20819723900,142994173428047.3,2021-07-26
6877.442,6925.971,6719.256,6719.256,22861433900,153611826901178.4,2021-07-27
6650.152,6709.226,6534.918,6621.985,19726716600,130630021424451.0,2021-07-28
6720.616,6773.567,6682.119,6758.887,17101788500,115589055969399.5,2021-07-29
6739.755,6775.006,6702.511,6767.316,18971173400,128383925288594.39,2021-07-30
6756.813,6875.416,6731.776,6872.0,20620517300,141704194885600.0,2021-08-02
6844.37,6879.593,6792.712,6816.011,19418943200,132359730459575.2,2021-08-03
6814.085,6931.781,6813.228,6931.337,17406434700,120649864874193.9,2021-08-04
6920.939,6946.335,6880.691,6911.829,17937188500,123978779652766.5,2021-08-05
6929.023,6947.536,6885.647,6938.868,17235691200,119596186125561.61,2021-08-06
6914.322,6989.706,6877.195,6979.526,17383337100,121327453256214.6,2021-08-09
6970.826,7019.685,6958.805,7019.228,17308796200,121494386933333.6,2021-08-10
7024.769,7076.373,6999.933,7073.522,18835790600,133235379196493.2,2021-08-11
7059.467,7115.887,7051.013,7095.202,19407912500,137703059585825.0,2021-08-12
7070.471,7124.922,7050.305,7088.888,19219060400,136241766640835.2,2021-08-13
7087.58,7102.396,7039.103,7052.488,18817888600,132712933536836.81,2021-08-16
7045.755,7063.018,6876.499,6894.404,20193637200,139223093086228.81,2021-08-17
6883.266,6950.885,6865.066,6941.008,17536733100,121722604740964.8,2021-08-18
6917.509,6978.983,6869.293,6947.056,17181358900,119359862434398.39,2021-08-19
6915.018,6952.519,6843.002,6920.025,17562713900,121534419255847.5,2021-08-20
6949.332,7031.884,6949.332,7024.565,18945660800,133085025757552.0,2021-08-23
7031.648,7098.029,7009.69,7090.782,20272689500,143749221798189.0,2021-08-24
7092.147,7153.274,7058.571,7153.004,19812689000,141720243667756.0,2021-08-25
7151.53,7175.512,7115.845,7118.844,23017619600,163858843183742.4,2021-08-26
7096.655,7185.727,7083.211,7180.109,22383046300,160712712186046.72,2021-08-27
7202.626,7262.604,7190.614,7226.882,25064914800,181141181599653.6,2021-08-30
7202.524,7255.342,7159.302,7255.342,24510834200,177834484826296.4,2021-08-31
7271.034,7278.156,7100.307,7193.1,29552014000,212570591903400.0,2021-09-01
7172.399,7309.332,7172.399,7307.008,25341169800,185168130457958.4,2021-09-02
7335.696,7385.243,7227.035,7278.681,28880124000,210209209836444.0,2021-09-03
7297.361,7359.537,7231.729,7355.401,25587515300,188206435625135.28,2021-09-06
7360.383,7501.126,7350.696,7498.926,26072754100,195517653612096.62,2021-09-07
7496.334,7549.454,7483.871,7544.041,27284780800,205837505031212.8,2021-09-08
7534.982,7617.657,7526.969,7617.451,28720406800,218776291499066.8,2021-09-09
7613.604,7661.426,7564.261,7607.675,29346864200,223261405102735.0,2021-09-10
7613.54,7650.879,7566.776,7648.748,26361861000,201635231600028.0,2021-09-13
7630.715,7688.604,7544.016,7556.616,27150151200,205163266960339.2,2021-09-14
7535.251,7627.67,7521.877,7592.306,23339841600,177203219418729.6,2021-09-15
7616.881,7657.225,7445.233,7446.935,26764977900,199317050697736.5,2021-09-16
7421.805,7471.419,7275.983,7395.565,23360422600,172763523765769.0,2021-09-17
7305.079,7453.932,7298.027,7453.625,19679453400,146683265848575.0,2021-09-22
7512.331,7543.66,7467.202,7502.839,24115869400,180937485453226.6,2021-09-23
7490.565,7490.565,7373.285,7380.384,23171558200,171014997394348.8,2021-09-24
7400.005,7410.467,7128.512,7170.59,23954240700,171766038821013.0,2021-09-27
7158.62,7227.457,7155.274,7198.897,20280056700,145994039337459.9,2021-09-28
7142.761,7161.212,6996.572,7010.219,21057070200,147614673600373.8,2021-09-29
7034.694,7116.037,7034.694,7103.608,20248261200,143835710246409.6,2021-09-30
7191.225,7198.961,7058.831,7091.336,20546770500,145704053330388.0,2021-10-08
7102.882,7123.746,7048.873,7090.467,19542083900,138562501004181.3,2021-10-11
7069.352,7079.705,6891.845,6952.19,20166672300,140202537497336.98,2021-10-12
6957.729,6991.244,6887.339,6981.595,16260465500,113523984632472.5,2021-10-13
6970.647,7033.396,6949.481,7008.333,15476466800,108464232997844.39,2021-10-14
6996.12,7034.028,6975.24,7024.16,17410833900,122296483047024.0,2021-10-15
7027.14,7071.87,6983.716,7068.105,17562701400,124135017578847.0,2021-10-18
7060.775,7127.236,7051.779,7120.379,16813576400,119719036313455.6,2021-10-19
7081.985,7154.909,7067.135,7118.796,17051134100,121383545226543.61,2021-10-20
7127.635,7145.584,7069.451,7098.254,16797196700,119230768664561.8,2021-10-21
7089.135,7110.657,7020.871,7026.068,17161515100,120577972075626.8,2021-10-22
7019.022,7105.977,7003.779,7103.986,15900460300,112956647364755.8,2021-10-25
7120.066,7155.628,7085.069,7102.434,17503220500,124315468388697.0,2021-10-26
7093.124,7097.857,7017.862,7048.604,17902088700,126184734019174.81,2021-10-27
7026.294,7043.417,6930.541,6950.277,18807533800,130717569596862.6,2021-10-28
6955.847,7022.754,6920.307,7022.499,17077953300,119929909971296.7,2021-10-29
7005.069,7087.292,6993.27,7060.756,18414299100,130018872856119.61,2021-11-01
7061.002,7093.612,6921.85,6985.1,19611472800,136988098655280.0,2021-11-02
6975.064,7034.092,6962.869,7017.854,15081464800,105839518072539.2,2021-11-03
7031.947,7073.852,7018.609,7073.852,15265204900,107983800212274.8,2021-11-04
7071.083,7073.852,6991.152,6991.908,17724139200,123925550665593.61,2021-11-05
6986.496,7034.141,6984.81,7026.972,14636085700,102847364403500.39,2021-11-08
7037.573,7087.023,7028.313,7081.754,14169684700,100346221302963.8,2021-11-09
7061.636,7072.148,6965.863,7062.331,16213835400,114507472374317.4,2021-11-10
7048.863,7121.922,7033.088,7119.859,16540069300,117762961266228.7,2021-11-11
7118.993,7165.106,7112.582,7156.613,16851342300,120598535371629.9,2021-11-12
7166.037,7176.77,7083.778,7098.213,16114820200,114386426236302.6,2021-11-15
7083.921,7121.744,7040.507,7045.939,16237031600,114405134194672.4,2021-11-16
7043.633,7106.054,7033.953,7104.534,14034710700,99710079348313.8,2021-11-17
7108.78,7130.288,7066.489,7084.683,16271486000,115278320248938.0,2021-11-18
7083.007,7174.251,7073.717,7169.876,17818585400,127757047813410.4,2021-11-19
7177.401,7259.532,7177.401,7255.074,18052248000,130970395106352.0,2021-11-22
7245.946,7292.917,7239.0,7261.379,18959503300,137672139113050.7,2021-11-23
7260.216,7278.396,7229.604,7256.112,17767407200,128922296592806.4,2021-11-24
7262.793,7262.793,7228.291,7233.542,16406809800,118679347774311.61,2021-11-25
7216.638,7249.199,7201.195,7219.862,15942313700,115101304874709.4,2021-11-26
7129.939,7226.339,7125.43,7221.898,16694140600,120563380610858.8,2021-11-29
7252.332,7281.134,7210.835,7252.755,18633616300,135145053787906.5,2021-11-30
7239.128,7272.94,7215.672,7272.837,17180629500,124951917910891.5,2021-12-01
7256.424,7279.946,7221.362,7229.988,17655554400,127649446445347.2,2021-12-02
7233.572,7310.275,7223.796,7301.917,18622273800,135978297638874.61,2021-12-03
7308.989,7330.469,7235.448,7240.456,21306995200,154272361237811.2,2021-12-06
7274.126,7284.645,7148.068,7206.826,19224385400,138546800534740.4,2021-12-07
7225.0,7302.991,7214.259,7302.991,16928045300,123625362473492.3,2021-12-08
7298.796,7331.584,7290.268,7320.318,19608716800,143542042547942.4,2021-12-09
7285.974,7317.266,7276.613,7306.646,18723069500,136802840869897.0,2021-12-10
7334.11,7371.31,7322.438,7353.031,18536306100,136298033378789.1,2021-12-13
7330.236,7349.878,7314.43,7324.133,15958375300,116881263161114.89,2021-12-14
7319.664,7352.379,7302.383,7314.259,15992392300,116972499311805.7,2021-12-15
7323.412,7380.997,7323.412,7380.997,17769034000,131153186646898.0,2021-12-16
7380.72,7384.018,7308.722,7314.56,19626533600,143559457609216.0,2021-12-17
7290.949,7313.482,7191.05,7195.973,18172785300,130770872353596.9,2021-12-20
7190.973,7285.721,7190.973,7275.468,17621674600,128205929658712.8,2021-12-21
7289.907,7318.605,7271.818,7302.463,17411719000,127148433763897.0,2021-12-22
7306.159,7349.995,7290.379,7337.19,16913176000,124095185815440.0,2021-12-23
7336.0,7339.941,7257.527,7278.756,16941870200,123315739369471.2,2021-12-24
7269.37,7323.876,7255.716,7272.749,14861878900,108086714908096.1,2021-12-27
7281.004,7290.539,7240.928,7286.034,14326204000,104381209434936.0,2021-12-28
7275.674,7290.86,7242.302,7247.774,13620955200,98721604953724.8,2021-12-29
7246.031,7324.498,7244.222,7310.96,14165111100,103560560647656.0,2021-12-30
7320.936,7368.13,7317.705,7359.402,14990900300,110324061649620.6,2021-12-31
7387.806,7392.102,7317.501,7354.456,20081001800,147684844174020.8,2022-01-04
7343.9,7346.262,7200.731,7222.675,19400240400,140121631331070.0,2022-01-05
7187.95,7242.766,7167.808,7229.96,17333576500,125321064751940.0,2022-01-06
7232.409,7262.805,7168.04,7175.676,20001801100,143526444110043.6,2022-01-07
7161.438,7193.922,7122.089,7191.451,16574887800,119197493444197.8,2022-01-10
7187.016,7206.919,7118.838,7135.223,16949456500,120938151856299.5,2022-01-11
7160.176,7196.933,7148.628,7196.933,15605148300,112309206770163.9,2022-01-12
7203.243,7203.243,7096.325,7097.759,16914896800,120057860996271.2,2022-01-13
7063.423,7125.092,7052.635,7081.141,17559119800,124338603139691.8,2022-01-14
7080.616,7169.345,7078.663,7157.859,16177971900,115799641766162.11,2022-01-17
7163.128,7191.005,7133.195,7163.159,17923539100,128389160416016.89,2022-01-18
7144.477,7182.062,7078.361,7118.762,16317836800,116162796534041.6,2022-01-19
7119.51,7135.776,7040.014,7056.785,16866628200,119024168882337.0,2022-01-20
7037.939,7040.425,6965.333,6976.616,14467978900,100937533081402.4,2022-01-21
6942.918,7006.701,6925.771,6979.246,12267956400,85621085632874.4,2022-01-24
6959.995,6979.483,6743.957,6743.957,15033724400,101386790903450.81,2022-01-25
6762.351,6799.813,6721.896,6782.576,12061531000,81808250683856.0,2022-01-26
6781.608,6785.727,6605.916,6605.916,12524375600,82734973166049.61,2022-01-27
6690.176,6690.176,6510.181,6580.53,12708881900,83631178609407.0,2022-01-28
6664.568,6702.332,6656.131,6676.612,14509261900,96872712112682.8,2022-02-07
6678.989,6742.402,6599.367,6742.192,15959857500,107604423557640.0,2022-02-08
6736.751,6848.695,6725.798,6843.027,16282272100,111420027601646.7,2022-02-09
6841.161,6864.686,6797.007,6840.485,15491656500,105970443913402.5,2022-02-10
6811.78,6840.721,6735.894,6745.024,15980135400,107786396796249.61,2022-02-11
6711.588,6765.516,6667.49,6695.696,13708245900,91786247239646.4,2022-02-14
6700.818,6762.859,6686.949,6760.278,11280576000,76259829760128.0,2022-02-15
6779.208,6788.364,6751.8,6772.034,10841400300,73418331439210.2,2022-02-16
6764.334,6797.615,6730.18,6768.789,12298508900,83246011758722.1,2022-02-17
6734.519,6835.203,6727.816,6835.022,13995263800,95657935968803.6,2022-02-18
6843.084,6871.993,6822.876,6867.113,14514631300,99673613290436.9,2022-02-21
6827.047,6827.047,6743.849,6784.762,14860991500,100828290411523.0,2022-02-22
6785.103,6889.696,6785.103,6887.424,14411662000,99259226738688.0,2022-02-23
6861.412,6898.414,6688.753,6764.876,21084975500,142637244720538.0,2022-02-24
6805.637,6895.044,6801.327,6819.431,15642913900,106675771979990.89,2022-02-25
6831.488,6853.343,6770.051,6853.308,13960138800,95673130919150.4,2022-02-28
6868.622,6889.331,6837.247,6874.045,13771721800,94667435380681.0,2022-03-01
6853.072,6878.35,6828.063,6875.24,13711497800,94269838134472.0,2022-03-02
6900.977,6907.409,6843.987,6859.552,18909178100,129708490454211.19,2022-03-03
6823.835,6871.086,6779.414,6803.834,17741188200,120708099475558.8,2022-03-04
6800.767,6800.816,6628.483,6659.39,16648459400,110868584043766.0,2022-03-07
6650.58,6665.947,6416.8,6429.889,18629607900,119786310910523.11,2022-03-08
6443.202,6462.478,6066.764,6305.609,19780274000,124726673756866.0,2022-03-09
6424.912,6475.144,6390.725,6414.94,15315235500,98246316818370.0,2022-03-10
6343.186,6479.721,6270.023,6474.127,15211450300,98480861096388.11,2022-03-11
6419.239,6490.612,6323.578,6323.578,13795400500,87236291102989.0,2022-03-14
6272.443,6278.069,5964.981,5964.981,19471374500,116146378936384.5,2022-03-15
6068.9,6173.788,5824.33,6156.271,17882684700,110090653220753.69,2022-03-16
6233.644,6369.888,6225.98,6267.524,17043854100,106822764624248.4,2022-03-17
6249.476,6338.224,6231.726,6332.217,15262021400,96642431363443.8,2022-03-18
6340.559,6389.21,6284.853,6358.943,15965372300,101522892429478.9,2022-03-21
6343.4,6404.827,6313.274,6358.109,15110787400,96076033365026.61,2022-03-22
6368.313,6420.159,6353.336,6398.101,14317935800,91607599359915.8,2022-03-23
6370.971,6384.405,6315.142,6344.115,13774908600,87389604272889.0,2022-03-24
6346.711,6373.466,6268.238,6268.238,13497225600,84603822400492.8,2022-03-25
6230.121,6322.128,6176.248,6283.281,14485788700,91018280908724.7,2022-03-28
6289.476,6316.313,6233.282,6253.069,14136212400,88394711535855.61,2022-03-29
6272.002,6377.874,6261.804,6377.874,16401457500,104606429351355.0,2022-03-30
6361.104,6383.074,6313.966,6324.961,17690394800,111891057184602.8,2022-03-31
6289.39,6373.26,6274.001,6364.521,17512859600,111460962694251.6,2022-04-01
6363.002,6363.002,6279.072,6356.927,19685358400,125138386317636.8,2022-04-06
6321.809,6364.628,6221.591,6221.591,19076219200,118684433688747.2,2022-04-07
6227.195,6237.915,6117.014,6224.117,18395489200,114495677053036.4,2022-04-08
6202.023,6202.023,6001.566,6029.894,17838481200,107564150756992.8,2022-04-11
6019.674,6135.57,5964.389,6126.907,17318018800,106105890611851.61,2022-04-12
6094.685,6129.659,6039.923,6044.326,16704306000,100966271067756.0,2022-04-13
6074.134,6156.496,6060.681,6126.49,15903310600,97431473357794.0,2022-04-14
6094.122,6122.29,6048.16,6070.749,18462700000,112082417562300.0,2022-04-15
6019.531,6094.671,5975.446,6074.007,14918638000,90615911642466.0,2022-04-18
6067.48,6106.931,6052.096,6092.396,14199753400,86510520815146.39,2022-04-19
6082.812,6093.783,5942.005,5956.921,15105560300,89982629367836.3,2022-04-20
5933.789,5971.194,5742.418,5759.801,15785450500,90921053575350.5,2022-04-21
5728.193,5794.335,5667.338,5740.984,13999759800,80372397015643.2,2022-04-22
5656.394,5656.394,5369.717,5369.717,18675348000,100281333636516.0,2022-04-25
5374.255,5434.704,5225.207,5234.006,17129943300,89658226011859.81,2022-04-26
5179.031,5440.069,5158.476,5437.037,17969338400,97699957746320.81,2022-04-27
5398.904,5472.823,5339.609,5418.764,15503977300,84012394050057.2,2022-04-28
5458.915,5630.933,5443.665,5627.902,18128951200,102027960716382.4,2022-04-29
5612.496,5728.616,5606.941,5686.702,16864320800,95902366822001.61,2022-05-05
5560.976,5629.647,5542.181,5563.769,15299334100,85121960786222.9,2022-05-06
5552.476,5626.591,5537.975,5608.516,13155392900,73782231565936.39,2022-05-09
5532.6,5698.514,5519.472,5690.087,16532961300,94073988164633.11,2022-05-10
5697.429,5856.192,5696.702,5737.817,18516362700,106243500678225.9,2022-05-11
5707.556,5779.32,5687.175,5743.101,13921616900,79953251940006.89,2022-05-12
5765.317,5796.801,5731.86,5796.801,13655977500,79160984027977.5,2022-05-13
5840.243,5855.723,5767.545,5791.081,15138727500,87669597189427.5,2022-05-16
5789.916,5816.338,5724.445,5816.338,13082939100,76094795839015.8,2022-05-17
5815.605,5846.844,5785.455,5797.49,12724384500,73769491894905.0,2022-05-18
5708.801,5838.407,5700.106,5838.407,13662374000,79766499998218.0,2022-05-19
5854.014,5929.542,5849.761,5929.488,16572732900,98267820857755.2,2022-05-20
5941.142,5968.851,5908.659,5965.728,15387601700,91798246314537.6,2022-05-23
5962.149,5967.233,5745.675,5745.675,17754083400,102009193139295.0,2022-05-24
5741.235,5844.282,5736.139,5844.255,14359063500,83918028655192.5,2022-05-25
5848.026,5928.707,5780.97,5911.561,16235036200,95974406833508.19,2022-05-26
5921.332,5952.615,5854.61,5899.915,14340686200,84608829621673.0,2022-05-27
5918.243,5942.997,5867.192,5942.832,13385264700,79546379387630.4,2022-05-30
5940.372,6033.473,5902.275,6026.237,15594491800,93976103481356.6,2022-05-31
6008.752,6042.372,5970.493,6023.644,15536577300,93586810633681.2,2022-06-01
6000.618,6084.317,5987.641,6078.435,15957167500,96994605432862.5,2022-06-02
6079.885,6194.426,6070.707,6187.444,18267996300,113032204098457.2,2022-06-06
6186.577,6199.723,6136.039,6186.567,17731171800,109695082329210.6,2022-06-07
6184.96,6227.329,6110.06,6217.828,18642886400,115918261058739.2,2022-06-08
6207.727,6209.11,6088.464,6130.686,17212977500,105527360177565.0,2022-06-09
6083.501,6250.363,6078.785,6240.103,19254134000,120147779335802.0,2022-06-10
6188.766,6250.681,6172.915,6233.619,18813239700,117274568445474.3,2022-06-13
6161.62,6278.972,6061.191,6275.565,19740316500,123881639316322.48,2022-06-14
6275.371,6398.359,6261.039,6261.061,23814076500,149101385625166.5,2022-06-15
6262.287,6330.35,6242.329,6264.822,19461508300,121922885351022.61,2022-06-16
6220.583,6328.361,6181.854,6316.309,16785912900,106025012723486.11,2022-06-17
6323.406,6359.0,6277.216,6330.394,17520714600,110913026579552.4,2022-06-20
6324.841,6337.083,6215.292,6277.001,16446163000,103232581597163.0,2022-06-21
6281.867,6285.652,6176.851,6179.57,15409431800,95223662468326.0,2022-06-22
6186.987,6300.475,6142.937,6300.475,16826604400,106015600357090.0,2022-06-23
6306.829,6378.498,6304.082,6368.283,15771270400,100435913176723.2,2022-06-24
6398.36,6449.338,6390.285,6407.745,16891819100,108238469378929.5,2022-06-27
6412.44,6506.665,6392.109,6501.352,17058271100,110901824932527.2,2022-06-28
6479.17,6501.393,6370.016,6374.297,19072830800,121575888149947.6,2022-06-29
6385.215,6493.091,6385.215,6454.078,16384677500,105747986589845.0,2022-06-30
6450.75,6481.149,6423.857,6438.538,14420464300,92846707373193.39,2022-07-01
6445.075,6524.295,6405.379,6523.131,15781996900,102948033220293.9,2022-07-04
6535.454,6548.302,6435.737,6511.53,18662546900,121521734015757.0,2022-07-05
6489.021,6496.972,6359.466,6418.545,17710450200,113675321578959.0,2022-07-06
6414.408,6482.418,6380.167,6452.986,15735112300,101538459380327.8,2022-07-07
6478.291,6490.149,6404.161,6404.439,15098669800,96698509715242.2,2022-07-08
6387.449,6387.449,6274.738,6319.14,15199366600,96046925456724.0,2022-07-11
6317.878,6346.514,6238.563,6241.479,14451309200,90197542894306.8,2022-07-12
6238.68,6287.64,6207.722,6268.494,14271072300,89458131086116.2,2022-07-13
6267.472,6339.422,6254.682,6302.432,14035405000,88457185604960.0,2022-07-14
6279.677,6323.535,6196.8,6196.8,15838682800,98149149575040.0,2022-07-15
6216.1,6315.656,6200.52,6312.356,15914462400,100457752217414.39,2022-07-18
6318.837,6347.243,6283.402,6335.709,14638478000,92745136810902.0,2022-07-19
6353.003,6416.872,6351.818,6410.709,14293257300,91629913212425.7,2022-07-20
6400.066,6408.458,6347.598,6347.598,14821018400,94077866753803.2,2022-07-21
6353.925,6371.318,6236.343,6289.533,13062066900,82154300815757.7,2022-07-22
6297.1,6319.18,6213.474,6231.236,12945802900,80668353079384.39,2022-07-25
6239.209,6319.249,6213.837,6307.956,11727654100,73977526046019.6,2022-07-26
6301.608,6344.207,6286.352,6332.233,12043512700,76262328554859.11,2022-07-27
6361.273,6393.727,6339.55,6348.166,13847342900,87905231388121.4,2022-07-28
6356.52,6365.26,6285.719,6294.114,13792579200,86812065838828.8,2022-07-29
6293.383,6350.038,6253.055,6347.221,12867901200,81675412722565.19,2022-08-01
6288.606,6288.606,6095.057,6169.996,18290253900,112850793401984.4,2022-08-02
6171.617,6261.91,6111.22,6124.315,14721340900,90158128893983.5,2022-08-03
6160.486,6177.617,6080.101,6158.735,11364638100,69991794428803.5,2022-08-04
6175.481,6274.273,6163.505,6270.511,12428444800,77932699831292.81,2022-08-05
6266.567,6324.34,6249.616,6323.075,11613293400,73431725165205.0,2022-08-08
6314.104,6344.84,6290.872,6341.481,11696665300,74174180763309.3,2022-08-09
6331.413,6362.291,6298.861,6322.056,11889992800,75169200321196.8,2022-08-10
6349.496,6439.359,6341.722,6439.359,14203828400,91463550241995.61,2022-08-11
6425.11,6463.067,6416.291,6420.853,14039991700,90148722826920.1,2022-08-12
6405.717,6462.538,6394.218,6442.809,13362748200,86093634367693.8,2022-08-15
6446.76,6492.54,6440.376,6465.187,13584149500,87824066753456.5,2022-08-16
6473.253,6501.362,6428.965,6493.505,14622031900,94948237252809.5,2022-08-17
6481.37,6483.693,6448.746,6468.806,13045175900,84386712132975.39,2022-08-18
6468.823,6477.314,6390.933,6391.716,14259085100,91140022379031.61,2022-08-19
6381.34,6472.794,6363.218,6472.68,13373550000,86562709614000.0,2022-08-22
6460.172,6475.823,6436.081,6466.405,13367637700,86440559261468.5,2022-08-23
6470.686,6472.683,6277.989,6284.577,15810387200,99361595758214.4,2022-08-24
6303.145,6327.092,6225.676,6322.696,14194636700,89748372684543.2,2022-08-25
6331.079,6381.483,6286.523,6298.374,13040583700,82134473320903.8,2022-08-26
6213.402,6310.993,6205.127,6310.402,12526884900,79049679526729.8,2022-08-29
6309.579,6319.17,6248.138,6285.927,13210920000,83042878722840.0,2022-08-30
6265.593,6280.186,6132.233,6155.746,14727540800,90659000369436.8,2022-08-31
6153.287,6207.244,6118.577,6126.769,11857505400,72648196502052.61,2022-09-01
6135.296,6176.171,6117.727,6149.427,10656438400,65530990020796.8,2022-09-02
6147.706,6184.804,6122.619,6182.647,11747924400,72633269547886.8,2022-09-05
6198.487,6292.532,6187.952,6291.571,12984604000,81693557972884.0,2022-09-06
6269.991,6314.118,6256.613,6301.564,12016029200,75719777029668.8,2022-09-07
6299.907,6309.897,6266.518,6272.575,11616426900,72864908962267.5,2022-09-08
6275.898,6321.823,6254.261,6316.972,12138922800,76681235437761.6,2022-09-09
6334.861,6343.774,6291.445,6300.422,11810631400,74411961906450.8,2022-09-13
6214.912,6273.634,6206.925,6249.963,10912116000,68200321251708.0,2022-09-14
6280.446,6282.693,6053.799,6107.796,14164350000,86512960272600.0,2022-09-15
6091.42,6102.542,5954.504,5954.504,13717211500,81679190745596.0,2022-09-16
5947.857,5967.655,5880.494,5913.149,10402541200,61511776094238.805,2022-09-19
5949.336,6002.792,5940.581,5958.292,8881300000,52917378739600.0,2022-09-20
5943.094,5998.7,5876.516,5978.581,10346364400,61856577620916.4,2022-09-21
5938.099,6015.119,5931.731,5965.885,9986760200,59579862875777.0,2022-09-22
5961.062,5986.821,5839.932,5889.602,10060943700,59254954137407.4,2022-09-23
5841.578,5922.32,5798.279,5806.318,10324436000,59946958586648.0,2022-09-26
5823.548,5920.053,5808.252,5920.053,9741802200,57671985339516.6,2022-09-27
5910.049,5910.049,5769.52,5769.52,9369485300,54057432828056.01,2022-09-28
5823.272,5856.16,5741.018,5771.881,9538579800,55055547514603.805,2022-09-29
5764.152,5804.202,5714.063,5714.063,8554516800,48881047929758.4,2022-09-30
5729.755,5758.042,5618.804,5635.711,9746934500,54930905977929.5,2022-10-10
5642.479,5703.271,5606.994,5684.506,8657146900,49211603495931.41,2022-10-11
5680.364,5820.454,5594.297,5820.454,10610175700,61756039593767.8,2022-10-12
5789.661,5876.476,5780.176,5830.336,10572226800,61639634512204.805,2022-10-13
5866.859,5996.044,5866.859,5973.439,11821224500,70613363456055.5,2022-10-14
5952.38,6023.526,5945.428,6015.596,11146186900,67050957330892.4,2022-10-17
6031.047,6074.373,5996.393,6035.674,10575019500,63827370245643.0,2022-10-18
6021.8,6037.443,5970.437,5972.723,9388106500,56072559618999.5,2022-10-19
5943.477,6035.552,5886.396,5948.862,10338824500,61504240192719.0,2022-10-20
5959.207,5993.876,5928.919,5956.881,9682629500,57678271698589.5,2022-10-21
5968.542,6061.208,5857.858,5896.903,11950108100,70468628305214.3,2022-10-24
5864.025,5926.568,5785.409,5869.781,10704585400,62833571993797.4,2022-10-25
5871.077,6016.917,5871.077,5971.601,11653007900,69587113628647.9,2022-10-26
5978.285,6020.893,5962.974,5963.004,11708821900,69819751824987.6,2022-10-27
5922.819,5934.797,5760.045,5781.797,13167633200,76132582132860.39,2022-10-28
5745.078,5859.597,5743.555,5807.106,12701606400,73759574735078.39,2022-10-31
5814.215,5942.136,5786.871,5941.145,13661677600,81166007564852.0,2022-11-01
5925.651,6028.767,5916.061,5997.804,14233028600,85366915869194.4,2022-11-02
5944.511,6018.418,5937.605,5996.719,10638690600,63797238056141.4,2022-11-03
5996.305,6157.428,5996.305,6133.463,13870711100,85075493315539.3,2022-11-04
6133.239,6166.191,6100.606,6141.409,13809240900,84808196346428.1,2022-11-07
6139.89,6141.023,6095.445,6134.256,10826753100,66414075164193.6,2022-11-08
6140.542,6182.338,6118.729,6120.829,10476225000,64123181790525.0,2022-11-09
6085.285,6119.035,6061.808,6089.695,11640192800,70885223893196.0,2022-11-10
6223.228,6249.349,6134.682,6138.621,17649212100,108341824030514.11,2022-11-11
6140.188,6189.383,6104.93,6129.513,15948672500,97757595421492.5,2022-11-14
6125.107,6236.384,6112.619,6236.384,14986096500,93459052435056.0,2022-11-15
6238.584,6263.156,6190.012,6203.917,12977037600,80508464176279.2,2022-11-16
6182.691,6217.205,6148.615,6217.205,12343019600,76739083172218.0,2022-11-17
6213.091,6251.107,6181.554,6191.648,13118109300,81222715211126.4,2022-11-18
6147.717,6196.647,6116.296,6189.709,11285438700,69853581490338.3,2022-11-21
6178.163,6196.196,6100.113,6125.4,11608602400,71107333140960.0,2022-11-22
6114.269,6140.114,6045.024,6115.605,11519351700,70447804853278.5,2022-11-23
6126.598,6149.96,6099.75,6120.066,10020069900,61323489112613.4,2022-11-24
6095.126,6107.073,6062.003,6087.859,10774234500,65592020468935.51,2022-11-25
5999.855,6059.016,5970.086,6055.284,11794010700,71416084287538.8,2022-11-28
6071.449,6173.849,6071.224,6163.821,15532447100,95739223616369.1,2022-11-29
6156.772,6175.682,6118.902,6156.147,15464797200,95203564888388.4,2022-11-30
6211.291,6229.834,6186.102,6186.102,15252332500,94352484582915.0,2022-12-01
6177.923,6206.986,6154.209,6168.013,11550097500,71241151531267.5,2022-12-02
6201.98,6227.214,6182.976,6215.124,17047721100,105953700553916.39,2022-12-05
6202.524,6244.638,6185.494,6211.252,14937281500,92779219591438.0,2022-12-06
6198.053,6243.902,6183.334,6204.005,13782124600,85504369929023.0,2022-12-07
6199.164,6206.141,6168.781,6186.284,13105132500,81072071502630.0,2022-12-08
6185.794,6213.517,6159.504,6192.301,16780682500,103911037025432.5,2022-12-09
6181.244,6182.078,6146.255,6154.809,13409831000,82534948527279.0,2022-12-12
6153.738,6154.297,6113.414,6121.662,10485751500,64190226498993.0,2022-12-13
6122.432,6139.738,6084.08,6096.386,9508991600,57970483264357.6,2022-12-14
6090.118,6108.96,6078.004,6101.879,8819045400,53812747926306.6,2022-12-15
6071.956,6087.458,6036.051,6072.863,9391067200,57030664529393.6,2022-12-16
6058.894,6081.444,5911.88,5936.475,10510620100,62396033458147.5,2022-12-19
5919.027,5920.987,5857.858,5878.031,7862327300,46215003601546.3,2022-12-20
5879.272,5892.907,5819.668,5845.835,6978343100,40794242335988.5,2022-12-21
5867.724,5875.474,5761.984,5779.056,8223187300,47522259905188.8,2022-12-22
5751.949,5805.51,5732.471,5763.346,6655686500,38359024167029.0,2022-12-23
5769.069,5850.912,5769.069,5843.256,7542413300,44072251769704.805,2022-12-26
5857.754,5891.354,5832.27,5885.662,8178042300,48133192799502.6,2022-12-27
5869.456,5889.318,5848.242,5862.097,9009889800,52816847966910.6,2022-12-28
5843.943,5895.981,5835.334,5857.402,7951079400,46572668379718.8,2022-12-29
5875.279,5885.89,5848.955,5864.467,7534503200,44185845377794.4,2022-12-30
5861.55,5964.819,5848.146,5955.897,9955783700,59295622271478.9,2023-01-03
5952.506,5970.576,5922.865,5952.454,9716044100,57834305567221.4,2023-01-04
5959.438,6017.341,5950.09,6010.464,9662997900,58079101010025.6,2023-01-05
6004.173,6050.887,5998.835,6012.815,9924487700,59674108509875.49,2023-01-06
6028.399,6070.161,6023.639,6040.019,10069682900,60821076039975.1,2023-01-09
6044.641,6053.585,6017.152,6048.297,9639335100,58301561567324.695,2023-01-10
6049.039,6070.448,6004.219,6014.157,9440638900,56777484524907.305,2023-01-11
6022.561,6048.189,5995.911,6015.287,9290012400,55882090819558.805,2023-01-12
6030.93,6058.225,6015.218,6057.69,9002502000,54534366340380.0,2023-01-13
6068.912,6168.745,6068.14,6126.177,12961973000,79407340867221.0,2023-01-16
6129.735,6138.174,6107.761,6132.639,9592169900,58825315223366.1,2023-01-17
6139.691,6168.374,6136.97,6151.456,9455583600,58165606469721.6,2023-01-18
6145.621,6204.326,6130.424,6204.326,9977779300,61905395533251.8,2023-01-19
6214.025,6253.269,6214.025,6251.434,11390454200,71206672661322.8,2023-01-20
6331.876,6342.449,6279.451,6283.327,14651792000,92062000271984.0,2023-01-30
6266.296,6303.912,6259.528,6289.15,13530209300,85093515819095.0,2023-01-31
6300.5,6368.791,6293.492,6365.905,15244222000,97043269050910.0,2023-02-01
6383.298,6402.264,6347.729,6370.141,14929281100,95101625635635.1,2023-02-02
6354.714,6354.714,6267.438,6343.686,12150718200,77080340935285.2,2023-02-03
6314.6,6330.793,6274.543,6302.335,10848530800,68371075359418.0,2023-02-06
6309.221,6318.841,6273.595,6317.238,10966268300,69276526822955.41,2023-02-07
6319.516,6323.849,6263.763,6268.276,10599489500,66440525645102.0,2023-02-08
6256.312,6354.803,6250.455,6354.562,10903111900,69284500561487.8,2023-02-09
6348.999,6368.488,6296.548,6334.252,12010082900,76074891629490.81,2023-02-10
6333.219,6386.724,6331.369,6383.828,13156622700,83989616377695.61,2023-02-13
6394.62,6408.551,6369.573,6397.215,12467438900,79756887142663.5,2023-02-14
6398.874,6407.753,6365.311,6384.348,11590702200,73999076409165.6,2023-02-15
6384.215,6429.053,6244.479,6289.479,16838841600,105907540627526.4,2023-02-16
6284.923,6308.568,6237.405,6237.405,11721098500,73109238389392.5,2023-02-17
6248.256,6349.407,6227.349,6346.068,14033407500,89056958266710.0,2023-02-20
6349.907,6396.742,6337.598,6383.425,14182471400,90532742496545.0,2023-02-21
6352.028,6397.145,6344.986,6375.068,10908302900,69541172752097.2,2023-02-22
6377.293,6396.656,6328.644,6360.32,11606465400,73820834012928.0,2023-02-23
6367.631,6372.492,6308.221,6340.844,9695728100,61479099348516.4,2023-02-24
6318.639,6349.091,6288.299,6307.206,10108273800,63754965161002.805,2023-02-27
6323.842,6357.535,6293.179,6357.535,9660316300,61415798988320.5,2023-02-28
6356.504,6410.522,6340.005,6402.141,12390763900,79327417585509.89,2023-03-01
6398.256,6410.231,6375.007,6382.232,12534929700,80000829449090.4,2023-03-02
6384.064,6398.471,6346.959,6390.318,12323477500,78750940090845.0,2023-03-03
6398.102,6405.82,6362.472,6395.219,12684563400,81120560862384.6,2023-03-06
6389.811,6396.541,6284.22,6284.299,13792886900,86678625352783.1,2023-03-07
6264.432,6303.711,6258.317,6301.516,9869835700,62194927580921.195,2023-03-08
6311.042,6311.335,6258.45,6285.952,9268891400,58263806433612.805,2023-03-09
6251.56,6261.33,6202.612,6204.899,10805229000,67045354616871.0,2023-03-10
6189.976,6245.003,6178.672,6245.003,10800655200,67450124125965.59,2023-03-13
6237.731,6243.418,6127.688,6189.397,12120014500,75015581386256.5,2023-03-14
6210.928,6254.486,6210.928,6224.64,11294852800,70306392532992.0,2023-03-15
6191.296,6209.973,6133.833,6140.832,12763268500,78377087629392.0,2023-03-16
6174.192,6233.753,6169.844,6183.184,13710833400,84776605705545.61,2023-03-17
6195.351,6201.974,6152.808,6160.354,14558089100,89682982419541.4,2023-03-20
6171.886,6235.006,6171.283,6234.679,12302533100,76702344765374.9,2023-03-21
6244.362,6271.523,6242.157,6269.738,12826638600,80419663442686.8,2023-03-22
6253.577,6305.759,6245.983,6305.759,12917964800,81457572799283.2,2023-03-23
6312.431,6315.68,6279.541,6310.098,14102098900,88985626064692.2,2023-03-24
6304.479,6320.662,6265.005,6311.6,14466486300,91306674931080.0,2023-03-27
6314.582,6331.558,6272.717,6279.922,13915610400,87388947894388.8,2023-03-28
6285.954,6294.295,6239.937,6260.551,13154828400,82356474094448.4,2023-03-29
6257.64,6287.44,6213.975,6286.177,12321859900,77457392300602.3,2023-03-30
6284.852,6343.23,6282.14,6339.818,12948983500,82094198675003.0,2023-03-31
6346.693,6419.869,6346.693,6413.807,16392104800,105135796510973.6,2023-04-03
6414.818,6423.306,6377.532,6408.899,15749175500,100934875112774.5,2023-04-04
6387.229,6428.722,6382.033,6416.846,14406444800,92443937689100.8,2023-04-06
6418.26,6470.089,6416.681,6464.466,12796462500,82722296751525.0,2023-04-07
6474.942,6476.217,6395.375,6410.522,14513418700,93038589871561.4,2023-04-10
6405.628,6421.486,6381.057,6420.877,14239910900,91432716379859.31,2023-04-11
6415.704,6450.349,6407.2,6443.439,14944795600,96295878816068.4,2023-04-12
6438.164,6451.786,6396.017,6404.646,15619957300,100040297041615.8,2023-04-13
6420.312,6444.886,6390.918,6431.069,14530066800,93443862165409.2,2023-04-14
6422.867,6459.24,6421.394,6459.24,16882307900,109046878479996.0,2023-04-17
6448.757,6462.249,6422.053,6449.853,14347134100,92536905916287.3,2023-04-18
6444.873,6456.149,6404.994,6416.97,14869977400,95420198876478.0,2023-04-19
6408.808,6413.079,6376.349,6411.756,15050129400,96497757481226.4,2023-04-20
6411.514,6411.514,6250.545,6250.545,16231329700,101454656699686.5,2023-04-21
6250.964,6260.54,6184.712,6208.78,14769484500,91700479973910.0,2023-04-24
6205.618,6208.403,6042.642,6118.153,16245927700,99395071295538.11,2023-04-25
6095.134,6178.168,6093.198,6142.154,15216635400,93462917988651.61,2023-04-26
6127.644,6190.25,6121.61,6157.936,14313611600,88142304161657.6,2023-04-27
6151.643,6245.55,6151.643,6241.244,16787648200,104775808602360.8,2023-04-28
6223.226,6264.516,6218.782,6262.389,20248797000,126805843596033.0,2023-05-04
6255.704,6256.229,6172.693,6200.576,17826101700,110532098374579.2,2023-05-05
6202.679,6259.687,6200.147,6248.583,20271825500,126670184198266.5,2023-05-08
6242.662,6274.898,6177.654,6181.976,22438946700,138717029964679.19,2023-05-09
6167.135,6199.161,6137.154,6173.809,17545372700,108321779883614.3,2023-05-10
6185.669,6190.391,6151.07,6154.47,14606494600,89895232820862.0,2023-05-11
6138.94,6173.912,6088.224,6091.646,14041066400,85533205971294.39,2023-05-12
6094.676,6159.389,6036.814,6159.389,14984358300,92294491685078.7,2023-05-15
6159.169,6159.169,6095.688,6110.827,12184111600,74454998136293.2,2023-05-16
6097.977,6137.017,6090.882,6122.052,10726634900,65669016642814.8,2023-05-17
6132.518,6153.992,6101.244,6128.176,12294211100,75341089401953.61,2023-05-18
6116.843,6149.143,6085.044,6117.083,11930489600,72979795113836.8,2023-05-19
6111.845,6136.863,6086.233,6115.315,11271568200,68929190086982.99,2023-05-22
6114.214,6117.36,6052.43,6052.43,11110424400,67245065951292.0,2023-05-23
6032.689,6058.395,5988.028,6005.791,10722341400,64396141479047.4,2023-05-24
6000.219,6028.639,5926.204,5988.189,10992283200,65823869343124.805,2023-05-25
5983.137,6045.129,5953.881,6034.983,10638158800,64201107509300.4,2023-05-26
6046.543,6058.921,6012.401,6025.155,12513941700,75398438403463.5,2023-05-29
6008.462,6061.309,5960.337,6061.309,12731201700,77167747445025.3,2023-05-30
6044.02,6063.193,6009.248,6047.802,11747610600,71047222881901.2,2023-05-31
6028.803,6094.24,6008.271,6051.46,12625031500,76399873120990.0,2023-06-01
6061.911,6115.068,6061.911,6105.218,12230673800,74670929835888.39,2023-06-02
6102.13,6107.121,6075.592,6097.106,11574795300,70572753872401.8,2023-06-05
6088.663,6089.075,5969.295,5983.42,12304538700,73623222948354.0,2023-06-06
5982.309,6010.03,5969.159,5987.011,9359789200,56037160898081.2,2023-06-07
5971.725,5992.969,5922.387,5966.148,10898163200,65020054579353.6,2023-06-08
5968.7,6017.281,5960.106,6009.583,12755343200,76654293653885.6,2023-06-09
5999.617,6045.659,5987.268,6027.712,11361247100,68482325479635.2,2023-06-12
6016.686,6047.06,6014.063,6044.037,9868029800,59642737228302.6,2023-06-13
6046.438,6064.29,6034.472,6044.077,10968902100,66296888897861.7,2023-06-14
6049.468,6100.234,6046.162,6096.808,11841773400,72197018799307.2,2023-06-15
6094.844,6154.932,6091.185,6148.013,11534956800,70917064360838.4,2023-06-16
6148.855,6148.855,6126.388,6131.385,11378720900,69767318645446.5,2023-06-19
6122.745,6144.007,6100.144,6126.113,10663083200,65323252611601.6,2023-06-20
6104.247,6104.247,5990.787,5990.846,10644776600,63771217315003.59,2023-06-21
5947.57,5970.611,5875.938,5887.032,11108179100,65394205823431.2,2023-06-26
5897.695,5956.181,5884.949,5948.003,9303915500,55339717305746.5,2023-06-27
5945.645,5951.127,5857.131,5942.311,9394430200,55824625916192.195,2023-06-28
5928.709,5964.858,5924.278,5940.578,8837685700,52500961240334.6,2023-06-29
5931.871,6016.446,5927.936,5998.729,9450466800,56690789256697.2,2023-06-30
6009.27,6056.163,5997.847,6042.312,11307590500,68323989769236.0,2023-07-03
6042.722,6059.573,6027.291,6055.258,10558376500,63933693768637.0,2023-07-04
6050.346,6059.379,6011.87,6020.821,10412904100,62694231676266.1,2023-07-05
6010.655,6042.295,5983.484,5988.553,9396503800,56271461021001.4,2023-07-06
5973.976,5994.283,5936.227,5961.606,9411834600,56109649622367.6,2023-07-07
5980.608,6003.402,5958.731,5984.281,8516856400,50967261934248.4,2023-07-10
5991.021,6029.232,5972.138,6029.232,8453189700,50966241841310.4,2023-07-11
6030.645,6033.583,5960.431,5962.794,9669224100,57655591448135.4,2023-07-12
5986.252,6049.063,5986.252,6044.058,9965639800,60232904958308.4,2023-07-13
6052.95,6055.528,6026.326,6030.519,9496319700,57267736380924.305,2023-07-14
6012.765,6018.069,5985.438,6012.69,8842021200,53164332449028.0,2023-07-17
6015.982,6027.606,5984.06,6001.8,8771991000,52647735583800.0,2023-07-18
5998.381,6017.449,5962.986,5993.413,7779103400,46623379445904.195,2023-07-19
5996.838,6009.427,5920.151,5925.484,9119536800,54037669395811.2,2023-07-20
5914.354,5961.05,5904.788,5925.626,8197530700,48575501051718.2,2023-07-21
5913.571,5954.237,5896.448,5916.714,7592800100,44924426650871.4,2023-07-24
5976.968,6016.754,5971.732,6016.631,13189639200,79357192089535.2,2023-07-25
6014.761,6015.583,5984.391,6001.54,12182521900,73113892483726.0,2023-07-26
5998.849,6017.671,5952.893,5961.184,12300082500,73323054997680.0,2023-07-27
5945.914,6049.764,5932.06,6043.244,16317187100,98608743038952.39,2023-07-28
6059.11,6133.718,6059.11,6088.243,18655110300,113576844698202.9,2023-07-31
6086.898,6113.984,6077.105,6098.879,18758860000,114408017317940.0,2023-08-01
6088.136,6111.244,6059.865,6077.465,14715452900,89432649958898.5,2023-08-02
6062.643,6101.811,6047.676,6098.687,14647901100,89332964015855.7,2023-08-03
6126.15,6164.155,6105.639,6128.556,19694350100,120697927471455.6,2023-08-04
6115.836,6117.916,6072.535,6090.731,14531913700,88509977261914.7,2023-08-07
6077.303,6088.098,6044.238,6066.102,12154572800,73730878371225.6,2023-08-08
6049.449,6062.024,6012.247,6021.751,9880917400,59500424234367.4,2023-08-09
6013.35,6040.461,5999.563,6031.711,9984263800,60222193789361.805,2023-08-10
6030.045,6030.045,5913.35,5913.35,11307200700,66863435259345.01,2023-08-11
5864.482,5919.804,5833.463,5916.803,10367570600,61342872828791.8,2023-08-14
5919.769,5926.42,5830.97,5879.778,9241738100,54339368362141.805,2023-08-15
5858.597,5891.812,5833.216,5833.216,10495042500,61219849831680.0,2023-08-16
5808.91,5882.151,5778.529,5874.361,11357638400,66718868069062.4,2023-08-17
5875.11,5891.398,5777.797,5777.797,10293184500,59471930524546.49,2023-08-18
5764.668,5802.512,5710.778,5710.778,9283569800,53016406175304.4,2023-08-21
5733.255,5754.575,5646.512,5741.061,10617519300,60955825969977.3,2023-08-22
5732.394,5732.394,5629.5,5629.5,9418672500,53022416838750.0,2023-08-23
5650.359,5701.321,5619.333,5652.673,10808677100,61097917208888.3,2023-08-24
5624.77,5648.624,5560.217,5581.212,10624160200,59295690398162.41,2023-08-25
5885.884,5887.509,5631.694,5644.141,18574561900,104837446376827.89,2023-08-28
5631.006,5789.962,5626.518,5770.316,16085189500,92816626334882.0,2023-08-29
5780.285,5817.734,5753.216,5775.153,13600438400,78544612627075.2,2023-08-30
5770.953,5777.422,5728.473,5739.398,11633513400,66769363540933.2,2023-08-31
5746.413,5775.177,5732.967,5750.803,10417910300,59911349806970.9,2023-09-01
5772.027,5829.784,5758.031,5829.784,13564887300,79080362943343.19,2023-09-04
5819.967,5822.062,5779.373,5788.715,10651765800,61660036462947.0,2023-09-05
5771.849,5800.965,5748.647,5790.381,9048050200,52391657965126.2,2023-09-06
5782.071,5782.071,5701.798,5702.701,9292051800,52989793091911.8,2023-09-07
5684.656,5732.375,5683.397,5708.623,7952002800,45394986080144.4,2023-09-08
5723.018,5802.205,5704.7,5774.731,11283713700,65160411298514.695,2023-09-11
5774.466,5793.829,5763.3,5770.926,8604120700,49653743854768.2,2023-09-12
5764.824,5770.414,5681.5,5715.397,9147247300,52280149776678.1,2023-09-13
5714.675,5721.207,5679.199,5702.102,9024779200,51460211525878.4,2023-09-14
5716.294,5741.071,5680.895,5704.663,9837596400,56120172192013.195,2023-09-15
5685.853,5734.186,5665.579,5719.689,9230572200,52796002276045.805,2023-09-18
5713.495,5713.6,5670.42,5687.901,8511210200,48410921007790.195,2023-09-19
5677.925,5689.825,5651.006,5651.006,7763415800,43871109266294.805,2023-09-20
5638.441,5666.696,5609.214,5611.919,8193150900,45979299205577.1,2023-09-21
5606.835,5700.323,5603.813,5698.817,10411898200,59335502464429.4,2023-09-22
5694.903,5699.154,5659.319,5666.664,9334071900,52893049209141.6,2023-09-25
5661.032,5682.279,5646.654,5646.654,7430961500,41960068477821.0,2023-09-26
5642.385,5701.508,5641.851,5674.345,8108624000,46011130051280.0,2023-09-27
5687.641,5704.623,5677.531,5690.77,7947733800,45228725077026.0,2023-09-28
5679.641,5680.952,5634.353,5658.083,9002983600,50939628456438.8,2023-10-09
5665.662,5678.463,5627.414,5630.371,8772642500,49393231925367.5,2023-10-10
5639.072,5674.254,5617.873,5629.789,9064482600,51031124432171.4,2023-10-11
5655.613,5677.819,5642.493,5671.642,10050298600,57001695652301.195,2023-10-12
5645.437,5646.074,5616.851,5633.383,8939170200,50357769438786.6,2023-10-13
5633.301,5636.319,5559.421,5580.667,8986755000,50152087065585.0,2023-10-16
5585.145,5599.424,5556.574,5595.342,9251673700,51766278423905.4,2023-10-17
5586.021,5586.021,5519.456,5524.599,9895356200,54667874967163.805,2023-10-18
5496.757,5529.87,5463.652,5464.027,10807833500,59054294055504.5,2023-10-19
5443.456,5473.211,5413.023,5423.675,9493611500,51490263352262.5,2023-10-20
5400.544,5400.794,5269.827,5290.334,10308312600,54534416630408.4,2023-10-23
5311.669,5363.195,5290.505,5352.012,11474572900,61412051855674.8,2023-10-24
5386.426,5423.014,5375.998,5375.998,11492124400,61781637790151.195,2023-10-25
5351.163,5404.992,5337.493,5398.934,10248504400,55330998854309.6,2023-10-26
5387.274,5514.308,5380.941,5492.027,11254280400,61808811822370.8,2023-10-27
5484.624,5559.785,5483.159,5546.388,12303418500,68239532727378.0,2023-10-30
5547.324,5554.19,5505.934,5528.239,10567937500,58422084237062.49,2023-10-31
5534.888,5534.943,5496.828,5509.966,8718578500,48039071103331.0,2023-11-01
5514.517,5532.851,5457.745,5459.452,9020264500,49245701065054.0,2023-11-02
5462.144,5537.729,5462.144,5510.357,9799057600,53996305639563.2,2023-11-03
5549.291,5609.258,5549.291,5605.062,13924104600,78045469577485.2,2023-11-06
5594.467,5631.1,5578.513,5611.098,12057932100,67658238690445.8,2023-11-07
5602.971,5633.971,5577.391,5608.017,12299455800,68975557217148.6,2023-11-08
5602.49,5638.081,5582.119,5592.057,10636280000,59478684027960.0,2023-11-09
5577.337,5585.212,5550.822,5573.1,9432402400,52567721815440.0,2023-11-10
5589.06,5605.569,5565.091,5605.569,10215893200,57265894229230.805,2023-11-13
5602.983,5639.188,5600.784,5630.553,10107313600,56909764912420.8,2023-11-14
5677.55,5684.747,5649.717,5664.617,11308793700,64059985042512.9,2023-11-15
5647.061,5652.4,5609.361,5609.361,9466267700,53099712851939.695,2023-11-16
5598.953,5632.389,5593.49,5631.423,8942234200,50357503345266.6,2023-11-17
5635.587,5669.385,5609.269,5659.773,10310507200,58355130266865.6,2023-11-20
5669.165,5696.094,5634.272,5641.084,11486120500,64794170574622.0,2023-11-21
5622.862,5639.004,5572.899,5572.899,10471840800,58358511122479.2,2023-11-22
5566.733,5627.795,5548.972,5622.989,9804243200,55129151666924.8,2023-11-23
5619.319,5619.319,5556.714,5570.421,10124804400,56399423050652.41,2023-11-24
5562.749,5579.715,5531.655,5566.507,9821865300,54673481945507.09,2023-11-27
5561.577,5594.718,5529.535,5591.496,8937327200,49973029289491.2,2023-11-28
5588.774,5593.371,5547.841,5553.335,8950915100,49707430106858.5,2023-11-29
5548.524,5560.328,5509.965,5545.05,8784150500,48708553730025.0,2023-11-30
5541.226,5576.728,5521.056,5566.869,9337170800,51978806674225.195,2023-12-01
5578.421,5590.835,5559.068,5559.068,9930654300,55205182538192.4,2023-12-04
5542.867,5542.867,5460.409,5460.409,9129824800,49852577506343.195,2023-12-05
5448.458,5513.086,5443.074,5481.824,8837399700,48445069773052.8,2023-12-06
5475.268,5501.478,5443.294,5481.136,8904868700,48808796406843.2,2023-12-07
5484.683,5522.058,5477.529,5497.99,11812377400,64944332821426.0,2023-12-08
5473.651,5574.124,5429.443,5564.854,11860591100,66002457825199.41,2023-12-11
5560.436,5576.009,5545.162,5566.178,8423233100,46885214770091.8,2023-12-12
5557.046,5558.057,5507.513,5507.513,7592989400,41818487829362.2,2023-12-13
5532.986,5557.372,5487.754,5489.327,7411809700,40685847105071.9,2023-12-14
5499.369,5516.22,5438.528,5449.786,8012541800,43666638126054.8,2023-12-15
5436.989,5448.077,5374.588,5385.27,7802249300,42017219087811.0,2023-12-18
5380.735,5406.959,5344.033,5379.874,7032372200,37833276357102.8,2023-12-19
5385.996,5388.463,5308.573,5309.287,7538709700,40025173406983.9,2023-12-20
5286.453,5352.505,5253.315,5338.762,8152231800,43522825349031.6,2023-12-21
5337.381,5366.235,5293.219,5311.69,9038700400,48010774527676.0,2023-12-22
5301.574,5339.664,5288.467,5315.375,6591877200,35038299271950.0,2023-12-25
5312.8,5313.919,5238.042,5258.284,6753200700,35510247189598.8,2023-12-26
5261.57,5293.797,5235.456,5285.53,7539791800,39851795752654.0,2023-12-27
5280.69,5400.236,5275.403,5382.797,10769923900,57972314059148.3,2023-12-28
5376.977,5437.154,5374.688,5429.229,9093176600,49368938098841.41,2023-12-29
5431.478,5439.478,5409.455,5409.455,9296474700,50288861548288.5,2024-01-02
5398.294,5428.52,5373.832,5401.395,8670522900,46832919039445.5,2024-01-03
5395.143,5395.143,5331.892,5355.322,7884656800,42224876023489.6,2024-01-04
5347.073,5373.679,5260.594,5281.871,8953888400,47293283477196.4,2024-01-05
5268.234,5268.979,5167.7,5167.7,8378515500,43297654549350.0,2024-01-08
5176.113,5220.458,5152.999,5180.653,7874041800,40792678273295.4,2024-01-09
5167.732,5211.816,5118.433,5158.078,7117394600,36712076503578.805,2024-01-10
5152.359,5243.139,5146.898,5223.863,8504129500,44424407442258.5,2024-01-11
5213.136,5262.617,5206.161,5206.178,7661983100,39889647851591.8,2024-01-12
5189.528,5238.958,5171.24,5193.296,7392509700,38391491054971.2,2024-01-15
5188.369,5210.083,5124.082,5190.398,8307037100,43116828749765.805,2024-01-16
5180.925,5180.925,5061.54,5061.54,7874184900,39855501838746.0,2024-01-17
5033.103,5069.23,4924.682,5066.958,11875105500,60170660814068.99,2024-01-18
5056.477,5084.29,5014.767,5018.433,7846738300,39378330427083.9,2024-01-19
5008.68,5008.767,4753.63,4780.975,10970849200,52451355753970.01,2024-01-22
4771.496,4889.422,4727.881,4865.743,9994471800,48630531199547.41,2024-01-23
4886.204,4941.44,4766.804,4933.701,11402580500,56256922815430.5,2024-01-24
4931.627,5074.494,4910.959,5073.178,13230776600,67122084770034.8,2024-01-25
5055.288,5086.129,5009.973,5027.093,11700983600,58821932748674.8,2024-01-26
5032.111,5050.109,4927.914,4927.914,11687665700,57595811430349.8,2024-01-29
4898.361,4939.351,4810.099,4814.991,9967581100,47993813288270.1,2024-01-30
4786.813,4832.401,4690.943,4696.98,12109315800,56877214126283.99,2024-01-31
4667.913,4771.047,4629.99,4678.731,11147191000,52154708094621.0,2024-02-01
4686.1,4724.049,4435.557,4563.222,13750183200,62745138482270.4,2024-02-02
4527.709,4598.061,4281.24,4460.264,16595833700,74021799602096.8,2024-02-05
4411.298,4817.118,4405.309,4805.901,17305833500,83170122523483.5,2024-02-06
4813.955,5110.804,4813.233,5109.569,22719893400,116088862999944.61,2024-02-07
5131.803,5367.224,5129.784,5150.229,21367612300,110048096528216.7,2024-02-08
5225.138,5225.138,5074.761,5141.604,16294989300,83782382164837.2,2024-02-19
5107.568,5151.72,5072.884,5140.958,12164637900,62537892529108.195,2024-02-20
5101.411,5252.879,5074.822,5139.037,15087250100,77533936492153.7,2024-02-21
5133.548,5184.623,5117.68,5176.343,11661480600,60363823473445.8,2024-02-22
5190.647,5197.712,5118.568,5197.712,13526500400,70306853447084.805,2024-02-23
5194.737,5255.362,5162.95,5195.464,14401894400,74824523887001.6,2024-02-26
5174.819,5307.804,5160.878,5307.804,13897175100,73763481584480.4,2024-02-27
5311.425,5383.319,5184.047,5184.047,20256098500,105008566660629.48,2024-02-28
5154.149,5349.768,5154.149,5346.793,16079016500,85971172869084.5,2024-02-29
5350.857,5387.784,5321.559,5379.048,14229839500,76542989702796.0,2024-03-01
5386.944,5400.123,5325.964,5388.82,14392846900,77560461231658.0,2024-03-04
5358.221,5382.983,5329.97,5351.827,14081647900,75362543435713.3,2024-03-05
5332.833,5405.491,5293.952,5350.102,12109956400,64789501955552.8,2024-03-06
5354.334,5384.657,5277.299,5277.299,13983134200,73793180130525.8,2024-03-07
5282.408,5361.71,5268.53,5349.595,12146797800,64980448776891.0,2024-03-08
5342.178,5443.042,5339.261,5441.051,14298173200,77797089588033.2,2024-03-11
5445.878,5473.29,5385.14,5423.718,14707253600,79767996080884.8,2024-03-12
5430.044,5459.322,5389.525,5415.113,12974630100,70259088124701.305,2024-03-13
5415.15,5447.542,5352.12,5392.927,13188735700,71125888852393.89,2024-03-14
5380.019,5456.734,5357.18,5454.146,13640503000,74397294875438.0,2024-03-15
5472.315,5528.447,5459.545,5528.447,15986263800,88379212146318.61,2024-03-18
5514.55,5533.639,5477.117,5478.225,14677724000,80407874559900.0,2024-03-19
5469.606,5499.238,5455.761,5493.414,12627326200,69367130529646.8,2024-03-20
5505.699,5517.457,5454.231,5465.829,12948945800,70776723473068.2,2024-03-21
5454.414,5463.541,5356.108,5384.566,13709602900,73820261648841.39,2024-03-22
5369.776,5401.598,5292.637,5294.746,13077825400,69243763725348.4,2024-03-25
5291.523,5318.876,5237.899,5284.419,11646811200,61546630394692.8,2024-03-26
5280.733,5282.695,5156.684,5156.684,11010714200,56778773743712.805,2024-03-27
5156.48,5276.638,5156.48,5223.806,11631819200,60762366927875.195,2024-03-28
5220.552,5287.038,5211.195,5286.161,10904714900,57644078620498.9,2024-03-29
5309.833,5401.78,5309.833,5401.225,13673485400,73853571179615.0,2024-04-01
5395.481,5402.16,5353.312,5381.229,13214864200,71112210464101.8,2024-04-02
5373.502,5386.342,5350.16,5374.595,13362805300,71819666551353.5,2024-04-03
5358.957,5383.659,5297.559,5298.591,14858855900,78731000142036.9,2024-04-08
5294.474,5342.898,5284.956,5342.898,11330074500,60535432385901.0,2024-04-09
5335.73,5335.73,5242.863,5275.473,11790861800,62202373072631.4,2024-04-10
5244.054,5353.809,5240.51,5301.809,12774514300,67728034886368.7,2024-04-11
5307.723,5336.448,5270.462,5277.219,11852493300,62548202840132.7,2024-04-12
5270.042,5376.048,5219.429,5339.722,15921762400,85017784966052.8,2024-04-15
5309.101,5346.762,5184.654,5191.554,16258397300,84406347536404.2,2024-04-16
5211.249,5339.747,5211.249,5339.747,14759455200,78811756625834.4,2024-04-17
5317.799,5410.696,5299.229,5349.836,15349768200,82118742508015.2,2024-04-18
5322.359,5369.954,5292.016,5314.867,14213421600,75542445418927.2,2024-04-19
5289.407,5340.631,5264.186,5267.581,13526688200,71252925755244.2,2024-04-22
5257.766,5280.059,5196.955,5208.271,12580112000,65520632506352.0,2024-04-23
5210.183,5263.039,5183.701,5263.039,11729722000,61733984345158.0,2024-04-24
5240.482,5297.163,5229.825,5259.335,11083392900,58291276197721.5,2024-04-25
5258.385,5379.671,5258.385,5372.121,17377770100,93355483687382.11,2024-04-26
5371.212,5488.278,5371.212,5478.491,19093605500,104604145889300.5,2024-04-29
5471.168,5478.035,5436.575,5441.141,16279734400,88580330312950.39,2024-04-30
5498.444,5535.949,5496.907,5528.604,16579162600,91659624667010.4,2024-05-06
5532.323,5543.125,5507.501,5527.085,13653540200,75464277236317.0,2024-05-07
5516.448,5516.448,5454.874,5458.756,12395562100,67664348986747.6,2024-05-08
5461.36,5568.732,5461.36,5556.771,13112123000,72861064834833.0,2024-05-09
5562.193,5570.565,5497.497,5535.395,12868803000,71233907782185.0,2024-05-10
5503.129,5527.2,5462.508,5505.26,13162758800,72464409511288.0,2024-05-13
5508.466,5538.743,5484.964,5500.738,11899439900,65455701236646.2,2024-05-14
5495.557,5497.084,5441.355,5446.656,11012498900,59981293208678.4,2024-05-15
5461.108,5475.374,5408.125,5424.665,12210811900,66239563935513.5,2024-05-16
5418.658,5493.201,5409.705,5491.894,12691616800,69701014154219.2,2024-05-17
5496.79,5536.662,5484.358,5523.501,14497144800,80074993799944.8,2024-05-20
5511.484,5513.424,5460.975,5478.913,10869119200,59550958483429.59,2024-05-21
5472.01,5486.305,5455.077,5468.607,11305778200,61826857804967.4,2024-05-22
5448.94,5448.94,5352.393,5362.305,12665756900,67917651553654.5,2024-05-23
5348.51,5400.159,5311.489,5313.455,10656417500,56622394847462.5,2024-05-24
5325.851,5373.112,5284.506,5371.369,11564322900,62116245531050.09,2024-05-27
5363.33,5365.473,5310.318,5316.129,11096537300,58990623740111.695,2024-05-28
5308.593,5361.744,5305.963,5328.306,10436126700,55606876512370.195,2024-05-29
5316.398,5349.688,5296.493,5308.66,10735018700,56988564371942.0,2024-05-30
5310.722,5357.021,5308.54,5308.54,10415114700,55289052989538.0,2024-05-31
5300.787,5316.335,5232.688,5274.069,12696851500,66964070893753.51,2024-06-03
5263.226,5352.284,5247.584,5341.95,10808314400,57737475109080.0,2024-06-04
5328.868,5347.43,5277.941,5277.941,10579275700,55836792967333.695,2024-06-05
5291.521,5305.878,5213.662,5228.8,13336823100,69735580625280.0,2024-06-06
5247.146,5258.818,5172.051,5208.98,11352747800,59136236235243.99,2024-06-07
5182.413,5232.85,5159.334,5217.47,11643711600,60750715961652.0,2024-06-11
5209.134,5245.991,5205.572,5232.953,10306556900,53933727849525.7,2024-06-12
5231.91,5233.795,5182.742,5194.59,11823276400,61417073354676.0,2024-06-13
5180.289,5235.878,5163.384,5213.093,13399862000,69854726793166.0,2024-06-14
5189.284,5223.589,5184.599,5207.128,10797066400,56221706769299.195,2024-06-17
5207.978,5243.587,5204.971,5230.891,9409090300,49217925768457.3,2024-06-18
5235.476,5236.302,5168.82,5168.82,8784959000,45407871778380.0,2024-06-19
5162.161,5184.747,5092.287,5094.565,9560900300,48708628036869.5,2024-06-20
5079.923,5128.138,5071.655,5102.329,8383890700,42777368651440.3,2024-06-21
5072.803,5078.955,4986.768,4992.91,10018664600,50022290667986.0,2024-06-24
4989.071,5007.336,4918.039,4948.634,9163677900,45347688020988.6,2024-06-25
4942.165,5024.768,4915.664,5020.432,9339462100,46888134389627.195,2024-06-26
4998.994,5000.175,4925.16,4928.051,8853718700,43631577293253.7,2024-06-27
4914.669,5003.409,4914.547,4942.782,10630834200,52545895928744.4,2024-06-28
4943.787,5017.61,4929.087,5003.161,9731279300,48687157073867.3,2024-07-01
5000.576,5002.742,4934.117,4949.477,9620933400,47618588581831.8,2024-07-02
4945.399,4950.515,4905.39,4910.925,8452833100,41511229391617.5,2024-07-03
4917.441,4935.606,4827.342,4834.498,9100846600,43998024686006.8,2024-07-04
4828.863,4877.933,4794.129,4866.265,8313327900,40454856593293.5,2024-07-05
4857.025,4857.266,4768.564,4783.617,9025450000,43174296052650.0,2024-07-08
4775.313,4888.482,4745.317,4876.899,11140196800,54329614633723.2,2024-07-09
4857.483,4891.373,4836.17,4844.162,10095318600,48903358740013.2,2024-07-10
4902.811,4941.702,4871.172,4939.732,11527549400,56943004652760.8,2024-07-11
4926.981,4937.347,4905.797,4919.364,9717510600,47803971815258.4,2024-07-12
4903.516,4903.516,4868.743,4883.897,8682431200,42404099690386.4,2024-07-15
4877.601,4907.832,4850.432,4898.363,8726797800,42747023452001.41,2024-07-16
4893.414,4900.36,4853.603,4856.579,9690954700,47064887085971.3,2024-07-17
4822.13,4879.693,4793.429,4877.692,9665475000,47145210083700.0,2024-07-18
4853.042,4900.379,4842.93,4872.053,9329074600,45451745892153.8,2024-07-19
4872.636,4885.364,4839.112,4865.978,9271045800,45112704899792.4,2024-07-22
4862.971,4862.971,4722.799,4722.799,10240371200,48363214862988.8,2024-07-23
4712.287,4738.762,4661.827,4668.062,11267463500,52597218200737.0,2024-07-24
4644.422,4710.463,4635.244,4665.449,8860007400,41335912664322.59,2024-07-25
4670.446,4744.454,4670.446,4736.377,8647204900,40956422402647.305,2024-07-26
4740.499,4742.148,4702.98,4708.844,8110203900,38189684973291.6,2024-07-29
4694.525,4712.042,4650.559,4699.282,8335338200,39170104767172.4,2024-07-30
4694.729,4887.919,4687.046,4886.414,14318091900,69964124713446.59,2024-07-31
4893.871,4928.241,4834.654,4852.973,11321339300,54942153946738.9,2024-08-01
4816.937,4874.711,4783.115,4788.616,9852984400,47182158745590.4,2024-08-02
4756.076,4846.542,4693.817,4693.848,11333814800,53199203931350.4,2024-08-05
4740.454,4774.928,4699.177,4750.776,10777477000,51201379072152.0,2024-08-06
4747.98,4783.42,4719.938,4751.941,9698948100,46088829133262.1,2024-08-07
4737.093,4791.659,4701.786,4755.815,10430925300,49607551005619.49,2024-08-08
4778.257,4805.099,4720.31,4720.31,10881958600,51366217999166.01,2024-08-09
4716.961,4737.191,4696.053,4714.159,8910083200,42003548908028.8,2024-08-12
4713.96,4731.835,4680.588,4731.835,8136517300,38500657338245.5,2024-08-13
4729.815,4730.237,4667.073,4667.073,7458803000,34810778093619.004,2024-08-14
4656.695,4746.41,4647.795,4698.375,9097329300,42742664549887.5,2024-08-15
4703.604,4708.019,4662.113,4670.379,8737958000,40809575546082.0,2024-08-16
4666.331,4729.874,4666.258,4682.963,8713686700,40805872409692.1,2024-08-19
4684.295,4686.363,4590.391,4602.01,9184614600,42267688235346.0,2024-08-20
4589.089,4610.867,4582.265,4587.122,8352691000,38314812645302.0,2024-08-21
4589.496,4595.05,4526.25,4533.37,8585686800,38922094968516.0,2024-08-22
4523.991,4549.303,4513.204,4537.087,7577836400,34381303018566.805,2024-08-23
4542.856,4558.592,4523.727,4544.359,8711829600,39589681249226.41,2024-08-26
4532.486,4532.486,4487.092,4495.286,8252920500,37099237982763.0,2024-08-27
4486.431,4527.769,4482.032,4500.009,8268119900,37206613963079.1,2024-08-28
4483.553,4577.792,4475.223,4557.901,10311556200,46999052315536.195,2024-08-29
4557.501,4704.341,4548.383,4639.114,15159336100,70325888332215.39,2024-08-30
4631.9,4632.311,4546.839,4546.883,12636851700,57458286168251.09,2024-09-02
4543.22,4612.283,4543.22,4596.482,9858968600,45316571708465.2,2024-09-03
4567.686,4623.378,4552.304,4582.084,9243568500,42354807326754.0,2024-09-04
4585.168,4630.639,4582.054,4601.091,8058372300,37077304264179.305,2024-09-05
4609.342,4613.31,4535.349,4537.454,9014759600,40904057006058.4,2024-09-06
4517.566,4541.794,4487.843,4507.187,9194460800,41441154189769.6,2024-09-09
4509.324,4528.669,4432.913,4507.707,9852954200,44414230618019.41,2024-09-10
4490.187,4529.345,4479.031,4514.916,8520684200,38470173425527.2,2024-09-11
4518.988,4568.746,4496.592,4496.592,8665430400,38964905013196.8,2024-09-12
4500.395,4509.072,4450.959,4450.959,9253375700,41186395852296.3,2024-09-13
4450.089,4474.722,4397.161,4462.87,9098968300,40607512657021.0,2024-09-18
4481.464,4565.39,4437.536,4520.394,11561186800,52261119443599.2,2024-09-19
4514.96,4515.806,4471.944,4498.39,9431204400,42425235560916.0,2024-09-20
4495.781,4545.541,4483.13,4494.688,8993522700,40423078557417.6,2024-09-23
4524.221,4690.574,4503.125,4689.596,17714470300,83073709060998.8,2024-09-24
4743.634,4847.203,4724.43,4731.476,20459351900,96802932490404.39,2024-09-25
4725.996,4938.184,4719.349,4938.184,22993032300,113543824215343.2,2024-09-26
5027.264,5227.958,5021.515,5201.666,23017750800,119730651732832.8,2024-09-27
5449.789,5757.921,5387.338,5743.217,38870320000,223240682619440.0,2024-09-30
6417.814,6417.814,5868.853,6155.582,49354642000,303806545911644.0,2024-10-08
6013.702,6088.08,5704.478,5735.641,43115641600,247295841702265.6,2024-10-09
5768.611,5875.936,5597.477,5690.882,35348024500,201161436362609.0,2024-10-10
5650.049,5652.852,5408.87,5470.813,24438337300,133697573399224.9,2024-10-11
5503.646,5623.969,5408.392,5608.153,25060854100,140545104103477.31,2024-10-14
5578.261,5661.075,5471.881,5472.56,23899701900,130792552629864.02,2024-10-15
5393.666,5546.176,5393.666,5461.088,20545092600,112198558656748.8,2024-10-16
5499.766,5541.033,5417.881,5418.988,20276868500,109880107079078.0,2024-10-17
5416.032,5774.141,5404.204,5640.02,28711421900,161932993744438.0,2024-10-18
5680.565,5797.881,5631.232,5704.225,26688518600,152237315011085.0,2024-10-21
5703.32,5779.298,5673.79,5753.85,23702362400,136379837895240.02,2024-10-22
5745.107,5853.456,5727.774,5776.383,27341264000,157933612568112.0,2024-10-23
5747.558,5759.865,5694.779,5726.704,20769004600,118937941718838.39,2024-10-24
5735.285,5855.265,5729.438,5809.688,23672570800,137530250505910.4,2024-10-25
5816.33,5883.72,5787.484,5883.72,27065378700,159245109964764.0,2024-10-28
5903.307,5917.215,5807.29,5812.529,27537114300,160060275445064.72,2024-10-29
5793.833,5869.111,5777.43,5837.934,25202127500,147128357004585.0,2024-10-30
5839.977,5935.183,5812.032,5901.29,31354920200,185034477027058.0,2024-10-31
5893.319,5934.203,5795.081,5831.822,36984064100,215684478667790.22,2024-11-01
5835.392,5928.909,5835.392,5928.909,28655229400,169894247486724.6,2024-11-04
5925.865,6119.254,5910.889,6111.971,36634449200,223908691111373.2,2024-11-05
6134.924,6204.533,6081.807,6125.787,41518773700,254335164187401.9,2024-11-06
6061.735,6240.757,6049.587,6239.56,41841332300,261071503365788.03,2024-11-07
6306.799,6333.679,6206.295,6222.445,38564834700,239967562854841.5,2024-11-08
6211.033,6330.805,6199.056,6330.615,33409692100,211503897953641.5,2024-11-11
6349.23,6382.978,6205.099,6263.883,33285691900,208497679635647.7,2024-11-12
6234.158,6282.278,6162.898,6259.841,26040067300,163006680927299.3,2024-11-13
6240.609,6240.609,6068.658,6078.305,23974313800,145723191442109.0,2024-11-14
6055.535,6093.423,5924.35,5924.483,23622604200,139951716998628.61,2024-11-15
5940.486,5977.492,5799.908,5833.036,28252722400,164799146857206.4,2024-11-18
5836.611,5936.935,5776.202,5936.602,24140421500,143312074557743.0,2024-11-19
5920.323,6015.234,5909.106,5992.39,21734522400,130241734684536.0,2024-11-20
5973.155,6009.629,5937.805,5985.313,20619894100,123416520215353.3,2024-11-21
5969.075,5983.339,5750.246,5750.246,22506673700,129418910416730.2,2024-11-22
5754.547,5774.817,5662.095,5735.649,18600506000,106685973638394.0,2024-11-25
5727.373,5773.356,5688.576,5690.479,14756286500,83970338446233.5,2024-11-26
5669.555,5805.635,5603.996,5804.937,17531330200,101768267337197.39,2024-11-27
5802.797,5826.488,5749.287,5757.597,17218353700,99136341608058.89,2024-11-28
5748.167,5899.873,5736.409,5851.939,20425554400,119529098389981.61,2024-11-29
5853.705,5956.598,5848.424,5943.625,23618130800,140377312676150.0,2024-12-02
5946.735,5954.661,5877.801,5932.121,20987050900,124497725371958.9,2024-12-03
5929.476,5940.855,5850.909,5879.27,21599163400,126987313402718.02,2024-12-04
5855.742,5923.624,5853.527,5901.986,19854223600,117179349728069.6,2024-12-05
5903.499,6011.769,5877.043,5979.197,26532953600,158645756566259.2,2024-12-06
5983.334,6004.234,5911.362,5947.109,28446220900,169172776330378.12,2024-12-09
6132.291,6141.066,5982.583,5992.094,32052782300,192063284503136.2,2024-12-10
5973.326,6051.472,5972.27,6047.105,25388394100,153526284904080.5,2024-12-11
6048.781,6107.715,6023.234,6100.395,24365369000,148638375220755.0,2024-12-12
6065.954,6065.954,5988.292,5988.292,28632819800,171461685745781.62,2024-12-13
5983.16,5991.577,5888.043,5912.601,21464744100,126912467430404.1,2024-12-16
5896.968,5924.624,5837.251,5848.163,19310854700,112933025954916.1,2024-12-17
5861.262,5921.98,5853.163,5888.616,18799629000,110703796123464.0,2024-12-18
5829.263,5918.49,5816.473,5901.916,19653119400,115991059836770.4,2024-12-19
5889.946,5962.415,5889.946,5917.175,17809039900,105379205670282.5,2024-12-20
5917.694,5935.152,5815.342,5818.551,17731548600,103171919838078.61,2024-12-23
5827.16,5897.195,5827.16,5895.26,16736582400,98666504759424.0,2024-12-24
5896.43,5897.51,5796.648,5840.289,15727913200,91855558454914.8,2024-12-25
5830.721,5897.483,5830.721,5887.061,14531944400,85550443131408.39,2024-12-26
5892.694,5975.792,5881.717,5899.167,17908549800,105645525998016.61,2024-12-27
5890.463,5928.572,5867.854,5898.884,15556558600,91766334620602.4,2024-12-30
5902.033,5905.463,5725.732,5725.732,18215885500,104299278515686.0,2024-12-31
5717.916,5722.111,5498.822,5545.817,19376315700,107457501006426.9,2025-01-02
5552.75,5581.398,5419.743,5427.804,17407731000,94485751952724.0,2025-01-03
5421.065,5482.625,5384.333,5427.101,14626565800,79379849879745.8,2025-01-06
5429.173,5485.585,5405.133,5484.685,14506527800,79563735426743.0,2025-01-07
5462.324,5501.656,5326.926,5461.586,16384991500,89488040186519.0,2025-01-08
5437.813,5493.68,5436.704,5456.586,12983262700,70844289483142.2,2025-01-09
5449.001,5496.383,5369.281,5369.281,13017955300,69897060051139.3,2025-01-10
5319.701,5422.012,5319.274,5381.697,11968293700,64409730300408.9,2025-01-13
5393.763,5582.835,5378.588,5572.272,17214286000,95922683877792.0,2025-01-14
5559.579,5569.19,5509.576,5522.459,13839324300,76427101034453.7,2025-01-15
5546.7,5633.855,5508.915,5545.634,14931808500,82806344899089.0,2025-01-16
5524.205,5621.937,5519.411,5587.294,12669117400,70786083634315.6,2025-01-17
5621.925,5665.183,5598.158,5614.331,13571250700,76193493513781.7,2025-01-20
5639.604,5642.917,5573.5,5633.925,12649130000,71264249735250.0,2025-01-21
5606.847,5618.581,5567.779,5607.059,11537499600,64691440969676.4,2025-01-22
5659.369,5717.689,5584.255,5584.255,16341998700,91257887950468.5,2025-01-23
5570.48,5660.434,5570.48,5649.95,13943805800,78781805579710.0,2025-01-24
5660.485,5676.026,5589.343,5589.343,13654605600,76320274228120.8,2025-01-27
5643.175,5646.037,5588.556,5614.387,15567414100,87401487346656.7,2025-02-05
5606.871,5749.023,5597.325,5747.901,18142819300,104283129197289.3,2025-02-06
5750.289,5889.428,5741.733,5833.988,23271886300,135767905411564.4,2025-02-07
5858.243,5895.406,5836.171,5888.551,20930090500,123247905343865.52,2025-02-10
5890.373,5890.373,5827.378,5858.281,18192050800,106574145552674.8,2025-02-11
5841.362,5940.537,5841.319,5940.53,19544615500,116105374716215.0,2025-02-12
5938.203,5957.58,5889.695,5898.261,22828183900,134646586798197.9,2025-02-13
5893.934,5954.477,5886.95,5947.796,21191426100,126042279391875.61,2025-02-14
5979.845,5985.364,5906.266,5948.72,23390168900,139141565538808.0,2025-02-17
5935.499,5947.934,5816.051,5840.711,21494148200,125541107827370.2,2025-02-18
5834.955,5945.346,5831.482,5943.882,20529830500,122026889972000.98,2025-02-19
5941.599,5977.73,5920.568,5957.547,19820741100,118082996678081.69,2025-02-20
5969.646,6061.824,5943.195,6057.065,25231712800,152830124490932.0,2025-02-21
6057.38,6079.017,6007.179,6044.973,24381379800,147384782593745.4,2025-02-24
5967.037,6044.756,5956.176,5979.965,20683395300,123685979975164.5,2025-02-25
5990.29,6055.873,5973.857,6051.74,21086089800,127607533086252.0,2025-02-26
6050.186,6064.491,5940.335,6028.986,21665293000,130619748182898.0,2025-02-27
5997.918,6007.472,5847.151,5859.871,20522381400,120258507616799.4,2025-02-28
5875.952,5964.268,5851.56,5885.77,18502458100,108901212811237.02,2025-03-03
5845.471,5943.084,5843.463,5937.63,15392221100,91393313769993.0,2025-03-04
5937.107,5955.899,5892.533,5950.703,16307150000,97039006426450.0,2025-03-05
5980.38,6062.541,5972.604,6047.773,21304285200,128843480816859.61,2025-03-06
6029.381,6067.348,5989.321,6013.775,20743714900,124748034072747.5,2025-03-07
6022.681,6041.522,5971.813,6013.619,17304433600,104062270681198.39,2025-03-10
5944.42,6044.974,5942.912,6044.974,17385564300,105095284168828.2,2025-03-11
6068.376,6098.235,6038.822,6040.497,18476353700,111606359095788.9,2025-03-12
6032.855,6050.178,5947.782,5993.967,19371071700,116109564524433.89,2025-03-13
5993.97,6099.981,5978.532,6099.981,21924583400,133739542172915.39,2025-03-14
6119.606,6129.854,6098.508,6108.018,18431727300,112581322119491.4,2025-03-17
6126.036,6161.228,6114.206,6133.302,16602304300,101826946167798.6,2025-03-18
6117.423,6128.23,6076.564,6101.437,15389378000,93897320336186.0,2025-03-19
6094.843,6109.183,6055.381,6059.486,14718786500,89188280733739.0,2025-03-20
6038.99,6071.085,5951.795,5971.93,17410378500,103973561675505.0,2025-03-21
5973.047,5987.061,5882.878,5969.079,16919243500,100992301071736.5,2025-03-24
5969.416,5993.931,5929.673,5946.951,14748394800,87707981204254.8,2025-03-25
5935.854,5983.474,5935.854,5948.499,13670211100,81317237058138.89,2025-03-26
5932.517,6000.662,5891.766,5957.602,13470890400,80254203588820.8,2025-03-27
5954.73,5973.802,5904.916,5916.031,13426192700,79429772225173.7,2025-03-28
5886.956,5908.303,5802.419,5857.772,15425609000,90359700483148.0,2025-03-31
5870.942,5931.504,5867.848,5892.85,13644860200,80407114429570.0,2025-04-01
5884.893,5936.647,5884.113,5899.087,11215996000,66164136195652.01,2025-04-02
5842.617,5906.706,5817.966,5845.505,13493862500,78878440713062.5,2025-04-03
5523.964,5587.85,5212.677,5287.033,23652265600,125050308751964.81,2025-04-07
5279.757,5371.183,5249.232,5326.914,22384066500,119237997215781.0,2025-04-08
5249.684,5465.145,5135.966,5439.772,24511802700,133338617996984.39,2025-04-09
5534.559,5610.19,5513.954,5544.065,21196303500,117513684363727.48,2025-04-10
5514.188,5631.595,5510.895,5581.318,16441166300,91763377411183.4,2025-04-11
5633.779,5661.805,5608.73,5627.138,15548707700,87494723949562.6,2025-04-14
5625.001,5626.677,5567.027,5602.534,12327370800,69064514037607.195,2025-04-15
5589.777,5592.674,5492.655,5556.864,13253722400,73649132870553.6,2025-04-16
5527.591,5604.62,5526.888,5557.011,11365238200,63156753695020.2,2025-04-17
5546.967,5579.479,5525.405,5560.721,11164425800,62082256999001.8,2025-04-18
5556.513,5646.218,5535.699,5642.381,12311188300,69464414951342.305,2025-04-21
5634.894,5651.554,5617.879,5624.209,12466668900,70115151427400.1,2025-04-22
5647.915,5670.26,5614.768,5634.949,12700776400,71568227274403.6,2025-04-23
5633.024,5651.534,5583.43,5605.88,12269669600,68782295417248.0,2025-04-24
5613.141,5661.587,5596.527,5627.18,14000080000,78780970174400.0,2025-04-25
5624.417,5628.078,5587.786,5598.295,13621809400,76258907454973.0,2025-04-28
5583.719,5622.022,5571.236,5604.906,12674292700,71038219199986.2,2025-04-29
5604.654,5647.782,5603.172,5631.825,13838662100,77936923181332.5,2025-04-30
5668.876,5740.334,5666.47,5740.334,16277360600,93437486482440.39,2025-05-06
5805.656,5819.242,5713.273,5750.291,17101175700,98336736717128.7,2025-05-07
5731.716,5783.792,5724.951,5773.806,13614032200,78604780800553.19,2025-05-08
5770.441,5770.441,5705.165,5721.723,12393900700,70914466694906.1,2025-05-09
5751.437,5794.516,5737.462,5793.674,13582436700,78692210365435.8,2025-05-12
5838.034,5838.034,5772.072,5781.668,13827108100,79943748434310.8,2025-05-13
5778.079,5835.491,5750.537,5799.119,15627999400,90628628252528.6,2025-05-14
5786.783,5786.783,5715.294,5715.297,13516076800,77248393186809.6,2025-05-15
5703.735,5735.012,5703.735,5715.849,11670913600,66709179829646.4,2025-05-16
5719.438,5729.07,5669.721,5720.795,11538493900,66009358210650.5,2025-05-19
5723.506,5759.458,5707.81,5747.367,11689661500,67184774746270.5,2025-05-20
5741.689,5763.079,5733.828,5757.923,11580454200,66679363588626.59,2025-05-21
5739.191,5757.795,5701.161,5703.28,10905772000,62198671332160.0,2025-05-22
5697.136,5738.083,5653.044,5653.044,11436119800,64648888418671.195,2025-05-23
5653.206,5693.625,5644.579,5669.461,9717098900,55090713246692.9,2025-05-26
5666.303,5667.871,5629.134,5652.145,9514936300,53779799633363.51,2025-05-27
5651.876,5660.47,5628.417,5637.238,9490888300,53502396178515.41,2025-05-28
5637.063,5724.519,5637.063,5719.91,11468248400,65597348705644.0,2025-05-29
5704.771,5704.771,5665.518,5671.072,10990070700,62325482224790.4,2025-05-30
5653.675,5710.42,5653.298,5694.839,12285390300,69963319810661.7,2025-06-03
5696.569,5744.454,5696.569,5739.006,11619607700,66684998307946.2,2025-06-04
5741.03,5778.096,5719.547,5769.968,12522358400,72253607252531.2,2025-06-05
5768.399,5771.756,5750.659,5762.078,10821766000,62355859789748.01,2025-06-06
5772.779,5823.899,5765.355,5805.654,12818861900,74421876865182.61,2025-06-09
5809.828,5810.922,5715.971,5757.992,13826918100,79615283804455.2,2025-06-10
5758.529,5818.573,5758.529,5792.946,12371670700,71668420294882.2,2025-06-11
5780.967,5808.805,5766.521,5799.932,12561584600,72856336492247.2,2025-06-12
5783.156,5794.67,5728.211,5740.24,16761337400,96214099396976.0,2025-06-13
5725.003,5775.949,5725.003,5767.808,12824265800,73967902875366.4,2025-06-16
5772.296,5776.633,5734.829,5750.912,12152662400,69888892028108.805,2025-06-17
5740.156,5753.712,5709.803,5745.871,11270384400,64758174882812.4,2025-06-18
5733.807,5750.464,5660.05,5676.832,12553113400,71261915848748.8,2025-06-19
5669.09,5688.736,5636.785,5639.513,10179476600,57407290618895.8,2025-06-20
5613.281,5684.397,5613.281,5674.17,11160180200,63324759685434.0,2025-06-23
5683.462,5766.019,5683.462,5765.837,14208225600,81922312868827.2,2025-06-24
5777.74,5866.525,5776.124,5862.553,18463231000,108241670288743.0,2025-06-25
5868.292,5885.251,5835.34,5838.245,18016416300,105184252381393.5,2025-06-26
5850.425,5905.696,5839.578,5863.728,19938972500,116916711339480.0,2025-06-27
5877.675,5918.307,5872.225,5915.388,16627514700,98358200926203.6,2025-06-30
5915.804,5936.924,5890.114,5934.67,15419236500,91508080279455.0,2025-07-01
5922.541,5922.541,5873.892,5892.951,16250048500,95760739558123.5,2025-07-02
5896.24,5929.727,5885.943,5922.66,13007004600,77036065864236.0,2025-07-03
5917.753,5969.303,5889.73,5911.435,16494106000,97503835502110.0,2025-07-04
5901.402,5910.804,5889.602,5900.406,13720736200,80957914198897.2,2025-07-07
5903.102,5979.627,5903.102,5977.744,16868114200,100833268450364.8,2025-07-08
5980.645,5992.135,5940.176,5953.487,16491440200,98181574841977.4,2025-07-09
5950.966,6000.686,5942.29,5983.051,17624260700,105446850605395.7,2025-07-10
5985.824,6057.623,5963.257,6027.079,22236309800,134019995833074.19,2025-07-11
6033.178,6042.886,6011.687,6020.859,18927744400,113961280220439.61,2025-07-14
6018.627,6049.787,5973.797,6018.758,18973623400,114197647627737.2,2025-07-15
6019.577,6061.199,5997.163,6017.195,14861006200,89421572201609.0,2025-07-16
6013.714,6082.464,6013.044,6082.464,14969265800,91050020334931.2,2025-07-17
6092.23,6112.11,6073.638,6099.61,15315220400,93416871504044.0,2025-07-18
6115.026,6162.44,6110.988,6161.309,20735050700,127755054493366.3,2025-07-21
6166.616,6215.406,6152.814,6213.407,24621164200,152981313988429.4,2025-07-22
6218.207,6256.152,6187.012,6196.758,25837789600,160110529406116.78,2025-07-23
6197.853,6293.598,6197.853,6293.598,26835556400,168892204087927.2,2025-07-24
6297.626,6311.169,6276.416,6299.591,23705532800,149335161077084.8,2025-07-25
6305.225,6329.03,6271.93,6323.42,21444826700,135604646051314.0,2025-07-28
6308.123,6356.15,6272.314,6356.133,20175762900,128239832368865.7,2025-07-29
6345.374,6368.269,6269.513,6314.687,21212841100,133952451927235.7,2025-07-30
6297.912,6322.065,6206.19,6226.343,22421423700,139603474504529.1,2025-07-31
6221.051,6253.658,6177.478,6213.201,16590719100,103081472502839.1,2025-08-01
6190.344,6261.962,6187.622,6261.731,14859148000,93043987665188.0,2025-08-04
6277.011,6303.236,6272.506,6303.236,15420666500,97200100226794.0,2025-08-05
6298.929,6357.59,6293.225,6357.377,16602763800,105550028718552.61,2025-08-06
6356.332,6366.214,6299.493,6337.543,17044640000,108021138919520.0,2025-08-07
6324.175,6351.335,6308.148,6323.5,17250752600,109085134066100.0,2025-08-08
6335.427,6404.833,6335.427,6391.76,17490919900,111797762180024.0,2025-08-11
6392.402,6418.16,6360.109,6418.16,16835191800,108050954603088.0,2025-08-12
6422.789,6514.456,6422.215,6508.098,21602242300,140589509908145.4,2025-08-13
6509.209,6519.794,6411.921,6429.846,22895316800,147213361145212.78,2025-08-14
6417.389,6570.499,6417.389,6568.57,24521724000,161072660614680.0,2025-08-15
6612.988,6709.781,6580.437,6668.173,30244822900,201677711451561.7,2025-08-18
6663.157,6707.114,6631.119,6655.311,25283927600,168272401479483.6,2025-08-19
6623.614,6728.069,6598.551,6728.069,24423390700,164322257843558.3,2025-08-20
6739.69,6767.323,6673.061,6704.166,24254016400,162602952112322.4,2025-08-21
6704.03,6823.363,6704.03,6822.847,25678382000,175199671593554.0,2025-08-22
6886.268,6967.796,6863.932,6951.896,33382894500,232074410742972.0,2025-08-25
6928.286,7008.963,6910.406,6964.065,28153238200,196060980785283.0,2025-08-26
6964.77,7074.63,6862.562,6862.562,32806018300,225133334556884.6,2025-08-27
6858.503,7011.16,6798.934,7011.16,30806178600,215987047153176.0,2025-08-28
7030.274,7078.923,6990.753,7043.942,28091581400,197875470069878.8,2025-08-29
7087.734,7110.687,7038.344,7110.288,28590831100,203289043280356.78,2025-09-01
7108.945,7108.945,6909.723,6961.689,29403653900,204699093915437.1,2025-09-02
6988.021,7003.268,6846.181,6868.462,25908326600,177950356735689.22,2025-09-03
6884.358,6906.692,6607.985,6698.447,27034189400,181087084883861.8,2025-09-04
6709.145,6919.336,6678.6,6913.953,24085745700,166527713739752.12,2025-09-05
6927.407,6995.718,6896.66,6992.117,24417430400,170729530196156.8,2025-09-08
6959.937,6999.731,6895.509,6928.965,22584355700,156486210192850.5,2025-09-09
6911.112,6977.767,6870.404,6932.109,18992286700,131656601563650.31,2025-09-10
6924.304,7123.052,6889.586,7122.705,24395106100,173759144194000.5,2025-09-11
7115.61,7200.156,7112.422,7147.749,26656750800,190535763873949.2,2025-09-12
7170.412,7174.891,7126.829,7137.363,23826572400,170058896264581.22,2025-09-15
7152.189,7195.425,7080.427,7190.993,24234918300,174273127850871.9,2025-09-16
7184.264,7265.393,7159.667,7260.035,25826444900,187500893899571.5,2025-09-17
7248.279,7350.977,7115.631,7199.883,34858954100,250980391022370.28,2025-09-18
7200.692,7231.999,7142.061,7170.349,27150719300,194680132982035.72,2025-09-19
7182.888,7225.858,7143.075,7225.128,23185806900,167520422635783.2,2025-09-22
7240.847,7250.816,7045.561,7180.714,28128363400,201981732863467.6,2025-09-23
7140.313,7327.021,7133.432,7323.709,24006493800,175816574701504.2,2025-09-24
7325.66,7379.611,7312.351,7341.324,23617503000,173383741593972.0,2025-09-25
7311.843,7351.793,7237.046,7240.911,21144414800,153104825713882.8,2025-09-26
7251.522,7377.222,7216.736,7350.56,23353941800,171664550437408.0,2025-09-29
7372.524,7428.031,7372.063,7412.368,22070750200,163596522518473.6,2025-09-30
7470.047,7559.092,7437.324,7548.923,28313078400,213733248734563.2,2025-10-09
7499.392,7509.116,7373.984,7398.224,26225664600,194023341259670.4,2025-10-10
7135.104,7391.825,7135.104,7376.564,25802781700,190335870588078.8,2025-10-13
7434.115,7459.016,7166.082,7194.851,27735887300,199555576476292.28,2025-10-14
7205.737,7294.001,7153.419,7294.001,21755977700,158688123099777.72,2025-10-15
7269.259,7305.947,7206.443,7231.534,19493637000,140968898749158.0,2025-10-16
7226.421,7254.579,7009.891,7016.066,20004411300,140352269971945.8,2025-10-17
7092.884,7129.994,7033.384,7069.641,17683419200,125015425396507.19,2025-10-20
7095.616,7193.73,7082.3,7185.624,20597382900,148005048903429.6,2025-10-21
7135.208,7166.557,7101.827,7128.478,16974325400,121001105178741.2,2025-10-22
7108.855,7153.656,7022.295,7142.954,18893373200,134954495672432.8,2025-10-23
7175.923,7258.534,7174.351,7258.534,19532393300,141776540869422.2,2025-10-24
7336.204,7391.212,7302.017,7379.394,23205182100,171240181557647.4,2025-10-27
7344.454,7404.756,7308.272,7341.03,20211846300,148375770043689.0,2025-10-28
7350.757,7480.967,7350.757,7480.967,22384413300,167457057211661.1,2025-10-29
7462.433,7463.653,7375.239,7385.711,24341203600,179777095181759.6,2025-10-30
7385.742,7430.856,7331.003,7331.003,23204167600,170109822288102.78,2025-10-31
7327.12,7336.511,7214.833,7333.601,22168706000,162576444490306.0,2025-11-03
7315.189,7323.704,7167.347,7210.825,19332584200,139403881463965.0,2025-11-04
7098.956,7257.84,7098.956,7229.341,19558024300,141391626950986.3,2025-11-05
7243.196,7352.177,7243.196,7345.723,20172296700,148180103832014.1,2025-11-06
7307.296,7371.438,7285.819,7327.911,19292057800,141370482565255.8,2025-11-07
7357.339,7384.785,7289.768,7343.802,20450133000,150181727625666.0,2025-11-10
7364.925,7379.806,7281.975,7291.608,19166031300,139751187155330.4,2025-11-11
7264.792,7305.856,7187.869,7243.248,18550701000,134367327916848.0,2025-11-12
7243.64,7366.412,7243.64,7355.291,19989023000,147025080970693.0,2025-11-13
7283.699,7329.596,7235.462,7235.462,20586491000,148952773343842.0,2025-11-14
7248.922,7262.331,7202.593,7235.351,20305060200,146914237623130.2,2025-11-17
7215.03,7230.542,7118.409,7151.018,20221412100,144603681912517.8,2025-11-18
7141.264,7178.15,7086.123,7122.747,16278660200,115948778103569.4,2025-11-19
7174.105,7180.732,7056.9,7061.95,15961874600,112721960331470.0,2025-11-20
6955.749,6986.778,6817.41,6817.41,20893338400,142438454141544.0,2025-11-21
6856.755,6905.923,6797.496,6868.966,16636391300,114274806202395.81,2025-11-24
6915.123,7018.47,6912.32,6954.603,16271253000,113160104927559.0,2025-11-25
6946.081,7024.882,6936.877,6965.045,14894352600,103739836104867.0,2025-11-26
6970.733,7045.845,6943.444,6951.284,13784110300,95817265382625.19,2025-11-27
6947.237,7031.712,6941.483,7031.551,14021118400,98590209106638.4,2025-11-28
7053.847,7101.832,7040.803,7101.832,17897343200,127103924652742.4,2025-12-01
7084.799,7085.303,7022.61,7040.301,14951819700,105265311185729.7,2025-12-02
7044.857,7064.16,6975.089,6996.355,15783886700,110429674632978.5,2025-12-03
7001.642,7039.716,6958.632,7012.806,14103833800,98907450295642.8,2025-12-04
7008.649,7104.021,6965.806,7097.839,16873827400,119767710198988.6,2025-12-05
7119.051,7193.723,7114.323,7172.367,19261175000,138148215951225.0,2025-12-08
7150.973,7185.107,7103.833,7121.326,16690106600,118855690073351.6,2025-12-09
7111.571,7171.973,7070.475,7155.994,15396782700,110179284620503.8,2025-12-10
7171.208,7179.425,7082.893,7082.893,18184855400,128801385018672.2,2025-12-11
7088.1,7187.1,7063.841,7169.791,19840247300,142250426529314.3,2025-12-12
7121.381,7177.154,7110.678,7113.962,17217406400,122483974868156.81,2025-12-15
7101.67,7102.772,6962.645,7001.319,17206587400,120468807288780.61,2025-12-16
7002.506,7160.776,6988.871,7137.834,17441313600,124493201218742.39,2025-12-17
7096.982,7172.962,7094.54,7100.836,15489612300,109989196645882.8,2025-12-18
7124.405,7197.068,7117.158,7169.551,17884314600,128222505624744.61,2025-12-19
7205.489,7277.386,7205.489,7255.661,17824288100,129326992019934.1,2025-12-22
7257.908,7297.703,7228.723,7256.786,17347600200,125887822264957.2,2025-12-23
7257.615,7362.57,7247.405,7352.04,16883771300,124130161948452.0,2025-12-24
7341.922,7426.137,7334.34,7410.712,16841420100,124806914032111.2,2025-12-25
7422.601,7484.916,7397.426,7458.839,19927688400,148637419417767.6,2025-12-26
7467.504,7491.693,7411.447,7430.615,19884433800,147753572060787.0,2025-12-29
7390.14,7495.061,7389.869,7458.936,19620361500,146347020725364.0,2025-12-30
7473.752,7488.066,7435.066,7465.574,19442774300,145151470301948.2,2025-12-31
7523.875,7651.238,7523.248,7651.198,25185386300,192698377287787.4,2026-01-05
7663.942,7814.651,7663.662,7814.136,31312510200,244680213204187.22,2026-01-06
7838.912,7909.656,7828.394,7875.082,29390344000,231451369008208.0,2026-01-07
7853.209,7938.595,7849.068,7894.545,29356173500,231753632723557.5,2026-01-08
7907.849,8064.758,7907.849,8056.686,31462467400,253483220627036.38,2026-01-09
8141.626,8261.354,8103.238,8249.128,33523628600,276540703345860.8,2026-01-12
8270.422,8270.422,8106.61,8143.28,36413103300,296522095840824.0,2026-01-13
8165.352,8368.222,8123.405,8227.697,42276600200,347839056635739.4,2026-01-14
8170.349,8249.031,8148.788,8223.268,31359583000,257878255377244.0,2026-01-15
8241.693,8292.741,8204.525,8232.674,28197904200,232144152761830.8,2026-01-16
8199.499,8318.37,8195.089,8287.947,26149738200,216727644265475.4,2026-01-19
8307.642,8342.874,8142.142,8247.805,28986446000,239074554251030.0,2026-01-20
8196.557,8351.455,8196.557,8340.113,24330438100,202918603093505.28,2026-01-21
8355.678,8396.133,8337.195,8387.595,26880524300,225462951216058.47,2026-01-22
8422.356,8590.166,8417.752,8590.166,31969006900,274619076126145.38,2026-01-23
8624.888,8671.346,8453.476,8506.693,34928559700,297126534300072.06,2026-01-26
8464.65,8581.105,8368.175,8548.932,30285260600,258906633471679.22,2026-01-27
8565.339,8633.147,8526.534,8601.164,31177425700,268162151543514.8,2026-01-28
8584.681,8658.945,8503.095,8517.843,35419838700,301700625131924.1,2026-01-29
8439.652,8496.337,8194.584,8370.52,32894717000,275345886542840.0,2026-01-30
8279.715,8324.434,8032.35,8037.046,29964602200,240826886253101.22,2026-02-02
8135.87,8286.701,8075.374,8286.701,27222713600,225586488011833.56,2026-02-03
8270.842,8309.858,8179.352,8299.057,26886027700,223128676385878.9,2026-02-04
8203.063,8224.785,8081.428,8146.107,23184051500,188859764212510.5,2026-02-05
8054.218,8247.297,8014.66,8146.413,21864214400,178114920422947.2,2026-02-06
8280.109,8313.469,8229.003,8311.283,21166756600,175922904294717.78,2026-02-09
8318.533,8331.986,8258.152,8306.445,19580622000,162645359708790.0,2026-02-10
8295.333,8373.503,8295.122,8325.811,20401970300,169862948745413.28,2026-02-11
8342.365,8437.42,8341.771,8423.57,21213831800,178696197135526.0,2026-02-12
8366.333,8419.762,8290.839,8299.585,20278572500,168303736142412.47,2026-02-13
8403.311,8444.128,8328.568,8392.91,22462927800,188529331361898.0,2026-02-24
8412.08,8551.535,8401.597,8527.559,27789338900,236975227040745.1,2026-02-25
8542.832,8582.763,8490.922,8557.216,25411176500,217448926124624.0,2026-02-26
8499.796,8658.45,8499.796,8658.45,28036116700,242749314641115.03,2026-02-27
8585.853,8683.982,8551.46,8658.334,33903229600,293545485555486.44,2026-03-02
8651.06,8654.568,8267.109,8281.614,34615390600,286671303408428.4,2026-03-03
8167.981,8377.174,8167.981,8248.945,27210771400,224460156686173.0,2026-03-04
8383.546,8391.037,8251.106,8309.171,25634345400,213000159401663.4,2026-03-05
8273.183,8394.334,8258.645,8360.335,23451496000,196062362811159.97,2026-03-06
8234.193,8305.925,8066.141,8279.481,28651851000,237222455969331.0,2026-03-09
8341.145,8412.933,8330.935,8410.303,23994135800,201797952301147.4,2026-03-10
8419.311,8439.619,8379.033,8403.33,26448738900,222257481060537.0,2026-03-11
8396.722,8433.037,8290.588,8359.472,28243650400,236102004696588.78,2026-03-12
8317.78,8371.716,8217.969,8239.798,28813099000,237414115514002.03,2026-03-13
8227.693,8233.655,8060.782,8185.152,25620598200,209708490597926.4,2026-03-16
8199.993,8207.461,8016.002,8016.026,23013280000,184475050825280.0,2026-03-17
8044.919,8105.955,7958.45,8096.428,20649392300,167186318000704.4,2026-03-18
7975.848,8000.43,7844.152,7877.09,21974486600,173095008651994.0,2026-03-19
7913.485,7941.586,7757.833,7760.037,21944878800,170293071448515.6,2026-03-20
7623.245,7708.43,7399.042,7440.745,27156102400,202061633152288.0,2026-03-23
7555.082,7597.373,7379.861,7597.373,22896641800,173954328201991.4,2026-03-24
7660.401,7806.911,7660.401,7767.665,24071155400,186976671310141.0,2026-03-25
7757.019,7777.29,7620.777,7642.13,20621612600,157593044298838.0,2026-03-26
7539.196,7785.378,7539.196,7737.614,18820506600,145625815355252.4,2026-03-27
7655.153,7766.111,7610.549,7753.723,19783856900,153398546274238.7,2026-03-30
7740.579,7788.893,7617.326,7617.326,19908603500,151650323064241.0,2026-03-31
7764.336,7778.988,7689.59,7750.092,17596067000,136371138088164.0,2026-04-01
7726.445,7740.095,7562.21,7605.293,17208487300,130875588003278.89,2026-04-02
7636.663,7640.841,7518.346,7534.938,15163735600,114257807594392.8,2026-04-03
7562.137,7630.136,7529.399,7571.111,14696135700,111266074655762.7,2026-04-07
7741.635,7945.153,7741.635,7945.153,23193661200,184277186864163.6,2026-04-08
7865.205,7947.678,7845.958,7898.633,19055565000,150512914542645.0,2026-04-09
7958.815,8070.648,7953.497,7969.365,20340435100,162100351570711.5,2026-04-10
7917.919,7990.981,7917.919,7967.697,19494869500,155329213230541.5,2026-04-13
8039.074,8088.569,8002.648,8088.569,21429567200,173334532937336.8,2026-04-14
8144.809,8150.622,8020.868,8044.077,20365606600,163822507642108.22,2026-04-15
8068.154,8189.175,8056.781,8180.082,18845568300,154158294030600.6,2026-04-16
8155.396,8230.107,8149.938,8214.194,19157884000,157366575805496.0,2026-04-17
8223.584,8310.944,8214.263,8290.022,21376402000,177210842860844.03,2026-04-20
8263.379,8281.321,8189.758,8270.327,20183631700,166925234206565.88,2026-04-21
8226.852,8377.336,8226.852,8376.181,21333723600,178695130277571.62,2026-04-22
8387.765,8401.499,8220.953,8295.207,24948698900,206954621756172.3,2026-04-23
8244.778,8299.878,8165.804,8247.876,22231189300,183360092678926.8,2026-04-24
8236.434,8326.155,8219.943,8299.049,22459580200,186393156599229.8,2026-04-27
8274.631,8275.328,8173.445,8203.961,22010913000,180576671826393.0,2026-04-28
8157.355,8356.715,8157.355,8342.422,23087201700,192603179380517.4,2026-04-29
8331.439,8375.193,8300.502,8349.508,24755465200,206695954731121.6,2026-04-30
8441.342,8621.346,8441.342,8588.44,27464745200,235879316265488.0,2026-05-06
8637.841,8700.335,8598.712,8696.799,27099417900,235678190493302.12,2026-05-07
8638.838,8706.333,8616.223,8694.171,27114353500,235736825883448.5,2026-05-08
8771.176,8863.769,8716.452,8839.742,28833019600,254876454344943.22,2026-05-11
8856.18,8856.18,8736.417,8785.979,26987096800,237108065755767.2,2026-05-12
8730.913,8925.877,8730.913,8918.239,25409688800,226609677634023.2,2026-05-13
8952.95,8956.662,8670.157,8670.157,28950256600,251003269912286.2,2026-05-14
8676.621,8717.092,8473.042,8536.344,27096176200,231302281127812.78,2026-05-15
8493.016,8606.41,8472.424,8554.237,23109341700,197682785815782.88,2026-05-18
8524.154,8633.061,8416.515,8627.946,24386882000,210408701004372.0,2026-05-19
8581.394,8681.723,8552.427,8656.306,23041869700,199457474935328.22,2026-05-20
8703.174,8790.375,8406.289,8419.837,27948915800,235325315362724.6,2026-05-21
8473.609,8591.155,8414.94,8576.94,22161039100,190073902698354.0,2026-05-22
8631.208,8705.197,8543.892,8703.89,23505289000,204587449874210.0,2026-05-25
8665.436,8673.21,8529.666,8658.619,24710784400,213961267310743.62,2026-05-26
8659.219,8722.581,8491.316,8530.98,25911673400,221051967541932.0,2026-05-27
8503.671,8596.449,8424.449,8563.222,24224000600,207435494865933.2,2026-05-28
8589.818,8597.984,8296.241,8359.56,28119061600,235062982588896.0,2026-05-29
8358.487,8442.532,8259.6,8274.212,25817502700,213619490650372.38,2026-06-01
8290.833,8378.434,8142.507,8321.435,23958969600,199373008193376.0,2026-06-02
8317.003,8462.67,8294.288,8362.156,25357653100,212044651016083.62,2026-06-03
8279.863,8391.052,8279.863,8356.744,23082197600,192892016300614.4,2026-06-04
8317.642,8399.408,8218.142,8251.141,24708934700,203876904169492.7,2026-06-05
7978.66,8142.335,7889.399,7963.453,24479319800,194939912699269.4,2026-06-08
8059.339,8181.128,7965.485,8176.179,20929297800,171121685157106.2,2026-06-09
8094.137,8148.255,7973.547,8063.864,21091009800,170075034649867.2,2026-06-10
8025.608,8091.683,7965.023,8035.779,19685777600,158190558236750.4,2026-06-11
8189.21,8258.908,8098.781,8106.203,26624408000,215822856002824.0,2026-06-12
8175.052,8406.779,8174.591,8406.748,25556263800,214845069588122.38,2026-06-15
8430.916,8538.194,8413.508,8507.98,23149509400,196955562985012.0,2026-06-16
8451.633,8630.516,8451.633,8627.086,22464601500,193804049096229.0,2026-06-17
8590.499,8716.342,8587.982,8673.09,23946757900,207692386474911.0,2026-06-18
8709.664,8870.485,8605.223,8868.782,28002311900,248346399737105.78,2026-06-22
8831.592,8895.34,8629.011,8688.592,27240314900,236679982117620.8,2026-06-23
8638.656,8850.791,8613.085,8842.938,24531147300,216927414642767.4,2026-06-24
8844.849,8940.959,8803.596,8938.011,26010208600,232479530579094.62,2026-06-25
8891.031,8926.751,8647.768,8703.565,25855829600,225037893552524.0,2026-06-26
8731.576,8837.031,8587.882,8821.094,25146106600,221816170052620.38,2026-06-29
8815.107,9040.132,8771.655,9031.379,22433080900,202601655745561.12,2026-06-30
9052.043,9147.559,8956.185,9028.933,26310457800,237555360675527.44,2026-07-01
8829.621,8932.647,8667.419,8694.176,26128140700,227162653798563.2,2026-07-02
8702.327,8860.416,8636.15,8745.261,23014842400,201270803661866.4,2026-07-03
8790.967,8823.05,8570.892,8651.134,23015291000,199108366489994.0,2026-07-06
8604.076,8663.665,8457.576,8508.789,19963919000,169868774384091.0,2026-07-07
8539.016,8571.525,8343.923,8390.019,19722016500,165468093153313.5,2026-07-08
8437.147,8659.65,8281.953,8652.787,21508048800,186104565052005.6,2026-07-09
8672.363,8783.249,8503.245,8503.971,25141438800,213802066453474.78,2026-07-10
8409.143,8457.692,8106.269,8138.144,22403763100,182325050249686.4,2026-07-13
8135.046,8275.96,7955.308,8275.939,21584109000,178628769453351.0,2026-07-14
8294.142,8305.272,8117.459,8147.579,20911552400,170378525191639.6,2026-07-15
8006.449,8148.042,7907.097,7955.664,19311060300,153632307230539.2,2026-07-16
7900.097,7908.739,7474.151,7513.763,23674574300,177885140416090.9,2026-07-17
7597.769,7626.489,7253.518,7411.313,25376330200,188071925903552.6,2026-07-20
7437.452,7802.755,7270.954,7800.609,26838145300,209353877770487.72,2026-07-21
7741.906,7889.446,7701.221,7751.662,23074728500,178867496073767.0,2026-07-22
7750.852,7795.35,7658.999,7734.31,20497442000,158533570635020.0,2026-07-23
7625.202,7703.599,7532.668,7532.701,18662483500,140578908122933.5,2026-07-24
7512.404,7721.403,7466.545,7720.598,17419255300,134487067630669.4,2026-07-27
7589.76,7646.016,7412.631,7443.433,16183245800,120458905834831.4,2026-07-28
7444.802,7572.814,7325.356,7524.508,20660412100,155459436129746.78,2026-07-29
7477.314,7536.485,7221.947,7309.575,20873575700,152576967097327.5,2026-07-30
7537.848,7638.781,7487.431,7493.985,21663596000,162346663470060.0,2026-07-31
7457.118,7499.579,7397.942,7414.523,19831234600,147039145060095.8,2026-08-03
7467.079,7645.475,7450.318,7607.487,20353489600,154838907536635.2,2026-08-04
7567.956,7845.392,7567.956,7809.207,22203181700,173389241953911.9,2026-08-05
7737.592,7868.855,7722.571,7829.362,21546810800,168697781698709.6,2026-08-06
7828.791,7983.173,7763.529,7980.125,20657563200,164849936531400.0,2026-08-07
8003.92,8031.156,7910.836,8030.948,20057990700,161084680296183.6,2026-08-10
7979.276,8078.361,7947.667,7967.539,19508369300,155433693224152.7,2026-08-11
7978.041,8067.528,7961.829,8045.31,18074269700,145413102760107.0,2026-08-12
8096.852,8142.327,7966.867,7968.381,22320329800,177856891892053.8,2026-08-13
7989.647,8005.148,7897.243,7990.328,18332791500,146485017240612.0,2026-08-14
8007.87,8184.641,7992.358,8184.641,17573061900,143829202922277.9,2026-08-17
8178.843,8211.307,8069.822,8177.176,18152320900,148434722807778.4,2026-08-18
8029.522,8050.079,7762.292,7783.456,19096331800,148635458326700.8,2026-08-19
7864.677,7923.911,7796.278,7850.401,16139010600,126697704953250.6,2026-08-20
7812.261,7877.339,7756.275,7854.334,14707563500,115518116055209.0,2026-08-21
7861.054,7865.539,7615.449,7717.085,15582227500,120249374106837.5,2026-08-24
7644.204,7755.725,7572.862,7710.937,14759459800,113809264671832.6,2026-08-25
7714.839,7833.602,7699.424,7770.535,16630391600,129227039991506.0,2026-08-26
7786.687,7951.047,7763.984,7946.326,17953696900,142665928472589.4,2026-08-27
7939.449,7986.429,7892.51,7895.451,17107047900,135067858449102.9,2026-08-28
7797.233,7953.926,7764.984,7952.099,18688358600,148611677734701.4,2026-08-31
7944.293,7955.575,7852.871,7858.518,18965772600,149042865361006.8,2026-09-01
7781.29,7783.046,7692.146,7729.233,16447175500,127124051631391.5,2026-09-02
7776.815,7799.632,7686.444,7755.361,15152056900,117509671152040.89,2026-09-03
7806.611,7850.401,7610.577,7652.689,18245169400,139624607170516.61,2026-09-04
7687.473,7791.794,7672.992,7759.368,15440221500,119806360620012.0,2026-09-07
7773.279,7830.156,7736.437,7770.731,16648620200,129371949095366.2,2026-09-08
7793.04,7816.663,7723.822,7768.106,16531999900,128422327615189.39,2026-09-09
7731.633,7766.35,7696.546,7717.798,15046221600,116123698972036.8,2026-09-10
7638.628,7638.628,7451.121,7580.537,18704443600,141789726774213.22,2026-09-11
7511.037,7610.026,7487.455,7571.2,13400770300,101459912095360.0,2026-09-14
7550.683,7641.538,7543.948,7561.591,12482136500,94384811019171.5,2026-09-15
7556.904,7696.468,7523.817,7683.47,13966742200,107313044691434.0,2026-09-16
7651.457,7738.031,7622.549,7654.979,13361116200,102279063927559.8,2026-09-17
7731.071,7819.984,7710.24,7799.613,14532511400,113347964838088.2,2026-09-18
7829.819,7869.348,7809.592,7850.48,15384752600,120777692591248.0,2026-09-21
