open,high,low,close,volume,amount,timestamps
1111.92,1118.85,1105.08,1108.48,1153200000.0,1278299136000.0,2004-01-02
1108.48,1122.22,1108.48,1122.22,1578200064.0,1771087675822.08,2004-01-05
1122.22,1124.46,1118.4399,1123.67,1494499968.0,1679324779042.56,2004-01-06
1123.67,1126.33,1116.45,1126.33,1704899968.0,1920279980957.44,2004-01-07
1126.33,1131.92,1124.91,1131.92,1868400000.0,2114879328000.0002,2004-01-08
1131.92,1131.92,1120.9,1121.86,1720700032.0,1930384537899.5198,2004-01-09
1121.86,1127.85,1120.9,1127.23,1510200064.0,1702342818142.72,2004-01-12
1127.23,1129.0699,1115.1899,1121.22,1595900032.0,1789355033879.04,2004-01-13
1121.22,1130.75,1121.22,1130.52,1514599936.0,1712285519646.72,2004-01-14
1130.52,1137.11,1124.54,1132.05,1695000064.0,1918824822451.2,2004-01-15
1132.05,1139.83,1132.05,1139.83,1721100032.0,1961761449474.5598,2004-01-16
1139.83,1142.9301,1135.4,1138.77,1698200064.0,1933859286881.28,2004-01-20
1138.77,1149.21,1134.62,1147.62,1757600000.0,2017056911999.9998,2004-01-21
1147.62,1150.51,1143.01,1143.9399,1693699968.0,1937490972023.9233,2004-01-22
1143.9399,1150.3101,1136.85,1141.55,1561200000.0,1782187860000.0,2004-01-23
1141.55,1155.38,1141.0,1155.37,1480600064.0,1710640895943.68,2004-01-26
1155.37,1155.37,1144.05,1144.05,1673100032.0,1914110091609.5999,2004-01-27
1144.05,1149.14,1126.5,1128.48,1842000000.0,2078660160000.0,2004-01-28
1128.48,1134.39,1122.38,1134.11,1921900032.0,2179646045291.5198,2004-01-29
1134.11,1134.17,1127.73,1131.13,1635000064.0,1849397622392.32,2004-01-30
1131.13,1142.45,1127.87,1135.26,1599200000.0,1815507792000.0,2004-02-02
1135.26,1137.4399,1131.33,1136.03,1476899968.0,1677802670647.04,2004-02-03
1136.03,1136.03,1124.74,1126.52,1634800000.0,1841634896000.0,2004-02-04
1126.52,1131.17,1124.4399,1128.59,1566599936.0,1768049021770.24,2004-02-05
1128.59,1142.79,1128.39,1142.76,1477600000.0,1688542176000.0,2004-02-06
1142.76,1144.46,1139.21,1139.8101,1303500032.0,1485742501823.923,2004-02-09
1139.8101,1147.02,1138.7,1145.54,1403900032.0,1608223642657.28,2004-02-10
1145.54,1158.89,1142.33,1157.76,1699299968.0,1967381530951.68,2004-02-11
1157.76,1157.76,1151.4399,1152.11,1464300032.0,1687034709867.5198,2004-02-12
1152.11,1156.88,1143.24,1145.8101,1329200000.0,1523010784920.0,2004-02-13
1145.8101,1158.98,1145.8101,1156.99,1396499968.0,1615736497976.32,2004-02-17
1156.99,1157.4,1149.54,1151.8199,1382400000.0,1592275829760.0,2004-02-18
1151.8199,1158.5699,1146.85,1147.0601,1562800000.0,1792625524279.9998,2004-02-19
1147.0601,1149.8101,1139.0,1144.11,1479600000.0,1692825155999.9998,2004-02-20
1144.11,1146.6899,1136.98,1140.99,1380400000.0,1575022596000.0,2004-02-23
1140.99,1144.54,1134.4301,1139.09,1543600000.0,1758299323999.9998,2004-02-24
1139.09,1145.24,1138.96,1143.67,1360700032.0,1556191805597.4402,2004-02-25
1143.67,1147.23,1138.62,1144.91,1383900032.0,1584440985637.12,2004-02-26
1145.8,1151.6801,1141.8,1144.9399,1540400000.0,1763665421960.0002,2004-02-27
1144.9399,1157.45,1144.9399,1155.97,1497100032.0,1730602723991.04,2004-03-01
1155.97,1156.54,1147.3101,1149.1,1476000000.0,1696071599999.9998,2004-03-02
1149.1,1152.4399,1143.78,1151.03,1334499968.0,1536049498167.04,2004-03-03
1151.03,1154.97,1149.8101,1154.87,1265799936.0,1461834372088.3198,2004-03-04
1154.87,1163.23,1148.77,1156.86,1398200064.0,1617521726039.0398,2004-03-05
1156.86,1159.9399,1146.97,1147.2,1254400000.0,1439047680000.0,2004-03-08
1147.2,1147.3199,1136.84,1140.58,1499399936.0,1710185579002.88,2004-03-09
1140.58,1141.45,1122.53,1123.89,1648400000.0,1852620276000.0002,2004-03-10
1123.89,1125.96,1105.87,1106.78,1889900032.0,2091703557416.96,2004-03-11
1106.78,1120.63,1106.78,1120.5699,1388499968.0,1555911270291.7632,2004-03-12
1120.5699,1120.5699,1103.36,1104.49,1600600064.0,1767846764687.36,2004-03-15
1104.49,1113.76,1102.61,1110.7,1500700032.0,1666827525542.4001,2004-03-16
1110.7,1125.76,1110.7,1123.75,1490099968.0,1674499839040.0,2004-03-17
1123.75,1125.5,1113.25,1122.3199,1369200000.0,1536680407080.0,2004-03-18
1122.3199,1122.72,1109.6899,1109.78,1457400064.0,1617393443025.92,2004-03-19
1109.78,1109.78,1089.54,1095.4,1452300032.0,1590849455052.8,2004-03-22
1095.4,1101.52,1091.5699,1093.95,1458200064.0,1595197960012.8,2004-03-23
1093.95,1098.3199,1087.16,1091.33,1527800064.0,1667334043845.1199,2004-03-24
1091.33,1110.38,1091.33,1109.1899,1471699968.0,1632394740335.9233,2004-03-25
1109.1899,1115.27,1106.13,1108.0601,1319100032.0,1461642113367.923,2004-03-26
1108.0601,1124.37,1108.0601,1122.47,1405500032.0,1577631620919.04,2004-03-29
1122.47,1127.6,1119.66,1127.0,1332400000.0,1501614800000.0,2004-03-30
1127.0,1130.83,1121.46,1126.21,1560700032.0,1757675983038.72,2004-03-31
1126.21,1135.67,1126.2,1132.17,1560700032.0,1766977755229.4402,2004-04-01
1132.17,1144.8101,1132.17,1141.8101,1629200000.0,1860237014919.9998,2004-04-02
1141.8101,1150.5699,1141.64,1150.5699,1413699968.0,1626560630811.7632,2004-04-05
1150.5699,1150.5699,1143.3,1148.16,1397699968.0,1604783195258.8801,2004-04-06
1148.16,1148.16,1138.41,1140.53,1458800000.0,1663805164000.0,2004-04-07
1140.53,1148.97,1134.52,1139.3199,1199800064.0,1366956088936.4736,2004-04-08
1139.3199,1147.29,1139.3199,1145.2,1102400000.0,1262468480000.0,2004-04-12
1145.2,1147.78,1127.7,1129.4399,1423200000.0,1607418865680.0,2004-04-13
1129.4399,1132.52,1122.15,1128.17,1547699968.0,1746068672898.56,2004-04-14
1128.17,1134.08,1120.75,1128.84,1568700032.0,1770811344122.88,2004-04-15
1128.84,1136.8,1126.9,1134.61,1487800064.0,1688072830615.0398,2004-04-16
1134.5601,1136.1801,1129.84,1135.8199,1194899968.0,1357191162163.7632,2004-04-19
1135.8199,1139.26,1118.09,1118.15,1508499968.0,1686729239219.2002,2004-04-20
1118.15,1125.72,1116.03,1124.09,1738099968.0,1953780793029.1199,2004-04-21
1124.09,1142.77,1121.95,1139.9301,1826700032.0,2082310350147.7632,2004-04-22
1139.9301,1141.92,1134.8101,1140.6,1396099968.0,1592391623500.7998,2004-04-23
1140.6,1145.08,1132.91,1135.53,1290599936.0,1465514945326.08,2004-04-26
1135.53,1146.5601,1135.53,1138.11,1518000000.0,1727650979999.9998,2004-04-27
1138.11,1138.11,1121.7,1122.41,1855600000.0,2082743996000.0002,2004-04-28
1122.41,1128.8,1108.04,1113.89,1859000064.0,2070721581288.9602,2004-04-29
1113.89,1119.26,1107.23,1107.3,1634700032.0,1810103345433.5999,2004-04-30
1107.3,1118.72,1107.3,1117.49,1571600000.0,1756247284000.0,2004-05-03
1117.49,1127.74,1112.89,1119.55,1662099968.0,1860804019174.4,2004-05-04
1119.55,1125.0699,1117.9,1121.53,1468999936.0,1647527498222.08,2004-05-05
1121.53,1121.53,1106.3,1113.99,1509299968.0,1681345071352.32,2004-05-06
1113.99,1117.3,1098.63,1098.7,1653600000.0,1816810320000.0,2004-05-07
1098.7,1098.7,1079.63,1087.12,1918400000.0,2085531007999.9998,2004-05-10
1087.12,1095.6899,1087.12,1095.45,1533799936.0,1680201139891.2,2004-05-11
1095.45,1097.55,1076.3199,1097.28,1697600000.0,1862742528000.0,2004-05-12
1097.28,1102.77,1091.76,1096.4399,1411100032.0,1547186377976.077,2004-05-13
1096.4399,1102.1,1088.24,1095.7,1335900032.0,1463745665062.4001,2004-05-14
1095.7,1095.7,1079.36,1084.1,1430099968.0,1550371375308.7998,2004-05-17
1084.1,1094.1,1084.1,1091.49,1352999936.0,1476785900144.64,2004-05-18
1091.49,1105.9301,1088.49,1088.6801,1548600064.0,1685930072535.5264,2004-05-19
1088.6801,1092.62,1085.4301,1089.1899,1211000064.0,1319009038608.1538,2004-05-20
1089.1899,1099.64,1089.1899,1093.5601,1258599936.0,1376354671872.1536,2004-05-21
1093.5601,1101.28,1091.77,1095.41,1227500032.0,1344615810053.12,2004-05-24
1095.41,1113.8,1090.74,1113.05,1545699968.0,1720441349382.4,2004-05-25
1113.05,1116.71,1109.91,1114.9399,1369400064.0,1526798770416.1538,2004-05-26
1114.9399,1123.95,1114.86,1121.28,1447500032.0,1623052835880.96,2004-05-27
1121.28,1122.6899,1118.1,1120.6801,1172600064.0,1314109556983.5264,2004-05-28
1120.6801,1122.7,1113.3199,1121.2,1238000000.0,1388045600000.0,2004-06-01
1121.2,1128.1,1118.64,1124.99,1251699968.0,1408149947000.32,2004-06-02
1124.99,1125.3101,1116.5699,1116.64,1232400000.0,1376147136000.0002,2004-06-03
1116.64,1129.17,1116.64,1122.5,1115299968.0,1251924214080.0,2004-06-04
1122.5,1140.54,1122.5,1140.42,1211800064.0,1381961028986.8801,2004-06-07
1140.42,1142.1801,1135.45,1142.1801,1190300032.0,1359537009579.7632,2004-06-08
1142.1801,1142.1801,1131.17,1131.33,1276800000.0,1444482144000.0,2004-06-09
1131.33,1136.47,1131.33,1136.47,1160600064.0,1318987154734.08,2004-06-10
1136.47,1136.47,1122.16,1125.29,1179399936.0,1327166953981.44,2004-06-14
1125.29,1137.36,1125.29,1132.01,1345900032.0,1523572295224.32,2004-06-15
1132.01,1135.28,1130.55,1133.5601,1168400000.0,1324451620840.0,2004-06-16
1133.5601,1133.5601,1126.89,1132.05,1296700032.0,1467929271225.5999,2004-06-17
1132.05,1138.96,1129.83,1135.02,1500600064.0,1703211084641.28,2004-06-18
1135.02,1138.05,1129.64,1130.3,1123900032.0,1270344206169.5999,2004-06-21
1130.3,1135.05,1124.37,1134.41,1382300032.0,1568094979301.12,2004-06-22
1134.41,1145.15,1131.73,1144.0601,1444199936.0,1652251523200.1536,2004-06-23
1144.0601,1146.34,1139.9399,1140.65,1394899968.0,1591092648499.2002,2004-06-24
1140.65,1145.97,1134.24,1134.4301,1812899968.0,2056608291988.2368,2004-06-25
1134.4301,1142.6,1131.72,1133.35,1354599936.0,1535235837465.5999,2004-06-28
1133.35,1138.26,1131.8101,1136.2,1375000064.0,1562275072716.8,2004-06-29
1136.2,1144.2,1133.62,1140.84,1473799936.0,1681369918986.24,2004-06-30
1140.84,1140.84,1123.0601,1128.9399,1495699968.0,1688555372303.9233,2004-07-01
1128.9399,1129.15,1123.26,1125.38,1084999936.0,1221037227975.6802,2004-07-02
1125.38,1125.38,1113.21,1116.21,1283299968.0,1432432257281.28,2004-07-06
1116.21,1122.37,1114.92,1118.33,1328600064.0,1485813309573.1199,2004-07-07
1118.33,1119.12,1108.72,1109.11,1401100032.0,1553974056491.5198,2004-07-08
1109.11,1115.5699,1109.11,1112.8101,1186300032.0,1320126657239.923,2004-07-09
1112.8101,1116.11,1106.71,1114.35,1114599936.0,1242054438681.5999,2004-07-12
1114.35,1116.3,1112.99,1115.14,1199699968.0,1337833422315.52,2004-07-13
1115.14,1119.6,1107.83,1111.47,1462000000.0,1624969140000.0,2004-07-14
1111.47,1114.63,1106.67,1106.6899,1408700032.0,1558994097544.077,2004-07-15
1106.6899,1112.17,1101.0699,1101.39,1450300032.0,1597345952244.4802,2004-07-16
1101.39,1105.52,1096.55,1100.9,1319900032.0,1453077945228.8,2004-07-19
1100.9,1108.88,1099.1,1108.67,1445799936.0,1602915015045.12,2004-07-20
1108.67,1116.27,1093.88,1093.88,1679500032.0,1837171495004.1602,2004-07-21
1093.88,1099.66,1084.16,1096.84,1680800000.0,1843568671999.9998,2004-07-22
1096.84,1096.84,1083.5601,1086.2,1337500032.0,1452792534758.4001,2004-07-23
1086.2,1089.8199,1078.78,1084.0699,1413400064.0,1532224466040.4736,2004-07-26
1084.0699,1096.65,1084.0699,1094.83,1610800000.0,1763552164000.0,2004-07-27
1094.83,1098.84,1082.17,1095.42,1554300032.0,1702611341053.4402,2004-07-28
1095.42,1103.51,1095.42,1100.4301,1530099968.0,1683768060796.2368,2004-07-29
1100.4301,1103.73,1096.96,1101.72,1298200064.0,1430252974510.08,2004-07-30
1101.72,1108.6,1097.34,1106.62,1276000000.0,1412047119999.9998,2004-08-02
1106.62,1106.62,1099.26,1099.6899,1338300032.0,1471715028360.077,2004-08-03
1099.6899,1102.45,1092.4,1098.63,1369200000.0,1504244196000.0002,2004-08-04
1098.63,1098.79,1079.98,1080.7,1397400064.0,1510170249164.8,2004-08-05
1080.7,1080.7,1062.23,1063.97,1520999936.0,1618298301905.92,2004-08-06
1063.97,1069.46,1063.97,1065.22,1086000000.0,1156828920000.0,2004-08-09
1065.22,1079.04,1065.22,1079.04,1245600000.0,1344052224000.0,2004-08-10
1079.04,1079.04,1065.92,1075.79,1410400000.0,1517294216000.0,2004-08-11
1075.79,1075.79,1062.8199,1063.23,1405100032.0,1493944507023.36,2004-08-12
1063.23,1067.58,1060.72,1064.8,1175100032.0,1251246514073.5999,2004-08-13
1064.8,1080.66,1064.8,1079.34,1206200064.0,1301899977077.76,2004-08-16
1079.34,1086.78,1079.34,1081.71,1267800064.0,1371392007229.44,2004-08-17
1081.71,1095.17,1078.9301,1095.17,1282499968.0,1404555489954.56,2004-08-18
1095.17,1095.17,1086.28,1091.23,1249400064.0,1363382831838.72,2004-08-19
1091.23,1100.26,1089.5699,1098.35,1199900032.0,1317910200147.2,2004-08-20
1098.35,1101.4,1094.73,1095.6801,1021900032.0,1119675529251.7632,2004-08-23
1095.6801,1100.9399,1092.8199,1096.1899,1092499968.0,1197587430671.9233,2004-08-24
1096.1899,1106.29,1093.24,1104.96,1192199936.0,1317333241282.56,2004-08-25
1104.96,1106.78,1102.46,1105.09,1023600000.0,1131170124000.0,2004-08-26
1105.09,1109.6801,1104.62,1107.77,845400000.0,936508758000.0,2004-08-27
1107.77,1107.77,1099.15,1099.15,843100032.0,926693400172.8,2004-08-30
1099.15,1104.24,1094.72,1104.24,1138200064.0,1256846038671.36,2004-08-31
1104.24,1109.24,1099.1801,1105.91,1142099968.0,1263059775610.8801,2004-09-01
1105.91,1119.11,1105.6,1118.3101,1118400000.0,1250718015840.0,2004-09-02
1118.3101,1120.8,1113.5699,1113.63,924169984.0,1029183419281.92,2004-09-03
1113.63,1124.08,1113.63,1121.3,1214400000.0,1361706720000.0,2004-09-07
1121.3,1123.05,1116.27,1116.27,1246300032.0,1391207336720.64,2004-09-08
1116.27,1121.3,1113.62,1118.38,1371299968.0,1533634458211.84,2004-09-09
1118.38,1125.26,1114.39,1123.92,1261200000.0,1417487904000.0,2004-09-10
1123.92,1129.78,1123.35,1125.8199,1299800064.0,1463340778072.4736,2004-09-13
1125.8199,1129.46,1124.72,1128.33,1204499968.0,1359073448893.44,2004-09-14
1128.33,1128.33,1119.8199,1120.37,1256000000.0,1407184719999.9998,2004-09-15
1120.37,1126.0601,1120.37,1123.5,1113900032.0,1251466685952.0,2004-09-16
1123.5,1130.14,1123.5,1128.55,1422599936.0,1605475157772.8,2004-09-17
1128.55,1128.55,1120.34,1122.2,1197600000.0,1343946720000.0,2004-09-20
1122.2,1131.54,1122.2,1129.3,1324999936.0,1496322427724.8,2004-09-21
1129.3,1129.3,1112.67,1113.5601,1379900032.0,1536601617623.923,2004-09-22
1113.5601,1113.61,1108.05,1108.36,1286300032.0,1425683503467.5198,2004-09-23
1108.36,1113.8101,1108.36,1110.11,1255399936.0,1393632022952.96,2004-09-24
1110.11,1110.11,1103.24,1103.52,1263500032.0,1394297555312.64,2004-09-27
1103.52,1111.77,1101.29,1110.0601,1396600064.0,1550310006703.8462,2004-09-28
1110.0601,1114.8,1107.42,1114.8,1402899968.0,1563952884326.4,2004-09-29
1114.8,1116.3101,1109.6801,1114.58,1748000000.0,1948285839999.9998,2004-09-30
1114.58,1131.64,1114.58,1131.5,1582200064.0,1790259372416.0,2004-10-01
1131.5,1140.13,1131.5,1135.17,1534000000.0,1741350780000.0,2004-10-04
1135.17,1137.87,1132.03,1134.48,1418400000.0,1609146432000.0,2004-10-05
1134.48,1142.05,1132.9399,1142.05,1416700032.0,1617942271545.5999,2004-10-06
1142.05,1142.05,1130.5,1130.65,1447500032.0,1636615911180.8,2004-10-07
1130.65,1132.92,1120.1899,1122.14,1291600000.0,1449356024000.0002,2004-10-08
1122.14,1126.2,1122.14,1124.39,943800000.0,1061199282000.0001,2004-10-11
1124.39,1124.39,1115.77,1121.84,1320099968.0,1480940948101.1199,2004-10-12
1121.84,1127.01,1109.63,1113.65,1546200064.0,1721925701273.6,2004-10-13
1113.65,1114.96,1102.0601,1103.29,1489500032.0,1643350490305.28,2004-10-14
1103.29,1113.17,1102.14,1108.2,1645100032.0,1823099855462.4001,2004-10-15
1108.2,1114.46,1103.33,1114.02,1373299968.0,1529883630351.3599,2004-10-18
1114.02,1117.96,1103.15,1103.23,1737500032.0,1916862160303.36,2004-10-19
1103.23,1104.09,1094.25,1103.66,1685699968.0,1860439626682.8801,2004-10-20
1103.66,1108.87,1098.47,1106.49,1672999936.0,1851157699184.6401,2004-10-21
1106.49,1108.14,1095.47,1095.74,1469600000.0,1610299504000.0,2004-10-22
1095.74,1096.8101,1090.29,1094.8,1380499968.0,1511371364966.4,2004-10-25
1094.8101,1111.1,1094.8101,1111.09,1685400064.0,1872631157109.7598,2004-10-26
1111.09,1126.29,1107.4301,1125.4,1741900032.0,1960334296012.8,2004-10-27
1125.34,1130.67,1120.6,1127.4399,1628199936.0,1835697573023.8464,2004-10-28
1127.4399,1131.4,1124.62,1130.2,1500800000.0,1696204160000.0,2004-10-29
1130.2,1133.41,1127.6,1130.51,1395900032.0,1578078945176.32,2004-11-01
1130.51,1140.48,1128.12,1130.5601,1659000064.0,1875599278255.8462,2004-11-02
1130.54,1147.5699,1130.54,1143.2,1767500032.0,2020606036582.4001,2004-11-03
1143.2,1161.67,1142.34,1161.67,1782700032.0,2070909146173.4402,2004-11-04
1161.67,1170.87,1160.66,1166.17,1724400000.0,2010943548000.0002,2004-11-05
1166.17,1166.77,1162.3199,1164.89,1358700032.0,1582736080276.4802,2004-11-08
1164.89,1168.96,1162.48,1164.08,1450800000.0,1688847264000.0,2004-11-09
1164.08,1169.25,1162.51,1162.91,1504300032.0,1749365550213.12,2004-11-10
1162.91,1174.8,1162.91,1173.48,1392999936.0,1634657564897.28,2004-11-11
1173.48,1184.17,1171.4301,1184.17,1531600000.0,1813674772000.0,2004-11-12
1184.17,1184.48,1179.85,1183.8101,1453299968.0,1720431180448.0767,2004-11-15
1183.8101,1183.8101,1175.3199,1175.4301,1364400000.0,1603756828440.0,2004-11-16
1175.4301,1188.46,1175.4301,1181.9399,1684199936.0,1990623103935.8464,2004-11-17
1181.9399,1184.9,1180.15,1183.55,1456700032.0,1724077322873.5999,2004-11-18
1183.55,1184.0,1169.1899,1170.34,1526599936.0,1786640969098.24,2004-11-19
1170.34,1178.1801,1167.89,1177.24,1392700032.0,1639542185671.68,2004-11-22
1177.24,1179.52,1171.41,1176.9399,1428300032.0,1681023296832.077,2004-11-23
1176.9399,1182.46,1176.9399,1181.76,1149600000.0,1358551296000.0,2004-11-24
1181.76,1186.62,1181.08,1182.65,504580000.0,596741537000.0,2004-11-26
1182.65,1186.9399,1172.37,1178.5699,1378499968.0,1624658569435.7632,2004-11-29
1178.5699,1178.66,1173.8101,1173.8199,1553500032.0,1823529252212.2368,2004-11-30
1173.78,1191.37,1173.78,1191.37,1772800000.0,2112060735999.9998,2004-12-01
1191.37,1194.8,1186.72,1190.33,1774899968.0,2112716678909.44,2004-12-02
1190.33,1197.46,1187.71,1191.17,1566700032.0,1866206077117.4402,2004-12-03
1191.17,1192.41,1185.1801,1190.25,1354400000.0,1612074600000.0,2004-12-06
1190.25,1192.17,1177.0699,1177.0699,1533900032.0,1805507557276.2368,2004-12-07
1177.0699,1184.05,1177.0699,1182.8101,1525200000.0,1804021964520.0,2004-12-08
1182.8101,1190.51,1173.79,1189.24,1624700032.0,1932158266055.68,2004-12-09
1189.24,1191.45,1185.24,1188.0,1443699968.0,1715115561984.0,2004-12-10
1188.0,1198.74,1188.0,1198.6801,1436099968.0,1721424453252.2368,2004-12-13
1198.6801,1205.29,1197.84,1203.38,1544400000.0,1858500072000.0002,2004-12-14
1203.38,1206.61,1199.4399,1205.72,1695800064.0,2044660053166.08,2004-12-15
1205.72,1207.97,1198.41,1203.21,1793900032.0,2158438457502.72,2004-12-16
1203.21,1203.21,1193.49,1194.2,2335000064.0,2788457076428.8003,2004-12-17
1194.2,1203.4301,1193.36,1194.65,1422800000.0,1699748020000.0002,2004-12-20
1194.65,1205.9301,1194.65,1205.45,1483699968.0,1788526126425.6,2004-12-21
1205.45,1211.42,1203.85,1209.5699,1390800000.0,1682269816920.0,2004-12-22
1209.5699,1213.66,1208.71,1210.13,956099968.0,1157005254275.84,2004-12-23
1210.13,1214.13,1204.92,1204.92,922000000.0,1110936240000.0,2004-12-27
1204.92,1213.54,1204.92,1213.54,983000000.0,1192909820000.0,2004-12-28
1213.54,1213.85,1210.95,1213.45,925900032.0,1123533393830.4001,2004-12-29
1213.45,1216.47,1213.41,1213.55,829800000.0,1007003790000.0,2004-12-30
1213.55,1217.33,1211.65,1211.92,786899968.0,953659809218.56,2004-12-31
1211.92,1217.8,1200.3199,1202.08,1510800000.0,1816102464000.0,2005-01-03
1202.08,1205.84,1185.39,1188.05,1720999936.0,2044633973964.7998,2005-01-04
1188.05,1192.73,1183.72,1183.74,1738899968.0,2058405448120.32,2005-01-05
1183.74,1191.63,1183.27,1187.89,1569100032.0,1863918237012.4802,2005-01-06
1187.89,1192.2,1182.16,1186.1899,1477900032.0,1753070091168.077,2005-01-07
1186.1899,1194.78,1184.8,1190.25,1490400000.0,1773948600000.0,2005-01-10
1190.25,1190.25,1180.4301,1182.99,1488800000.0,1761235512000.0,2005-01-11
1182.99,1187.92,1175.64,1187.7,1562099968.0,1855306131993.6,2005-01-12
1187.7,1187.7,1175.8101,1177.45,1510300032.0,1778302772678.4001,2005-01-13
1177.45,1185.21,1177.45,1184.52,1335399936.0,1581807932190.72,2005-01-14
1184.52,1195.98,1180.1,1195.98,1596800000.0,1909740864000.0,2005-01-18
1195.98,1195.98,1184.41,1184.63,1498700032.0,1775405018908.1602,2005-01-19
1184.63,1184.63,1173.42,1175.41,1692000000.0,1988793720000.0002,2005-01-20
1175.41,1179.45,1167.8199,1167.87,1643500032.0,1919394382371.8398,2005-01-21
1167.87,1173.03,1163.75,1163.75,1494599936.0,1739340675520.0,2005-01-24
1163.75,1174.3,1163.75,1168.41,1610400000.0,1881607464000.0002,2005-01-25
1168.41,1175.96,1168.41,1174.0699,1635900032.0,1920660986980.2368,2005-01-26
1174.0699,1177.5,1170.15,1174.55,1600600064.0,1879984805171.2,2005-01-27
1174.55,1175.61,1166.25,1171.36,1641799936.0,1923138773032.9597,2005-01-28
1171.36,1182.0699,1171.36,1181.27,1679800064.0,1984297421601.28,2005-01-31
1181.27,1190.39,1180.95,1189.41,1681980032.0,2000563869861.12,2005-02-01
1189.41,1195.25,1188.92,1193.1899,1561740032.0,1863452432608.077,2005-02-02
1193.1899,1193.1899,1185.64,1189.89,1554460032.0,1849636447476.4802,2005-02-03
1189.89,1203.47,1189.67,1203.03,1648160000.0,1982785924800.0,2005-02-04
1203.03,1204.15,1199.27,1201.72,1347270016.0,1619041323627.52,2005-02-07
1201.72,1205.11,1200.16,1202.3,1416169984.0,1702661171763.2,2005-02-08
1202.3,1203.83,1191.54,1191.99,1511040000.0,1801144569600.0,2005-02-09
1191.99,1198.75,1191.54,1197.01,1491670016.0,1785543925852.16,2005-02-10
1197.01,1208.38,1193.28,1205.3,1562300032.0,1883040228569.5999,2005-02-11
1205.3,1206.9301,1203.59,1206.14,1290179968.0,1556137666603.52,2005-02-14
1206.14,1212.4399,1205.52,1210.12,1527079936.0,1847949972152.3198,2005-02-15
1210.12,1212.4399,1205.0601,1210.34,1490099968.0,1803527595269.1199,2005-02-16
1210.34,1211.33,1200.74,1200.75,1580120064.0,1897329166848.0,2005-02-17
1200.75,1202.92,1197.35,1201.59,1551200000.0,1863906407999.9998,2005-02-18
1201.59,1202.48,1184.16,1184.16,1744940032.0,2066288188293.12,2005-02-22
1184.16,1193.52,1184.16,1190.8,1501090048.0,1787498029158.4,2005-02-23
1190.8,1200.42,1187.8,1200.2,1518749952.0,1822803692390.4001,2005-02-24
1200.2,1212.15,1199.61,1211.37,1523680000.0,1845740241599.9998,2005-02-25
1211.37,1211.37,1198.13,1203.6,1795480064.0,2161039805030.4,2005-02-28
1203.6,1212.25,1203.6,1210.41,1708060032.0,2067452943333.12,2005-03-01
1210.41,1215.79,1204.22,1210.08,1568540032.0,1898058921922.5598,2005-03-02
1210.08,1215.72,1204.45,1210.47,1616240000.0,1956410032800.0,2005-03-03
1210.47,1224.76,1210.47,1222.12,1636819968.0,2000390419292.16,2005-03-04
1222.12,1229.11,1222.12,1225.3101,1488829952.0,1824278377368.115,2005-03-07
1225.3101,1225.6899,1218.5699,1219.4301,1523090048.0,1857301849541.6448,2005-03-08
1219.4301,1219.4301,1206.66,1207.01,1704969984.0,2057915820387.84,2005-03-09
1207.01,1211.23,1201.41,1209.25,1604019968.0,1939661146304.0,2005-03-10
1209.25,1213.04,1198.15,1200.08,1449820032.0,1739900024002.5598,2005-03-11
1200.08,1206.83,1199.51,1206.83,1437430016.0,1734733666209.2798,2005-03-14
1206.83,1210.54,1197.75,1197.75,1513529984.0,1812830538336.0,2005-03-15
1197.75,1197.75,1185.61,1188.0699,1653190016.0,1964105296990.1184,2005-03-16
1188.0699,1193.28,1186.34,1190.21,1581929984.0,1882828886256.6401,2005-03-17
1190.21,1191.98,1182.78,1189.65,2344369920.0,2788979675328.0,2005-03-18
1189.65,1189.65,1178.8199,1183.78,1819440000.0,2153816683200.0,2005-03-21
1183.78,1189.59,1171.63,1171.71,2114470016.0,2477545662447.36,2005-03-22
1171.71,1176.26,1168.7,1172.53,2246870016.0,2634522499860.48,2005-03-23
1172.53,1180.11,1171.42,1171.42,1721720064.0,2016857317370.8801,2005-03-24
1171.42,1179.91,1171.42,1174.28,1746220032.0,2050551259176.96,2005-03-28
1174.28,1179.39,1163.6899,1165.36,2223249920.0,2590886526771.1997,2005-03-29
1165.36,1181.54,1165.36,1181.41,2097110016.0,2477546744002.56,2005-03-30
1181.41,1184.53,1179.49,1180.59,2214230016.0,2614097814589.44,2005-03-31
1180.59,1189.8,1169.91,1172.92,2168689920.0,2543699780966.4004,2005-04-01
1172.79,1178.61,1167.72,1176.12,2079769984.0,2446059073582.0796,2005-04-04
1176.12,1183.5601,1176.12,1181.39,1870800000.0,2210144412000.0,2005-04-05
1181.39,1189.34,1181.39,1184.0699,1797400064.0,2128247314040.4736,2005-04-06
1184.0699,1191.88,1183.8101,1191.14,1900620032.0,2263904544916.48,2005-04-07
1191.14,1191.75,1181.13,1181.2,1661330048.0,1962363052697.6,2005-04-08
1181.2,1184.0699,1178.6899,1181.21,1525309952.0,1801711368401.9202,2005-04-11
1181.21,1190.17,1170.85,1187.76,1979830016.0,2351562899804.16,2005-04-12
1187.76,1187.76,1171.4,1173.79,2049740032.0,2405964352161.28,2005-04-13
1173.79,1174.67,1161.7,1162.05,2355040000.0,2736674232000.0,2005-04-14
1162.05,1162.05,1141.92,1142.62,2689959936.0,3073602022072.32,2005-04-15
1142.62,1148.92,1139.8,1145.98,2180669952.0,2499004151592.96,2005-04-18
1145.98,1154.67,1145.98,1152.78,2142700032.0,2470061742888.96,2005-04-19
1152.78,1155.5,1136.15,1137.5,2217050112.0,2521894502400.0,2005-04-20
1137.5,1159.95,1137.5,1159.95,2308559872.0,2677814023526.4,2005-04-21
1159.95,1159.95,1142.95,1152.12,2045880064.0,2357099339335.6797,2005-04-22
1152.12,1164.05,1152.12,1162.1,1795030016.0,2086004381593.5999,2005-04-25
1162.1,1164.8,1151.83,1151.83,1959740032.0,2257287361058.56,2005-04-26
1151.74,1159.87,1144.42,1156.38,2151520000.0,2487974697600.0,2005-04-27
1156.38,1156.38,1143.22,1143.22,2182269952.0,2494814654525.44,2005-04-28
1143.22,1156.97,1139.1899,1156.85,2362360064.0,2732896240038.4,2005-04-29
1156.85,1162.87,1154.71,1162.16,1980039936.0,2301123212021.7603,2005-05-02
1162.16,1166.89,1156.71,1161.17,2167020032.0,2516278650557.44,2005-05-03
1161.17,1176.01,1161.17,1175.65,2306480128.0,2711613362483.2,2005-05-04
1175.65,1178.62,1166.77,1172.63,1997100032.0,2341859410524.16,2005-05-05
1172.63,1177.75,1170.5,1171.35,1707200000.0,1999728719999.9998,2005-05-06
1171.35,1178.87,1169.38,1178.84,1857020032.0,2189129494522.88,2005-05-09
1178.84,1178.84,1162.98,1166.22,1889660032.0,2203759322519.04,2005-05-10
1166.22,1171.77,1157.71,1171.11,1834969984.0,2148951697962.2397,2005-05-11
1171.11,1173.37,1157.76,1159.36,1995289984.0,2313259395850.2397,2005-05-12
1159.36,1163.75,1146.1801,1154.05,2188590080.0,2525742381824.0,2005-05-13
1154.05,1165.75,1153.64,1165.6899,1856860032.0,2164522985016.077,2005-05-16
1165.6899,1174.35,1159.86,1173.8,1887260032.0,2215265825561.6,2005-05-17
1173.8,1187.9,1173.8,1185.5601,2266319872.0,2686858414080.307,2005-05-18
1185.5601,1191.09,1184.49,1191.08,1775859968.0,2115191290685.44,2005-05-19
1191.08,1191.22,1185.1899,1189.28,1631750016.0,1940607659028.48,2005-05-20
1189.28,1197.4399,1188.76,1193.86,1681170048.0,2007081673505.2798,2005-05-23
1193.86,1195.29,1189.87,1194.0699,1680999936.0,2007231425479.5264,2005-05-24
1194.0699,1194.0699,1185.96,1190.01,1742179968.0,2073211583719.68,2005-05-25
1190.01,1198.95,1190.01,1197.62,1654109952.0,1980995160714.2397,2005-05-26
1197.62,1199.5601,1195.28,1198.78,1381430016.0,1656030674580.48,2005-05-27
1198.78,1198.78,1191.5,1191.5,1840679936.0,2193170143744.0,2005-05-31
1191.5,1205.64,1191.03,1202.22,1810099968.0,2176138383528.96,2005-06-01
1202.27,1204.67,1198.42,1204.29,1813789952.0,2184329101294.0798,2005-06-02
1204.29,1205.09,1194.55,1196.02,1627520000.0,1946546470400.0,2005-06-03
1196.02,1198.78,1192.75,1197.51,1547120000.0,1852691671200.0,2005-06-06
1197.51,1208.85,1197.26,1197.26,1851369984.0,2216571227043.84,2005-06-07
1197.26,1201.97,1193.33,1194.67,1715490048.0,2049444495644.1602,2005-06-08
1194.67,1201.86,1191.09,1200.9301,1824120064.0,2190640690871.5264,2005-06-09
1200.9301,1202.79,1192.64,1198.11,1664179968.0,1993870661460.4797,2005-06-10
1198.11,1206.03,1194.51,1200.8199,1661350016.0,1994982160078.1184,2005-06-13
1200.8199,1207.53,1200.1801,1203.91,1698150016.0,2044419785762.56,2005-06-14
1203.91,1208.08,1198.66,1206.58,1840440064.0,2220638172421.1196,2005-06-15
1206.55,1212.1,1205.47,1210.96,1776039936.0,2150713320898.56,2005-06-16
1210.9301,1219.55,1210.9301,1216.96,2407369984.0,2929672975728.64,2005-06-17
1216.96,1219.1,1210.65,1216.1,1714530048.0,2085039991372.7998,2005-06-20
1216.1,1217.13,1211.86,1213.61,1720700032.0,2088258765835.5198,2005-06-21
1213.61,1219.59,1211.6899,1213.88,1823250048.0,2213206768266.24,2005-06-22
1213.88,1216.45,1200.72,1200.73,2029920000.0,2437385841600.0,2005-06-23
1200.73,1200.9,1191.45,1191.5699,2418800128.0,2882169426640.9473,2005-06-24
1191.5699,1194.33,1188.3,1190.6899,1738620032.0,2070157312040.077,2005-06-27
1190.6899,1202.54,1190.6899,1201.5699,1772409984.0,2129674487233.8816,2005-06-28
1201.5699,1204.0699,1198.7,1199.85,1769280000.0,2122870607999.9998,2005-06-29
1199.85,1203.27,1190.51,1191.33,2109490048.0,2513098778883.84,2005-06-30
1191.33,1197.89,1191.33,1194.4399,1593820032.0,1903722239640.077,2005-07-01
1194.4399,1206.34,1192.49,1204.99,1805820032.0,2175995080359.68,2005-07-05
1204.99,1206.11,1194.78,1194.9399,1883469952.0,2250633396095.885,2005-07-06
1194.9399,1198.46,1183.55,1197.87,1952440064.0,2338769379463.6797,2005-07-07
1197.87,1212.73,1197.2,1211.86,1900809984.0,2303515587210.2397,2005-07-08
1211.86,1220.03,1211.86,1219.4399,1846300032.0,2251451926392.077,2005-07-11
1219.4399,1225.54,1216.6,1222.21,1932009984.0,2361321922544.64,2005-07-12
1222.21,1224.46,1219.64,1223.29,1812499968.0,2217213085854.7197,2005-07-13
1223.29,1233.16,1223.29,1226.5,2048710016.0,2512742834624.0,2005-07-14
1226.5,1229.53,1223.5,1227.92,1716400000.0,2107601888000.0002,2005-07-15
1227.92,1227.92,1221.13,1221.13,1582099968.0,1931949733923.84,2005-07-18
1221.13,1230.34,1221.13,1229.35,2041280000.0,2509447568000.0,2005-07-19
1229.35,1236.5601,1222.91,1235.2,2063340032.0,2548637607526.4,2005-07-20
1235.2,1235.83,1224.7,1227.04,2129840000.0,2613398873600.0,2005-07-21
1227.04,1234.1899,1226.15,1233.6801,1766989952.0,2179900340682.3552,2005-07-22
1233.6801,1238.36,1228.15,1229.03,1717580032.0,2110957386728.96,2005-07-25
1229.03,1234.42,1229.03,1231.16,1934179968.0,2381285009402.8804,2005-07-26
1231.16,1237.64,1230.15,1236.79,1945799936.0,2406545902845.44,2005-07-27
1236.79,1245.15,1235.8101,1243.72,2001680000.0,2489529449600.0,2005-07-28
1243.72,1245.04,1234.1801,1234.1801,1789600000.0,2208688706960.0,2005-07-29
1234.1801,1239.1,1233.8,1235.35,1716870016.0,2120935374265.5999,2005-08-01
1235.35,1244.6899,1235.35,1244.12,2043120000.0,2541886454400.0,2005-08-02
1244.12,1245.86,1240.5699,1245.04,1999980032.0,2490055139041.28,2005-08-03
1245.04,1245.04,1235.15,1235.86,1981219968.0,2448510509652.48,2005-08-04
1235.86,1235.86,1225.62,1226.42,1930279936.0,2367333919109.12,2005-08-05
1226.42,1232.28,1222.67,1223.13,1804140032.0,2206697797340.16,2005-08-08
1223.13,1234.11,1223.13,1231.38,1897520000.0,2336568177600.0,2005-08-09
1231.38,1242.6899,1226.58,1229.13,2172320000.0,2670063681600.0,2005-08-10
1229.13,1237.8101,1228.33,1237.8101,1941560064.0,2403282656975.846,2005-08-11
1237.8101,1237.8101,1225.87,1230.39,1709299968.0,2103105587627.5203,2005-08-12
1230.4,1236.24,1226.2,1233.87,1562880000.0,1928390745599.9998,2005-08-15
1233.87,1233.87,1219.05,1219.34,1820409984.0,2219698709890.56,2005-08-16
1219.34,1225.63,1218.0699,1220.24,1859149952.0,2268609137428.48,2005-08-17
1220.24,1222.64,1215.9301,1219.02,1808169984.0,2204195373895.68,2005-08-18
1219.02,1225.08,1219.02,1219.71,1558790016.0,1901271770415.36,2005-08-19
1219.71,1228.96,1216.47,1221.73,1621330048.0,1980827559543.04,2005-08-22
1221.73,1223.04,1214.4399,1217.59,1678620032.0,2043870964762.88,2005-08-23
1217.5699,1224.15,1209.37,1209.59,1930800000.0,2335476372000.0,2005-08-24
1209.59,1213.73,1209.5699,1212.37,1571110016.0,1904766650097.92,2005-08-25
1212.4,1212.4,1204.23,1205.1,1541090048.0,1857167616844.7998,2005-08-26
1205.1,1214.28,1201.53,1212.28,1599449984.0,1938981226603.52,2005-08-29
1212.28,1212.28,1201.0699,1208.41,1916470016.0,2315881532034.56,2005-08-30
1208.41,1220.36,1204.4,1220.33,2365509888.0,2886702681623.04,2005-08-31
1220.33,1227.29,1216.1801,1221.59,2229860096.0,2723974794672.6396,2005-09-01
1221.59,1224.45,1217.75,1218.02,1640160000.0,1997747683200.0,2005-09-02
1218.02,1233.61,1218.02,1233.39,1932089984.0,2383020465365.7603,2005-09-06
1233.39,1237.0601,1230.9301,1236.36,2067699968.0,2556421532436.48,2005-09-07
1236.36,1236.36,1229.51,1231.67,1955379968.0,2408382845186.56,2005-09-08
1231.67,1243.13,1231.67,1241.48,1992560000.0,2473723388800.0,2005-09-09
1241.48,1242.6,1239.15,1240.5601,1938050048.0,2404267561351.885,2005-09-12
1240.5699,1240.5699,1231.2,1231.2,2082360064.0,2563801710796.8003,2005-09-13
1231.2,1234.74,1226.16,1227.16,1986749952.0,2438060071096.3203,2005-09-14
1227.16,1231.88,1224.85,1227.73,2079340032.0,2552868137487.36,2005-09-15
1228.42,1237.95,1228.42,1237.91,3152470016.0,3902474157506.56,2005-09-16
1237.91,1237.91,1227.65,1231.02,2076540032.0,2556262310192.64,2005-09-19
1231.02,1236.49,1220.0699,1221.34,2319249920.0,2832592697292.8,2005-09-20
1221.34,1221.52,1209.89,1210.2,2548150016.0,3083771149363.2,2005-09-21
1210.2,1216.64,1205.35,1214.62,2424719872.0,2945113250928.6396,2005-09-22
1214.62,1218.83,1209.8,1215.29,1973020032.0,2397791514689.28,2005-09-23
1215.29,1222.5601,1211.84,1215.63,2022220032.0,2458271337500.16,2005-09-26
1215.63,1220.17,1211.11,1215.66,1976269952.0,2402472329848.3203,2005-09-27
1215.66,1220.98,1212.72,1216.89,2106979968.0,2563962853259.52,2005-09-28
1216.89,1228.7,1211.54,1227.6801,2176120064.0,2671579297783.5264,2005-09-29
1227.6801,1229.5699,1225.22,1228.8101,2097520000.0,2577453760952.0,2005-09-30
1228.8101,1233.34,1225.15,1226.7,2097490048.0,2572991041881.6,2005-10-03
1226.7,1229.88,1214.02,1214.47,2341420032.0,2843584386263.04,2005-10-04
1214.47,1214.47,1196.25,1196.39,2546779904.0,3046942009346.56,2005-10-05
1196.39,1202.14,1181.92,1191.49,2792029952.0,3326675767508.48,2005-10-06
1191.49,1199.71,1191.46,1195.9,2126080000.0,2542579072000.0,2005-10-07
1195.9,1196.52,1186.12,1187.33,2195990016.0,2607364825697.28,2005-10-10
1187.33,1193.1,1183.16,1184.87,2299040000.0,2724063524799.9995,2005-10-11
1184.87,1190.02,1173.65,1177.6801,2491279872.0,2933930728784.9473,2005-10-12
1177.6801,1179.5601,1168.2,1176.84,2351150080.0,2766927460147.1997,2005-10-13
1176.84,1187.13,1175.4399,1186.5699,2188940032.0,2597330354876.237,2005-10-14
1186.5699,1191.21,1184.48,1190.1,2054569984.0,2445143737958.4,2005-10-17
1190.1,1190.1,1178.13,1178.14,2197009920.0,2588385267148.8003,2005-10-18
1178.14,1195.76,1170.55,1195.76,2703589888.0,3232844644474.88,2005-10-19
1195.76,1197.3,1173.3,1177.8,2617250048.0,3082597106534.4,2005-10-20
1177.8,1186.46,1174.92,1179.59,2470919936.0,2914672447306.2397,2005-10-21
1179.59,1199.39,1179.59,1199.38,2197789952.0,2635985312629.7603,2005-10-24
1199.38,1201.3,1189.29,1196.54,2312470016.0,2766962872944.64,2005-10-25
1196.54,1204.01,1191.38,1191.38,2467749888.0,2940027861565.4404,2005-10-26
1191.38,1192.65,1178.89,1178.9,2395369984.0,2823901674137.6,2005-10-27
1178.9,1198.41,1178.9,1198.41,2379399936.0,2851496677301.7603,2005-10-28
1198.41,1211.4301,1198.41,1207.01,2567470080.0,3098962061260.8,2005-10-31
1207.01,1207.34,1201.66,1202.76,2457850112.0,2956203800709.12,2005-11-01
1202.76,1215.17,1201.0699,1214.76,2648090112.0,3216793944453.12,2005-11-02
1214.76,1224.7,1214.76,1219.9399,2716630016.0,3314125350056.0386,2005-11-03
1219.9399,1222.52,1214.45,1220.14,2050509952.0,2501909212833.2803,2005-11-04
1220.14,1224.1801,1217.29,1222.8101,1987580032.0,2430432937687.923,2005-11-07
1222.8101,1222.8101,1216.08,1218.59,1965049984.0,2394590260002.56,2005-11-08
1218.59,1226.59,1216.53,1220.65,2214459904.0,2703080481817.6,2005-11-09
1220.65,1232.41,1215.05,1230.96,2378459904.0,2927789003427.84,2005-11-10
1230.96,1235.7,1230.72,1234.72,1773139968.0,2189331381288.96,2005-11-11
1234.72,1237.2,1231.78,1233.76,1899779968.0,2343872533319.68,2005-11-14
1233.76,1237.9399,1226.41,1229.01,2359369984.0,2899689304035.84,2005-11-15
1229.01,1232.24,1227.1801,1231.21,2121580032.0,2612110551198.72,2005-11-16
1231.21,1242.96,1231.21,1242.8,2298040064.0,2856004191539.1997,2005-11-17
1242.8,1249.58,1240.71,1248.27,2453289984.0,3062368288327.68,2005-11-18
1248.27,1255.89,1246.9,1254.85,2117350016.0,2656956667577.5996,2005-11-21
1254.85,1261.9,1251.4,1261.23,2291419904.0,2890007525521.92,2005-11-22
1261.23,1270.64,1259.51,1265.61,1985400064.0,2512742174999.04,2005-11-23
1265.61,1268.78,1265.54,1268.25,724940032.0,919405195584.0,2005-11-25
1268.25,1268.4399,1257.17,1257.46,2016899968.0,2536171033761.2803,2005-11-28
1257.46,1266.1801,1257.46,1257.48,2268339968.0,2852392142960.64,2005-11-29
1257.48,1260.9301,1249.39,1249.48,2374690048.0,2967127721175.04,2005-11-30
1249.48,1266.17,1249.48,1264.67,2614830080.0,3306897157273.6,2005-12-01
1264.67,1266.85,1261.42,1265.08,2125580032.0,2689028786882.56,2005-12-02
1265.08,1265.08,1258.12,1262.09,2325839872.0,2935419244052.48,2005-12-05
1262.09,1272.89,1262.09,1263.7,2110739968.0,2667342097561.6,2005-12-06
1263.7,1264.85,1253.02,1257.37,2093830016.0,2632719047217.92,2005-12-07
1257.37,1263.36,1250.91,1255.84,2178299904.0,2735596151439.36,2005-12-08
1255.84,1263.08,1254.24,1259.37,1896290048.0,2388130797749.76,2005-12-09
1259.37,1263.86,1255.52,1260.4301,1876550016.0,2365260124321.882,2005-12-12
1260.4301,1272.11,1258.5601,1267.4301,2390020096.0,3029183409275.2896,2005-12-13
1267.4301,1275.8,1267.0699,1272.74,2145520000.0,2730689124800.0,2005-12-14
1272.74,1275.17,1267.74,1270.9399,2180590080.0,2771398938216.1924,2005-12-15
1270.9399,1275.24,1267.3199,1267.3199,2584189952.0,3274995351549.6445,2005-12-16
1267.3199,1270.51,1259.28,1259.92,2208809984.0,2782923875041.2803,2005-12-19
1259.92,1263.86,1257.21,1259.62,1996690048.0,2515070718261.76,2005-12-20
1259.62,1269.37,1259.62,1262.79,2065170048.0,2607876084913.92,2005-12-21
1262.79,1268.1899,1262.5,1268.12,1888499968.0,2394844579420.1597,2005-12-22
1268.12,1269.76,1265.92,1268.66,1285810048.0,1631255775495.6802,2005-12-23
1268.66,1271.83,1256.54,1256.54,1540470016.0,1935662193904.64,2005-12-27
1256.54,1261.1,1256.54,1258.17,1422360064.0,1789570761722.8801,2005-12-28
1258.17,1260.61,1254.1801,1254.42,1382540032.0,1734285866941.4402,2005-12-29
1254.42,1254.42,1246.59,1248.29,1443500032.0,1801906654945.28,2005-12-30
1248.29,1270.22,1245.74,1268.8,2554569984.0,3241238395699.1997,2006-01-03
1268.8,1275.37,1267.74,1273.46,2515330048.0,3203172202926.08,2006-01-04
1273.46,1276.91,1270.3,1273.48,2433339904.0,3098809700945.92,2006-01-05
1273.48,1286.09,1273.48,1285.45,2446560000.0,3144930552000.0,2006-01-06
1285.45,1290.78,1284.8199,1290.15,2301489920.0,2969267220288.0,2006-01-09
1290.15,1290.15,1283.76,1289.6899,2373080064.0,3060537390432.154,2006-01-10
1289.72,1294.9,1288.12,1294.1801,2406129920.0,3113965460478.5923,2006-01-11
1294.1801,1294.1801,1285.04,1286.0601,2318350080.0,2981537535719.8076,2006-01-12
1286.0601,1288.96,1282.78,1287.61,2206510080.0,2841124444108.8,2006-01-13
1287.61,1287.61,1278.61,1283.03,2179970048.0,2796966970685.44,2006-01-17
1282.9301,1282.9301,1272.08,1277.9301,2233200128.0,2853873662895.0527,2006-01-18
1277.9301,1287.79,1277.9301,1285.04,2444019968.0,3140663419678.7197,2006-01-19
1285.04,1285.04,1260.92,1261.49,2845809920.0,3589960755980.8,2006-01-20
1261.49,1268.1899,1261.49,1263.8199,2256069888.0,2851266020245.171,2006-01-23
1263.8199,1271.47,1263.8199,1266.86,2608719872.0,3304882857041.92,2006-01-24
1266.86,1271.87,1259.42,1264.6801,2617060096.0,3309743823915.2896,2006-01-25
1264.6801,1276.4399,1264.6801,1273.83,2856780032.0,3639052108162.5596,2006-01-26
1273.83,1286.38,1273.83,1283.72,2623620096.0,3367993589637.12,2006-01-27
1283.72,1287.9399,1283.51,1285.1899,2282729984.0,2933741519863.962,2006-01-30
1285.2,1285.2,1276.85,1280.08,2708310016.0,3466853485281.28,2006-01-31
1280.08,1283.33,1277.5699,1282.46,2589410048.0,3320814810158.08,2006-02-01
1282.46,1282.46,1267.72,1270.84,2565299968.0,3260085811333.1196,2006-02-02
1270.84,1270.87,1261.02,1264.03,2282210048.0,2884781966973.44,2006-02-03
1264.03,1267.04,1261.62,1265.02,2132359936.0,2697477966238.7197,2006-02-06
1265.02,1265.78,1253.61,1254.78,2366370048.0,2969273808829.44,2006-02-07
1254.78,1266.47,1254.78,1265.65,2456859904.0,3109524737497.6,2006-02-08
1265.65,1274.5601,1262.8,1263.78,2441920000.0,3086049657600.0,2006-02-09
1263.8199,1269.89,1254.98,1266.99,2290050048.0,2901470510315.52,2006-02-10
1266.99,1266.99,1258.34,1262.86,1850080000.0,2336392028800.0,2006-02-13
1262.86,1278.21,1260.8,1275.53,2437939968.0,3109665567383.04,2006-02-14
1275.53,1281.0,1271.0601,1280.0,2317590016.0,2966515220480.0,2006-02-15
1280.0,1289.39,1280.0,1289.38,2251490048.0,2903026238090.24,2006-02-16
1289.38,1289.47,1284.0699,1287.24,2128259968.0,2739581361208.32,2006-02-17
1287.24,1291.92,1281.33,1283.03,2104320000.0,2699905689600.0,2006-02-21
1283.03,1294.17,1283.03,1292.67,2222380032.0,2872803995965.44,2006-02-22
1292.67,1293.84,1285.14,1287.79,2144210048.0,2761292257713.92,2006-02-23
1287.79,1292.11,1285.62,1289.4301,1933010048.0,2492481339493.645,2006-02-24
1289.4301,1297.5699,1289.4301,1294.12,1975320064.0,2556301201223.6797,2006-02-27
1294.12,1294.12,1278.66,1280.66,2370860032.0,3036265608581.12,2006-02-28
1280.66,1291.8,1280.66,1291.24,2308320000.0,2980595116800.0,2006-03-01
1291.24,1291.24,1283.21,1289.14,2494589952.0,3215875690721.2803,2006-03-02
1289.14,1297.33,1284.2,1287.23,2152950016.0,2771341849095.68,2006-03-03
1287.23,1288.23,1275.67,1278.26,2280189952.0,2914675608043.52,2006-03-06
1278.26,1278.26,1271.11,1275.88,2268049920.0,2893759531929.6,2006-03-07
1275.88,1280.33,1268.42,1278.47,2442870016.0,3123136029355.52,2006-03-08
1278.47,1282.74,1272.23,1272.23,2140109952.0,2722712084232.96,2006-03-09
1272.23,1284.37,1271.11,1281.42,2123449984.0,2721031278497.2803,2006-03-10
1281.58,1287.37,1281.58,1284.13,2070329984.0,2658572842353.9204,2006-03-13
1284.13,1298.14,1282.67,1297.48,2165270016.0,2809394540359.68,2006-03-14
1297.48,1304.4,1294.97,1303.02,2292999936.0,2987824776606.7197,2006-03-15
1303.02,1310.45,1303.02,1305.33,2292179968.0,2992051277629.44,2006-03-16
1305.33,1309.79,1305.3199,1307.25,2549619968.0,3332990703168.0,2006-03-17
1307.25,1310.0,1303.59,1305.08,1976829952.0,2579921233756.1597,2006-03-20
1305.08,1310.88,1295.8199,1297.23,2147369984.0,2785632764344.32,2006-03-21
1297.23,1305.97,1295.8101,1305.04,2039810048.0,2662033705041.92,2006-03-22
1305.04,1305.04,1298.11,1301.67,1980940032.0,2578530211453.44,2006-03-23
1301.67,1306.53,1298.89,1302.95,2326070016.0,3030752927347.2,2006-03-24
1302.95,1303.74,1299.09,1301.61,2029699968.0,2641877775348.48,2006-03-27
1301.61,1306.24,1291.84,1293.23,2148580096.0,2778608237550.08,2006-03-28
1293.23,1305.6,1293.23,1302.89,2143539968.0,2792796788907.52,2006-03-29
1302.89,1310.15,1296.72,1300.25,2294560000.0,2983501640000.0,2006-03-30
1300.25,1303.0,1294.87,1294.87,2236709888.0,2896248532674.5596,2006-03-31
1302.88,1309.1899,1296.65,1297.8101,2494080000.0,3236842214208.0,2006-04-03
1297.8101,1307.55,1294.71,1305.9301,2147660032.0,2804693880355.763,2006-04-04
1305.9301,1312.8101,1304.8199,1311.5601,2420019968.0,3174001631232.0767,2006-04-05
1311.5601,1311.99,1302.4399,1309.04,2281679872.0,2986810219642.88,2006-04-06
1309.04,1314.0699,1294.1801,1295.5,2082470016.0,2697839905728.0,2006-04-07
1295.51,1300.74,1293.17,1296.62,1898320000.0,2461399678400.0,2006-04-10
1296.6,1300.71,1282.96,1286.5699,2232880128.0,2872756362992.9473,2006-04-11
1286.5699,1290.9301,1286.45,1288.12,1938099968.0,2496505330780.1597,2006-04-12
1288.12,1292.09,1283.37,1289.12,1891939968.0,2438937651548.1597,2006-04-13
1289.12,1292.45,1280.74,1285.33,1794649984.0,2306717463934.7197,2006-04-17
1285.33,1309.02,1285.33,1307.28,2595440128.0,3392966970531.84,2006-04-18
1307.65,1310.39,1302.79,1309.9301,2447310080.0,3205805137825.408,2006-04-19
1309.9301,1318.16,1306.38,1311.46,2512920064.0,3295594147133.44,2006-04-20
1311.46,1317.67,1306.59,1311.28,2392630016.0,3137407887380.48,2006-04-21
1311.28,1311.28,1303.79,1308.11,2117330048.0,2769700609089.28,2006-04-24
1308.11,1310.79,1299.17,1301.74,2366380032.0,3080411542855.68,2006-04-25
1301.74,1310.97,1301.74,1305.41,2502690048.0,3267036615559.68,2006-04-26
1305.41,1315.0,1295.5699,1309.72,2772009984.0,3630556916244.48,2006-04-27
1309.72,1316.04,1306.16,1310.61,2419919872.0,3171571183441.92,2006-04-28
1310.61,1317.21,1303.46,1305.1899,2437040128.0,3180800160960.3076,2006-05-01
1305.1899,1313.66,1305.1899,1313.21,2403470080.0,3156260943756.8003,2006-05-02
1313.21,1313.47,1303.92,1308.12,2395229952.0,3133248204810.2397,2006-05-03
1307.85,1315.14,1307.85,1312.25,2431450112.0,3190670409472.0,2006-05-04
1312.25,1326.53,1312.25,1325.76,2294759936.0,3042300932751.36,2006-05-05
1325.76,1326.7,1322.87,1324.66,2151300096.0,2849741185167.3604,2006-05-08
1324.66,1326.6,1322.48,1325.14,2157289984.0,2858711249397.7603,2006-05-09
1324.5699,1325.51,1317.4399,1322.85,2268549888.0,3000951219340.8,2006-05-10
1322.63,1322.63,1303.45,1305.92,2531520000.0,3305962598400.0,2006-05-11
1305.88,1305.88,1290.38,1291.24,2567970048.0,3315865644779.52,2006-05-12
1291.1899,1294.8101,1284.51,1294.5,2505659904.0,3243576745728.0,2006-05-15
1294.5,1297.88,1288.51,1292.08,2386210048.0,3083174278819.84,2006-05-16
1291.73,1291.73,1267.3101,1270.3199,2830200064.0,3595259462280.4736,2006-05-17
1270.25,1274.89,1261.75,1261.8101,2537489920.0,3201830409704.192,2006-05-18
1261.8101,1272.15,1256.28,1267.03,2982299904.0,3778663447365.12,2006-05-19
1267.03,1268.77,1252.98,1262.0699,2773009920.0,3499732352433.4077,2006-05-22
1262.0601,1273.67,1256.15,1256.58,2605250048.0,3273705105315.84,2006-05-23
1256.5601,1264.53,1245.34,1258.5699,2999030016.0,3774488907334.118,2006-05-24
1258.41,1273.26,1258.41,1272.88,2372730112.0,3020200704962.56,2006-05-25
1272.71,1280.54,1272.5,1280.16,1814019968.0,2322235802234.8804,2006-05-26
1280.04,1280.04,1259.87,1259.87,2176189952.0,2741716434826.2397,2006-05-30
1259.38,1270.09,1259.38,1270.09,2692160000.0,3419285494400.0,2006-05-31
1270.05,1285.71,1269.1899,1285.71,2360160000.0,3034481313600.0,2006-06-01
1285.71,1290.6801,1280.22,1288.22,2295539968.0,2957160497576.96,2006-06-02
1288.16,1288.16,1264.66,1265.29,2313469952.0,2927210395566.08,2006-06-05
1265.23,1269.88,1254.46,1263.85,2697649920.0,3409424851391.9995,2006-06-06
1263.61,1272.47,1255.77,1256.15,2644169984.0,3321474125401.6,2006-06-07
1256.08,1259.85,1235.1801,1257.9301,3543790080.0,4457840209713.408,2006-06-08
1257.9301,1262.58,1250.03,1252.3,2214000128.0,2772592360294.4,2006-06-09
1252.27,1255.22,1236.4301,1237.4399,2247010048.0,2780539889096.115,2006-06-12
1236.08,1243.37,1222.52,1223.6899,3215770112.0,3935105406776.269,2006-06-13
1223.66,1231.46,1219.29,1230.04,2667990016.0,3281734439280.64,2006-06-14
1230.01,1258.64,1230.01,1256.16,2775480064.0,3486447037194.24,2006-06-15
1256.16,1256.27,1246.33,1251.54,2783389952.0,3483523860526.08,2006-06-16
1251.54,1255.9301,1237.17,1240.13,2517199872.0,3121655077263.3604,2006-06-19
1240.12,1249.01,1238.87,1240.12,2232950016.0,2769125973841.92,2006-06-20
1240.09,1257.96,1240.09,1252.2,2361230080.0,2956732306176.0,2006-06-21
1251.92,1251.92,1241.53,1245.6,2148179968.0,2675772968140.8,2006-06-22
1245.59,1253.13,1241.4301,1244.5,2017270016.0,2510492534912.0,2006-06-23
1244.5,1250.92,1243.6801,1250.5601,1878579968.0,2349277152640.0767,2006-06-26
1250.55,1253.37,1238.9399,1239.2,2203130112.0,2730118834790.4,2006-06-27
1238.99,1247.0601,1237.59,1246.0,2085490048.0,2598520599808.0,2006-06-28
1245.9399,1272.88,1245.9399,1272.87,2621250048.0,3336510548597.76,2006-06-29
1272.86,1276.3,1270.2,1270.2,3049560064.0,3873551193292.8003,2006-06-30
1270.0601,1280.38,1270.0601,1280.1899,1114470016.0,1426733258336.0386,2006-07-03
1280.05,1280.05,1265.91,1270.91,2165070080.0,2751609215372.8003,2006-07-05
1270.58,1278.3199,1270.58,1274.08,2009159936.0,2559830491258.88,2006-07-06
1274.08,1275.38,1263.13,1265.48,1988150016.0,2515964082247.68,2006-07-07
1265.46,1274.0601,1264.46,1267.34,1854589952.0,2350396029767.6797,2006-07-10
1267.26,1273.64,1259.65,1272.4301,2310850048.0,2940395157661.645,2006-07-11
1272.39,1273.3101,1257.29,1258.6,2250449920.0,2832416269312.0,2006-07-12
1258.58,1258.58,1241.4301,1242.28,2545760000.0,3162546732800.0,2006-07-13
1242.29,1242.7,1228.45,1236.2,2467120128.0,3049853902233.6,2006-07-14
1236.2,1240.0699,1231.49,1234.49,2146409984.0,2649721661148.16,2006-07-17
1234.48,1239.86,1224.54,1236.86,2481750016.0,3069577324789.76,2006-07-18
1236.74,1261.8101,1236.74,1259.8101,2701979904.0,3403981573056.23,2006-07-19
1259.8101,1262.5601,1249.13,1249.13,2345580032.0,2929934385372.16,2006-07-20
1249.12,1250.96,1238.72,1240.29,2704090112.0,3353855925012.48,2006-07-21
1240.25,1262.5,1240.25,1260.91,2312719872.0,2916131613803.52,2006-07-24
1260.91,1272.39,1257.1899,1268.88,2563930112.0,3253319640514.56,2006-07-25
1268.87,1273.89,1261.9399,1268.4,2667709952.0,3383723303116.8003,2006-07-26
1268.2,1275.85,1261.92,1263.2,2776709888.0,3507539930521.6,2006-07-27
1263.15,1280.42,1263.15,1278.55,2480420096.0,3171341113740.8,2006-07-28
1278.53,1278.66,1274.3101,1276.66,2461299968.0,3142243217146.8804,2006-07-31
1278.53,1278.66,1265.71,1270.92,2527689984.0,3212491754465.2803,2006-08-01
1270.73,1283.42,1270.73,1277.41,2610749952.0,3334998096184.3203,2006-08-02
1278.22,1283.96,1271.25,1280.27,2728440064.0,3493139960737.28,2006-08-03
1280.26,1292.92,1273.8199,1279.36,2530970112.0,3238021922488.32,2006-08-04
1279.3101,1279.3101,1273.0,1275.77,2045660032.0,2609791699024.64,2006-08-07
1275.67,1282.75,1268.37,1271.48,2457840128.0,3125094565949.44,2006-08-08
1271.13,1283.74,1264.73,1265.95,2555180032.0,3234730161510.4,2006-08-09
1265.72,1272.55,1261.3,1271.8101,2402190080.0,3055129605863.8076,2006-08-10
1271.64,1271.64,1262.08,1266.74,2004540032.0,2539231040135.68,2006-08-11
1266.67,1278.9,1266.67,1268.21,2118019968.0,2686094103617.2803,2006-08-14
1268.1899,1286.23,1268.1899,1285.58,2334099968.0,3000672236861.44,2006-08-15
1285.27,1296.21,1285.27,1295.4301,2554569984.0,3309266849830.1187,2006-08-16
1295.37,1300.78,1292.71,1297.48,2458340096.0,3189647107758.08,2006-08-17
1297.48,1302.3,1293.5699,1302.3,2033910016.0,2648761013836.8,2006-08-18
1302.3,1302.3,1295.51,1297.52,1759239936.0,2282649001758.7197,2006-08-21
1297.52,1302.49,1294.4399,1298.8199,1908739968.0,2479109454363.763,2006-08-22
1298.73,1301.5,1289.8199,1292.99,1893670016.0,2448496393987.84,2006-08-23
1292.97,1297.23,1291.4,1296.0601,1930320000.0,2501810732232.0,2006-08-24
1295.92,1298.88,1292.39,1295.09,1667580032.0,2159666223642.88,2006-08-25
1295.09,1305.02,1293.97,1301.78,1834919936.0,2388662074286.08,2006-08-28
1301.5699,1305.02,1295.29,1304.28,2093720064.0,2730797205073.92,2006-08-29
1303.7,1306.74,1302.15,1305.37,2060690048.0,2689962967957.76,2006-08-30
1304.25,1306.11,1302.45,1303.8199,1974540032.0,2574444587068.237,2006-08-31
1303.8,1312.03,1303.8,1311.01,1800519936.0,2360499641295.36,2006-09-01
1310.9399,1314.67,1308.8199,1313.25,2114480000.0,2776840860000.0,2006-09-05
1313.04,1313.04,1299.28,1300.26,2329870080.0,3029436870220.8,2006-09-06
1300.21,1301.25,1292.13,1294.02,2325850112.0,3009696561930.2397,2006-09-07
1294.02,1300.14,1294.02,1298.92,2132889984.0,2770453458017.2803,2006-09-08
1298.86,1302.36,1290.9301,1299.54,2506429952.0,3257205979822.08,2006-09-11
1299.53,1314.28,1299.53,1313.0,2791579904.0,3665344413952.0,2006-09-12
1312.74,1319.92,1311.12,1318.0699,2597220096.0,3423317632212.7104,2006-09-13
1318.0,1318.0,1313.25,1316.28,2351219968.0,3094863819479.04,2006-09-14
1316.28,1324.65,1316.28,1319.66,3198030080.0,4220312375372.8003,2006-09-15
1319.85,1324.87,1318.16,1321.1801,2325080064.0,3071849511463.5264,2006-09-18
1321.17,1322.04,1312.17,1317.64,2390850048.0,3150279657246.72,2006-09-19
1318.28,1328.53,1318.28,1325.1801,2543069952.0,3370025693298.3555,2006-09-20
1324.89,1328.1899,1315.45,1318.03,2627440128.0,3463044911907.84,2006-09-21
1318.03,1318.03,1310.9399,1314.78,2162880000.0,2843711366400.0,2006-09-22
1314.78,1329.35,1311.58,1326.37,2710240000.0,3594781028799.9995,2006-09-25
1326.35,1336.6,1325.3,1336.35,2673349888.0,3572531122828.8,2006-09-26
1336.12,1340.08,1333.54,1336.59,2749189888.0,3674539712401.92,2006-09-27
1336.5601,1340.28,1333.75,1338.88,2397819904.0,3210393113067.52,2006-09-28
1339.15,1339.88,1335.64,1335.85,2273430016.0,3036961486873.5996,2006-09-29
1335.8199,1338.54,1330.28,1331.3199,2154480128.0,2868302268560.9473,2006-10-02
1331.3199,1338.3101,1327.1,1334.11,2682690048.0,3579003619937.28,2006-10-03
1333.8101,1350.2,1331.48,1350.2,3019879936.0,4077441889587.2,2006-10-04
1349.84,1353.79,1347.75,1353.22,2817240064.0,3812345599406.08,2006-10-05
1353.22,1353.22,1344.21,1349.59,2523000064.0,3405015656373.76,2006-10-06
1349.58,1352.6899,1346.55,1350.66,1935170048.0,2613756777031.68,2006-10-09
1350.62,1354.23,1348.6,1353.42,2376140032.0,3215915442109.44,2006-10-10
1353.28,1353.97,1343.5699,1349.95,2520999936.0,3403223863603.2,2006-10-11
1349.9399,1363.76,1349.9399,1362.83,2514350080.0,3426631719526.4,2006-10-12
1362.8199,1366.63,1360.5,1365.62,2482919936.0,3390725123000.32,2006-10-13
1365.61,1370.2,1364.48,1369.0601,2305920000.0,3156943065792.0,2006-10-16
1369.05,1369.05,1356.87,1364.05,2519620096.0,3436887791948.8,2006-10-17
1363.9301,1372.87,1360.95,1365.8,2658840064.0,3631443759411.1997,2006-10-18
1365.95,1368.09,1362.0601,1366.96,2619830016.0,3581202838671.36,2006-10-19
1366.9399,1368.66,1362.1,1368.6,2526409984.0,3457644704102.4,2006-10-20
1368.58,1377.4,1363.9399,1377.02,2480430080.0,3415601828761.6,2006-10-23
1377.02,1377.78,1372.42,1377.38,2876890112.0,3962570902466.5605,2006-10-24
1377.36,1383.61,1376.0,1382.22,2953540096.0,4082442191493.12,2006-10-25
1382.21,1389.45,1379.47,1389.08,2793349888.0,3880186462423.04,2006-10-26
1388.89,1388.89,1375.85,1377.34,2458449920.0,3386121412812.8,2006-10-27
1377.3,1381.22,1373.46,1377.9301,2770439936.0,3817472578056.4736,2006-10-30
1377.9301,1381.21,1372.1899,1377.9399,2803030016.0,3862406899944.0386,2006-10-31
1377.76,1381.95,1366.26,1367.8101,2821159936.0,3858811054176.1533,2006-11-01
1367.4399,1368.39,1362.21,1367.34,2646180096.0,3618227892464.6396,2006-11-02
1367.3101,1371.6801,1360.98,1364.3,2419729920.0,3301237529856.0,2006-11-03
1364.27,1381.4,1364.27,1379.78,2533550080.0,3495741729382.4,2006-11-06
1379.75,1388.1899,1379.1899,1382.84,2636389888.0,3645705392721.92,2006-11-07
1382.5,1388.61,1379.33,1385.72,2814820096.0,3900552503429.12,2006-11-08
1385.4301,1388.92,1377.3101,1378.33,3012049920.0,4151598766233.5996,2006-11-09
1378.33,1381.04,1375.6,1380.9,2290200064.0,3162537268377.6,2006-11-10
1380.58,1387.61,1378.8,1384.42,2386340096.0,3303696955704.3203,2006-11-13
1384.36,1394.49,1379.0699,1393.22,3027480064.0,4217945774766.08,2006-11-14
1392.91,1401.35,1392.13,1396.5699,2831130112.0,3953871097402.8286,2006-11-15
1396.53,1403.76,1396.53,1399.76,2835729920.0,3969341312819.2,2006-11-16
1399.76,1401.21,1394.55,1401.2,2726099968.0,3819811275161.6,2006-11-17
1401.17,1404.37,1397.85,1400.5,2546710016.0,3566667377408.0,2006-11-20
1400.4301,1403.49,1399.99,1402.8101,2597939968.0,3644416426304.0767,2006-11-21
1402.6899,1407.89,1402.26,1406.09,2237710080.0,3146421766387.1997,2006-11-22
1405.9399,1405.9399,1399.25,1400.95,832550016.0,1166360944915.2,2006-11-24
1400.95,1400.95,1381.4399,1381.96,2711209984.0,3746783749488.64,2006-11-27
1381.61,1387.91,1377.83,1386.72,2639749888.0,3660593964687.36,2006-11-28
1386.11,1401.14,1386.11,1399.48,2790970112.0,3905906852341.7603,2006-11-29
1399.47,1406.3,1393.83,1400.63,4006230016.0,5611245947310.08,2006-11-30
1400.63,1402.46,1385.9301,1396.71,2800979968.0,3912156731105.2803,2006-12-01
1396.67,1411.23,1396.67,1409.12,2766320128.0,3898077018767.36,2006-12-04
1409.1,1415.27,1408.78,1414.76,2755699968.0,3898654086727.68,2006-12-05
1414.4,1415.9301,1411.05,1412.9,2725280000.0,3850548112000.0005,2006-12-06
1412.86,1418.27,1406.8,1407.29,2743150080.0,3860407676083.1997,2006-12-07
1407.27,1414.09,1403.67,1409.84,2440460032.0,3440658171514.88,2006-12-08
1409.8101,1415.6,1408.5601,1413.04,2289900032.0,3235720341217.28,2006-12-11
1413.0,1413.78,1404.75,1411.5601,2738170112.0,3865091677111.731,2006-12-12
1411.3199,1416.64,1411.05,1413.21,2552260096.0,3606879490268.16,2006-12-13
1413.16,1427.23,1413.16,1425.49,2729700096.0,3891160189847.04,2006-12-14
1425.48,1431.63,1425.48,1427.09,3229580032.0,4608901367866.88,2006-12-15
1427.08,1431.8101,1420.65,1422.48,2568140032.0,3653127832719.36,2006-12-18
1422.42,1428.3,1414.88,1425.55,2717060096.0,3873305019852.8,2006-12-19
1425.51,1429.05,1423.51,1423.53,2387630080.0,3398863047782.4,2006-12-20
1423.2,1426.4,1415.9,1418.3,2322409984.0,3293874080307.1997,2006-12-21
1418.1,1418.8199,1410.28,1410.76,1647590016.0,2324354090972.16,2006-12-22
1410.75,1417.91,1410.45,1416.9,1310310016.0,1856578261670.4001,2006-12-26
1416.63,1427.72,1416.63,1426.84,1667369984.0,2379070187970.56,2006-12-27
1426.77,1427.26,1422.05,1424.73,1508569984.0,2149304913304.32,2006-12-28
1424.71,1427.0,1416.84,1418.3,1678200064.0,2380191150771.1997,2006-12-29
1418.03,1429.42,1407.86,1416.6,3429159936.0,4857747965337.6,2007-01-03
1416.6,1421.84,1408.4301,1418.34,3004460032.0,4261345841786.88,2007-01-04
1418.34,1418.34,1405.75,1409.71,2919399936.0,4115507283778.56,2007-01-05
1409.26,1414.98,1403.97,1412.84,2763340032.0,3904157330810.88,2007-01-08
1412.84,1415.61,1405.42,1412.11,3038380032.0,4290526826987.5195,2007-01-09
1408.7,1415.99,1405.3199,1414.85,2764659968.0,3911579155724.8,2007-01-10
1414.84,1427.12,1414.84,1423.8199,2857870080.0,4069092291518.592,2007-01-11
1423.8199,1431.23,1422.58,1430.73,2686479872.0,3843627347266.56,2007-01-12
1430.73,1433.9301,1428.62,1431.9,2599529984.0,3722266984089.6,2007-01-16
1431.77,1435.27,1428.5699,1430.62,2690269952.0,3848753998730.2397,2007-01-17
1430.59,1432.96,1424.21,1426.37,2822429952.0,4025829410634.2397,2007-01-18
1426.35,1431.5699,1425.1899,1430.5,2777479936.0,3973185048448.0,2007-01-19
1430.47,1431.39,1420.4,1422.95,2540120064.0,3614463845068.8003,2007-01-22
1422.95,1431.33,1421.66,1427.99,2975069952.0,4248370140756.48,2007-01-23
1427.96,1440.14,1427.96,1440.13,2783180032.0,4008141059484.16,2007-01-24
1440.12,1440.6899,1422.34,1423.9,2994330112.0,4263626646476.8003,2007-01-25
1423.9,1427.27,1416.96,1422.1801,2626619904.0,3735526557732.7104,2007-01-26
1422.03,1426.9399,1418.46,1420.62,2730480128.0,3878974679439.36,2007-01-29
1420.61,1428.8199,1420.61,1428.8199,2706249984.0,3866743831513.8813,2007-01-30
1428.65,1441.61,1424.78,1438.24,2976689920.0,4281194510540.8,2007-01-31
1437.9,1446.64,1437.9,1445.9399,2914889984.0,4214755731975.962,2007-02-01
1445.9399,1449.33,1444.49,1448.39,2569449984.0,3721565662325.7603,2007-02-02
1448.33,1449.38,1443.85,1446.99,2439429888.0,3529830653637.12,2007-02-05
1446.98,1450.1899,1443.4,1448.0,2608709888.0,3777411917824.0,2007-02-06
1447.41,1452.99,1446.4399,1450.02,2618820096.0,3797341515601.92,2007-02-07
1449.99,1450.45,1442.8101,1448.3101,2816179968.0,4078701891072.0767,2007-02-08
1448.25,1452.45,1433.4399,1438.0601,2951810048.0,4244880252807.885,2007-02-09
1438.0,1439.11,1431.4399,1433.37,2395680000.0,3433895841599.9995,2007-02-12
1433.22,1444.41,1433.22,1444.26,2652150016.0,3830394182108.16,2007-02-13
1443.91,1457.65,1443.91,1455.3,2699290112.0,3928276899993.6,2007-02-14
1455.15,1457.97,1453.1899,1456.8101,2490919936.0,3628797321056.1533,2007-02-15
1456.77,1456.77,1451.5699,1455.54,2399450112.0,3492495616020.48,2007-02-16
1455.53,1460.53,1449.2,1459.6801,2337860096.0,3412527858715.2896,2007-02-20
1459.6,1459.6,1452.02,1457.63,2606980096.0,3800012397332.4805,2007-02-21
1457.29,1461.5699,1450.51,1456.38,1950770048.0,2841062482506.24,2007-02-22
1456.22,1456.22,1448.36,1451.1899,2579950080.0,3743997498600.1924,2007-02-23
1451.04,1456.95,1445.48,1449.37,2822170112.0,4090368695229.4395,2007-02-26
1449.25,1449.25,1389.42,1399.04,4065230080.0,5687419491123.2,2007-02-27
1398.64,1415.89,1396.65,1406.8199,3925250048.0,5522119880002.355,2007-02-28
1406.8,1409.46,1380.87,1403.17,3874909952.0,5437157397347.84,2007-03-01
1403.16,1403.4,1386.87,1387.17,3312260096.0,4594667837368.32,2007-03-02
1387.11,1391.86,1373.97,1374.12,3480519936.0,4782652054456.319,2007-03-05
1374.0601,1397.9,1374.0601,1395.41,3358159872.0,4686009866987.5205,2007-03-06
1395.02,1401.16,1390.64,1391.97,3141349888.0,4372664803599.36,2007-03-07
1391.88,1407.9301,1391.88,1401.89,3014850048.0,4226488133790.72,2007-03-08
1401.89,1410.15,1397.3,1402.84,2623049984.0,3679719439554.5596,2007-03-09
1402.8,1409.34,1398.4,1406.6,2664000000.0,3747182400000.0,2007-03-12
1406.23,1406.23,1377.71,1377.95,3485570048.0,4802941247641.601,2007-03-13
1377.86,1388.09,1363.98,1387.17,3758350080.0,5213470480473.601,2007-03-14
1387.11,1395.73,1385.16,1392.28,2821900032.0,3928874976552.96,2007-03-15
1392.28,1397.51,1383.63,1386.95,3393639936.0,4706808909235.2,2007-03-16
1386.95,1403.2,1386.95,1402.0601,2777179904.0,3893773133920.23,2007-03-19
1402.04,1411.53,1400.7,1410.9399,2795940096.0,3944903439456.2305,2007-03-20
1410.92,1437.77,1409.75,1435.04,3184770048.0,4570272409681.92,2007-03-21
1435.04,1437.66,1429.88,1434.54,3129969920.0,4490067049036.8,2007-03-22
1434.54,1438.89,1433.21,1436.11,2619020032.0,3761200858155.5195,2007-03-23
1436.11,1437.65,1423.28,1437.5,2754660096.0,3959823888000.0,2007-03-26
1437.49,1437.49,1425.54,1428.61,2673039872.0,3818731491537.92,2007-03-27
1428.35,1428.35,1414.0699,1417.23,3000440064.0,4252313671902.72,2007-03-28
1417.17,1426.24,1413.27,1422.53,2854710016.0,4060910639060.48,2007-03-29
1422.52,1429.22,1408.9,1420.86,2903960064.0,4126120696535.0396,2007-03-30
1420.83,1425.49,1416.37,1424.55,2875879936.0,4096834762828.8,2007-04-02
1424.27,1440.5699,1424.27,1437.77,2921760000.0,4200818875200.0,2007-04-03
1437.75,1440.16,1435.08,1439.37,2616320000.0,3765852518399.9995,2007-04-04
1438.9399,1444.88,1436.67,1443.76,2357230080.0,3403274500300.8,2007-04-05
1443.77,1448.1,1443.28,1444.61,2349410048.0,3393981249441.28,2007-04-09
1444.58,1448.73,1443.99,1448.39,2510109952.0,3635618153377.2803,2007-04-10
1448.23,1448.39,1436.15,1438.87,2950190080.0,4244940000409.5996,2007-04-11
1438.87,1448.02,1433.91,1447.8,2770569984.0,4011231222835.1997,2007-04-12
1447.8,1453.11,1444.15,1452.85,2690020096.0,3908195696473.5996,2007-04-13
1452.84,1468.62,1452.84,1468.33,2870139904.0,4214312525240.32,2007-04-16
1468.47,1474.35,1467.15,1471.48,2920570112.0,4297560508405.7603,2007-04-17
1471.47,1476.5699,1466.41,1472.5,2971330048.0,4375283495680.0,2007-04-18
1472.48,1474.23,1464.47,1470.73,2913609984.0,4285133611768.32,2007-04-19
1470.6899,1484.74,1470.6899,1484.35,3329939968.0,4942796391500.8,2007-04-20
1484.33,1487.3199,1480.1899,1480.9301,2575020032.0,3813424673491.763,2007-04-23
1480.9301,1483.8199,1473.74,1480.41,3119749888.0,4618508931694.08,2007-04-24
1480.28,1496.59,1480.28,1495.42,3252590080.0,4863988257433.601,2007-04-25
1495.27,1498.02,1491.17,1494.25,3211800064.0,4799232245632.0,2007-04-26
1494.21,1497.3199,1488.67,1494.0699,2732809984.0,4083009139513.8813,2007-04-27
1494.0699,1497.16,1482.29,1482.37,3093420032.0,4585593052835.84,2007-04-30
1482.37,1487.27,1476.7,1486.3,3400349952.0,5053940133657.6,2007-05-01
1486.13,1499.1,1486.13,1495.92,3189799936.0,4771685520261.12,2007-05-02
1495.5601,1503.34,1495.5601,1502.39,3007970048.0,4519144120414.721,2007-05-03
1502.35,1510.34,1501.8,1505.62,2761929984.0,4158417022510.0796,2007-05-04
1505.5699,1511.0,1505.54,1509.48,2545090048.0,3841762525655.04,2007-05-07
1509.36,1509.36,1500.66,1507.72,2795719936.0,4215162861905.92,2007-05-08
1507.3199,1513.8,1503.77,1512.58,2935549952.0,4440254146396.16,2007-05-09
1512.33,1512.33,1491.42,1491.47,3031239936.0,4521003427345.92,2007-05-10
1491.47,1506.24,1491.47,1505.85,2720780032.0,4097086611187.1997,2007-05-11
1505.76,1510.9,1498.34,1503.15,2776130048.0,4172939881651.2,2007-05-14
1503.11,1514.83,1500.4301,1501.1899,3071020032.0,4610184254736.077,2007-05-15
1500.75,1514.15,1500.75,1514.14,2915350016.0,4414248073226.24,2007-05-16
1514.01,1517.14,1509.29,1512.75,2868640000.0,4339535160000.0,2007-05-17
1512.74,1522.75,1512.74,1522.75,2959049984.0,4505893363136.0,2007-05-18
1522.75,1529.87,1522.71,1525.1,3465359872.0,5285020340787.199,2007-05-21
1525.1,1529.24,1522.05,1524.12,2860499968.0,4359745211228.1597,2007-05-22
1524.09,1532.4301,1521.9,1522.28,3084260096.0,4695107458938.88,2007-05-23
1522.1,1529.3101,1505.1801,1507.51,3365530112.0,5073570299141.12,2007-05-24
1507.5,1517.41,1507.5,1515.73,2316250112.0,3510809782261.7603,2007-05-25
1515.55,1521.8,1512.02,1518.11,2571790080.0,3904260238348.8,2007-05-29
1517.6,1530.23,1510.0601,1530.23,2980209920.0,4560406625881.6,2007-05-30
1530.1899,1535.5601,1528.26,1530.62,3335529984.0,5105428904110.08,2007-05-31
1530.62,1540.5601,1530.62,1536.34,2927020032.0,4496897955962.88,2007-06-01
1536.28,1540.53,1532.3101,1539.1801,2738929920.0,4215706428158.5923,2007-06-04
1539.12,1539.12,1525.62,1530.95,2939450112.0,4500151148966.4,2007-06-05
1530.5699,1530.5699,1514.13,1517.38,2964189952.0,4497802549365.761,2007-06-06
1517.36,1517.36,1490.37,1490.72,3538469888.0,5274867831439.36,2007-06-07
1490.71,1507.76,1487.41,1507.67,2993459968.0,4513149789954.561,2007-06-08
1507.64,1515.53,1503.35,1509.12,2525280000.0,3810950553599.9995,2007-06-11
1509.12,1511.33,1492.97,1493.0,3056199936.0,4562906504448.0,2007-06-12
1492.65,1515.7,1492.65,1515.67,3077929984.0,4665126138849.28,2007-06-13
1515.58,1526.45,1515.58,1522.97,2813629952.0,4285074007997.44,2007-06-14
1522.97,1538.71,1522.97,1532.91,3406030080.0,5221137569932.8,2007-06-15
1532.9,1535.4399,1529.3101,1531.05,2480240128.0,3797371647974.4,2007-06-18
1531.02,1535.85,1525.67,1533.7,2873590016.0,4407225007539.2,2007-06-19
1533.6801,1537.3199,1512.36,1512.84,3286899968.0,4972553747589.12,2007-06-20
1512.5,1522.9,1504.75,1522.1899,3161110016.0,4811809739144.039,2007-06-21
1522.1899,1522.1899,1500.74,1502.5601,4284320000.0,6437448287632.0,2007-06-22
1502.5601,1514.29,1492.6801,1497.74,3287249920.0,4923445695180.8,2007-06-25
1497.6801,1506.12,1490.54,1492.89,3398530048.0,5073631523358.721,2007-06-26
1492.62,1506.8,1484.1801,1506.34,3398149888.0,5118769102289.92,2007-06-27
1506.3199,1514.84,1503.41,1505.71,3006710016.0,4527233338191.36,2007-06-28
1505.7,1517.53,1493.61,1503.35,3165410048.0,4758719195660.8,2007-06-29
1504.66,1519.45,1504.66,1519.4301,2644989952.0,4018877347266.3555,2007-07-02
1519.12,1526.01,1519.12,1524.87,1560790016.0,2380001871697.92,2007-07-03
1524.86,1526.5699,1517.72,1525.4,2622949888.0,4001047759155.2,2007-07-05
1524.96,1532.4,1520.47,1530.4399,2441520128.0,3736599820544.3076,2007-07-06
1530.4301,1534.26,1527.45,1531.85,2715330048.0,4159478334028.8,2007-07-09
1531.85,1531.85,1510.01,1510.12,3244280064.0,4899252210247.68,2007-07-10
1509.9301,1519.34,1506.1,1518.76,3082919936.0,4682215481999.36,2007-07-11
1518.74,1547.92,1518.74,1547.7,3489600000.0,5400853920000.0,2007-07-12
1547.6801,1555.1,1544.85,1552.5,2801120000.0,4348738800000.0,2007-07-13
1552.5,1555.9,1546.6899,1549.52,2704110080.0,4190072651161.6,2007-07-16
1549.52,1555.3199,1547.74,1549.37,3007140096.0,4659172650539.52,2007-07-17
1549.2,1549.2,1533.67,1546.17,3609220096.0,5580467835832.32,2007-07-18
1546.13,1555.2,1546.13,1553.08,3251450112.0,5049762139944.96,2007-07-19
1553.1899,1553.1899,1529.2,1534.1,3745779968.0,5746401048908.8,2007-07-20
1534.0601,1547.23,1534.0601,1541.5699,3102700032.0,4783028978060.236,2007-07-23
1541.5699,1541.5699,1508.62,1511.04,4115830016.0,6219183787376.64,2007-07-24
1511.03,1524.3101,1503.73,1518.09,4283200000.0,6502283088000.0,2007-07-25
1518.09,1518.09,1465.3,1482.66,4472549888.0,6631270816942.08,2007-07-26
1482.4399,1488.53,1458.95,1458.95,4784650240.0,6980565467648.0,2007-07-27
1458.9301,1477.88,1454.3199,1473.91,4128780032.0,6085450176965.12,2007-07-30
1473.9,1488.3,1454.25,1455.27,4524519936.0,6584398127262.72,2007-07-31
1455.1801,1468.38,1439.59,1465.8101,5256779776.0,7705440889136.537,2007-08-01
1465.46,1476.4301,1460.58,1472.2,4368849920.0,6431820852224.0,2007-08-02
1472.1801,1473.23,1432.8,1433.0601,4272110080.0,6122190498455.808,2007-08-03
1433.04,1467.67,1427.39,1467.67,5067200000.0,7436977424000.0,2007-08-06
1467.62,1488.3,1455.8,1476.71,4909389824.0,7249745046999.04,2007-08-07
1476.22,1503.89,1476.22,1497.49,5499559936.0,8235536008560.64,2007-08-08
1497.21,1497.21,1453.09,1453.09,5889600000.0,8558118864000.0,2007-08-09
1453.09,1462.02,1429.74,1453.64,5345780224.0,7770839964815.36,2007-08-10
1453.42,1466.29,1451.54,1452.92,3696280064.0,5370399230586.88,2007-08-13
1452.87,1456.74,1426.2,1426.54,3814629888.0,5441722120427.52,2007-08-14
1426.15,1440.78,1404.36,1406.7,4290929920.0,6036051118464.0,2007-08-15
1406.64,1415.97,1370.6,1411.27,6509300224.0,9186380127124.48,2007-08-16
1411.26,1450.33,1411.26,1445.9399,3570040064.0,5162063373136.154,2007-08-17
1445.9399,1451.75,1430.54,1445.55,3321339904.0,4801162898227.2,2007-08-20
1445.55,1455.3199,1439.76,1447.12,3012150016.0,4358942531153.9194,2007-08-21
1447.03,1464.86,1447.03,1464.0699,3309120000.0,4844782987488.0,2007-08-22
1464.05,1472.0601,1453.88,1462.5,3084389888.0,4510920211200.0,2007-08-23
1462.34,1479.4,1460.54,1479.37,2541400064.0,3759671012679.6797,2007-08-24
1479.36,1479.36,1465.98,1466.79,2406180096.0,3529360903011.84,2007-08-27
1466.72,1466.72,1432.01,1432.36,3078089984.0,4408932969482.239,2007-08-28
1432.01,1463.76,1432.01,1463.76,2824069888.0,4133760539258.88,2007-08-29
1463.67,1468.4301,1451.25,1457.64,2582960128.0,3765026000977.9204,2007-08-30
1457.61,1481.47,1457.61,1473.99,2731610112.0,4026365988986.88,2007-08-31
1473.96,1496.4,1472.15,1489.42,2766599936.0,4120629276677.12,2007-09-04
1488.76,1488.76,1466.34,1472.29,2991600128.0,4404502952453.12,2007-09-05
1472.03,1481.49,1467.41,1478.55,2459589888.0,3636626628902.4,2007-09-06
1478.55,1478.55,1449.0699,1453.55,3191079936.0,4638394240972.8,2007-09-07
1453.5,1462.25,1439.29,1451.7,2835719936.0,4116614631091.2,2007-09-10
1451.6899,1472.48,1451.6899,1471.49,3015330048.0,4437028012331.5205,2007-09-11
1471.1,1479.5,1465.75,1471.5601,2885720064.0,4246510505951.846,2007-09-12
1471.47,1489.58,1471.47,1483.95,2877080064.0,4269442960972.8003,2007-09-13
1483.95,1485.99,1473.1801,1484.25,2641740032.0,3921002642496.0,2007-09-14
1484.24,1484.24,1471.8199,1476.65,2598390016.0,3836912617126.4004,2007-09-17
1476.63,1519.89,1476.63,1519.78,3708940032.0,5636772881832.96,2007-09-18
1519.75,1538.74,1519.75,1529.03,3846749952.0,5881796079106.56,2007-09-19
1528.6899,1529.14,1516.42,1518.75,2957700096.0,4492007020800.0,2007-09-20
1518.75,1530.89,1518.75,1525.75,3679460096.0,5613936241472.0,2007-09-21
1525.75,1530.1801,1516.15,1517.73,3131310080.0,4752483247718.4,2007-09-24
1516.34,1518.27,1507.13,1517.21,3187770112.0,4836516691627.5205,2007-09-25
1518.62,1529.39,1518.62,1525.42,3237390080.0,4938379575833.601,2007-09-26
1527.3199,1532.46,1525.8101,1531.38,2872179968.0,4398398959395.84,2007-09-27
1531.24,1533.74,1521.99,1526.75,2925349888.0,4466277941504.0,2007-09-28
1527.29,1549.02,1527.25,1547.04,3281989888.0,5077369636331.52,2007-10-01
1546.96,1548.01,1540.37,1546.63,3101910016.0,4797507088046.08,2007-10-02
1545.8,1545.84,1536.34,1539.59,3065319936.0,4719335920266.24,2007-10-03
1539.91,1544.02,1537.63,1542.84,2690429952.0,4150902947143.6797,2007-10-04
1543.84,1561.91,1543.84,1557.59,2919030016.0,4546651962621.439,2007-10-05
1556.51,1556.51,1549.0,1552.58,2040649984.0,3168272352158.7197,2007-10-08
1553.1801,1565.26,1551.8199,1565.15,2932039936.0,4589082305830.4,2007-10-09
1564.98,1565.42,1555.46,1562.47,3044760064.0,4757346257198.08,2007-10-10
1564.72,1576.09,1546.72,1554.41,3911259904.0,6079701507376.641,2007-10-11
1555.41,1563.03,1554.09,1561.8,2788689920.0,4355375917056.0,2007-10-12
1562.25,1564.74,1540.8101,1548.71,3139290112.0,4861849989355.5205,2007-10-15
1547.8101,1547.8101,1536.29,1538.53,3234560000.0,4976467596800.0,2007-10-16
1544.4399,1550.66,1526.01,1541.24,3638070016.0,5607139031459.84,2007-10-17
1539.29,1542.79,1531.76,1540.08,3203209984.0,4933199632158.72,2007-10-18
1540.0,1540.0,1500.26,1500.63,4160969984.0,6244076387089.921,2007-10-19
1497.79,1508.0601,1490.4,1506.33,3471830016.0,5229721708001.279,2007-10-22
1509.3,1520.01,1503.61,1519.59,3309120000.0,5028505660800.0,2007-10-23
1516.61,1517.23,1489.5601,1515.88,4003300096.0,6068522549524.48,2007-10-24
1516.15,1523.24,1500.46,1514.4,4183960064.0,6336189120921.601,2007-10-25
1522.17,1535.53,1520.1801,1535.28,3612120064.0,5545615691857.92,2007-10-26
1536.92,1544.67,1536.4301,1540.98,3124480000.0,4814761190400.0,2007-10-29
1539.42,1539.42,1529.55,1531.02,3212519936.0,4918432272414.72,2007-10-30
1532.15,1552.76,1529.4,1549.38,3953070080.0,6124807720550.4,2007-10-31
1545.79,1545.79,1506.66,1508.4399,4241469952.0,6398002510247.885,2007-11-01
1511.0699,1513.15,1492.53,1509.65,4285989888.0,6470344634419.2,2007-11-02
1505.61,1510.84,1489.95,1502.17,3819330048.0,5737283018204.16,2007-11-05
1505.33,1520.77,1499.0699,1520.27,3879160064.0,5897370670497.28,2007-11-06
1515.46,1515.46,1475.04,1475.62,4353160192.0,6423610242519.039,2007-11-07
1475.27,1482.5,1450.3101,1474.77,5439719936.0,8022335770014.72,2007-11-08
1467.59,1474.09,1448.51,1453.7,4587049984.0,6668194561740.8,2007-11-09
1453.66,1464.9399,1438.53,1439.1801,4192519936.0,6033791260744.474,2007-11-12
1441.35,1481.37,1441.35,1481.05,4141309952.0,6133487104409.6,2007-11-13
1483.4,1492.14,1466.47,1470.58,4031470080.0,5928599270246.399,2007-11-14
1468.04,1472.67,1443.49,1451.15,3941009920.0,5718996545408.0,2007-11-15
1453.09,1462.1801,1443.99,1458.74,4168869888.0,6081297260421.12,2007-11-16
1456.7,1456.7,1430.42,1433.27,4119650048.0,5904570824296.96,2007-11-19
1434.51,1452.64,1419.28,1439.7,4875149824.0,7018753201612.8,2007-11-20
1434.71,1436.4,1415.64,1416.77,4076229888.0,5775080218421.76,2007-11-21
1417.62,1440.86,1417.62,1440.7,1612720000.0,2323445704000.0,2007-11-23
1440.74,1446.09,1406.1,1407.22,3706469888.0,5215818555791.36,2007-11-26
1409.59,1429.49,1407.4301,1428.23,4320719872.0,6170981742786.561,2007-11-27
1432.95,1471.62,1432.95,1469.02,4508020224.0,6622371869460.4795,2007-11-28
1467.41,1473.8101,1458.36,1469.72,3524730112.0,5180366340208.64,2007-11-29
1471.83,1488.9399,1470.89,1481.14,4422199808.0,6549897023621.12,2007-11-30
1479.63,1481.16,1470.08,1472.42,3323249920.0,4893219647206.4,2007-12-03
1471.34,1471.34,1460.66,1462.79,3343620096.0,4891014040227.84,2007-12-04
1465.22,1486.09,1465.22,1485.01,3663660032.0,5440571784120.32,2007-12-05
1484.59,1508.02,1482.1899,1507.34,3568570112.0,5379048472622.08,2007-12-06
1508.6,1510.63,1502.66,1504.66,3177710080.0,4781373248972.8,2007-12-07
1505.11,1518.27,1504.96,1515.96,2911759872.0,4414111495557.12,2007-12-10
1516.6801,1523.5699,1475.99,1477.65,4080179968.0,6029077929715.2,2007-12-11
1487.58,1511.96,1468.23,1486.59,4482120192.0,6663075056225.279,2007-12-12
1483.27,1489.4,1469.21,1488.41,3635170048.0,5410623451143.681,2007-12-13
1486.1899,1486.67,1467.78,1467.95,3401050112.0,4992571511910.4,2007-12-14
1465.05,1465.05,1445.4301,1445.9,3569029888.0,5160460315059.2,2007-12-17
1445.92,1460.16,1435.65,1454.98,3723689984.0,5417894452920.32,2007-12-18
1454.7,1464.42,1445.3101,1453.0,3401299968.0,4942088853504.0,2007-12-19
1456.42,1461.53,1447.22,1460.12,3526889984.0,5149682603438.08,2007-12-20
1463.1899,1485.4,1463.1899,1484.46,4508590080.0,6692821630156.8,2007-12-21
1484.55,1497.63,1484.55,1496.45,1267420032.0,1896630706886.4001,2007-12-24
1495.12,1498.85,1488.2,1497.66,2010499968.0,3011045382074.8804,2007-12-26
1495.05,1495.05,1475.86,1476.27,2365769984.0,3492515254279.68,2007-12-27
1479.83,1488.01,1471.7,1478.49,2420509952.0,3578699758932.48,2007-12-28
1475.25,1475.83,1465.13,1468.36,2440880128.0,3584090744750.0796,2007-12-31
1467.97,1471.77,1442.0699,1447.16,3452649984.0,4996536950845.44,2008-01-02
1447.55,1456.8,1443.73,1447.16,3429499904.0,4963035081072.641,2008-01-03
1444.01,1444.01,1411.1899,1411.63,4166000128.0,5880850760688.641,2008-01-04
1414.0699,1423.87,1403.45,1416.1801,4221260032.0,5978064454243.764,2008-01-07
1415.71,1430.28,1388.3,1390.1899,4705390080.0,6541385764776.192,2008-01-08
1390.25,1409.1899,1378.7,1409.13,5351029760.0,7540296565708.801,2008-01-09
1406.78,1429.09,1395.3101,1420.33,5170489856.0,7343801857172.4795,2008-01-10
1419.91,1419.91,1394.83,1401.02,4495840256.0,6298762115461.12,2008-01-11
1402.91,1417.89,1402.91,1416.25,3682089984.0,5214759939840.0,2008-01-14
1411.88,1411.88,1380.6,1380.95,4601639936.0,6354634669619.2,2008-01-15
1377.41,1391.99,1364.27,1373.2,5440620032.0,7471059427942.4,2008-01-16
1374.79,1377.72,1330.67,1333.25,5303130112.0,7070398221824.0,2008-01-17
1333.9,1350.28,1312.51,1325.1899,6004839936.0,7957553234303.847,2008-01-18
1312.9399,1322.09,1274.29,1310.5,6544690176.0,8576816475648.0,2008-01-22
1310.41,1339.09,1270.05,1338.6,3241679872.0,4339312676659.1997,2008-01-23
1340.13,1355.15,1334.3101,1352.0699,5735300096.0,7754526627268.71,2008-01-24
1357.3199,1368.5601,1327.5,1330.61,4882250240.0,6496370991846.399,2008-01-25
1330.7,1353.97,1322.26,1353.96,4100930048.0,5552495247790.08,2008-01-28
1355.9399,1364.9301,1350.1899,1362.3,4232960000.0,5766561408000.0,2008-01-29
1362.22,1385.86,1352.95,1355.8101,4742759936.0,6430281823104.153,2008-01-30
1351.98,1385.62,1334.08,1378.55,4970290176.0,6851793522124.8,2008-01-31
1378.6,1396.02,1375.9301,1395.42,4650769920.0,6489777361766.4,2008-02-01
1395.38,1395.38,1379.6899,1380.8199,3495780096.0,4827042722580.71,2008-02-04
1380.28,1380.28,1336.64,1336.64,4315740160.0,5768590927462.4,2008-02-05
1339.48,1351.96,1324.34,1326.45,4008120064.0,5316570858892.8,2008-02-06
1324.01,1347.16,1316.75,1336.91,4589159936.0,6135293810037.761,2008-02-07
1336.88,1341.22,1321.0601,1331.29,3768489984.0,5016953030799.359,2008-02-08
1331.92,1341.4,1320.3199,1339.13,3593139968.0,4811681525347.841,2008-02-11
1340.55,1362.1,1339.36,1348.86,4044640000.0,5455653110400.0,2008-02-12
1353.12,1369.23,1350.78,1367.21,3856420096.0,5272536119452.16,2008-02-13
1367.33,1368.16,1347.3101,1348.86,3644760064.0,4916271059927.04,2008-02-14
1347.52,1350.0,1338.13,1349.99,3583300096.0,4837419296599.04,2008-02-15
1355.86,1367.28,1345.05,1348.78,3613550080.0,4873884076902.399,2008-02-19
1348.39,1363.71,1336.55,1360.03,3870520064.0,5264023402641.92,2008-02-20
1362.21,1367.9399,1339.34,1342.53,3696659968.0,4962876906839.04,2008-02-21
1344.22,1354.3,1327.04,1353.11,3572659968.0,4834201929300.4795,2008-02-22
1352.75,1374.36,1346.03,1371.8,3866350080.0,5303859039744.0,2008-02-25
1371.76,1387.34,1363.29,1381.29,4096059904.0,5657846584796.16,2008-02-26
1378.95,1388.34,1372.0,1380.02,3904699904.0,5388563961518.08,2008-02-27
1378.16,1378.16,1363.16,1367.6801,3938579968.0,5386717444492.237,2008-02-28
1364.0699,1364.0699,1325.42,1330.63,4426729984.0,5890339718609.921,2008-02-29
1330.45,1335.13,1320.04,1331.34,4117570048.0,5481885707704.319,2008-03-03
1329.58,1331.03,1307.39,1326.75,4757179904.0,6311588437632.0,2008-03-04
1327.6899,1344.1899,1320.22,1333.7,4277710080.0,5705181933696.0,2008-03-05
1332.2,1332.2,1303.42,1304.34,4323460096.0,5639261941616.64,2008-03-06
1301.53,1313.24,1282.4301,1293.37,4565409792.0,5904764062679.039,2008-03-07
1293.16,1295.01,1272.66,1273.37,4261240064.0,5426135260295.68,2008-03-10
1274.4,1320.65,1274.4,1320.65,5109080064.0,6747306586521.601,2008-03-11
1321.13,1333.26,1307.86,1308.77,4414280192.0,5777277486883.84,2008-03-12
1305.26,1321.6801,1282.11,1315.48,5073359872.0,6673903444418.561,2008-03-13
1316.05,1321.47,1274.86,1288.14,5153780224.0,6638790457743.36,2008-03-14
1283.21,1287.5,1256.98,1276.6,5683010048.0,7254930627276.8,2008-03-17
1277.16,1330.74,1277.16,1330.74,5335629824.0,7100336031989.76,2008-03-18
1330.97,1341.51,1298.42,1298.42,1203830016.0,1563076969374.72,2008-03-19
1299.67,1330.67,1295.22,1329.51,6145220096.0,8170131569832.96,2008-03-20
1330.29,1359.6801,1330.29,1349.88,4498999808.0,6073109860823.04,2008-03-24
1349.0699,1357.47,1341.21,1352.99,4145120000.0,5608305908800.0,2008-03-25
1352.45,1352.45,1336.41,1341.13,4055670016.0,5439180728558.08,2008-03-26
1340.34,1345.62,1325.66,1325.76,4037929984.0,5353326055587.84,2008-03-27
1327.02,1334.87,1312.95,1315.22,3686980096.0,4849189961861.12,2008-03-28
1315.92,1328.52,1312.8101,1322.7,4188989952.0,5540777009510.4,2008-03-31
1326.41,1370.1801,1326.41,1370.1801,4745119744.0,6501668645345.895,2008-04-01
1369.96,1377.95,1361.55,1367.53,4320439808.0,5908331050634.24,2008-04-02
1365.6899,1375.66,1358.6801,1369.3101,3920100096.0,5367832654463.77,2008-04-03
1369.85,1380.91,1362.83,1370.4,3703099904.0,5074728108441.601,2008-04-04
1373.6899,1386.74,1369.02,1372.54,3747780096.0,5143978092963.84,2008-04-07
1370.16,1370.16,1360.62,1365.54,3602500096.0,4919357981091.84,2008-04-08
1365.5,1368.39,1349.97,1354.49,3556669952.0,4817473883284.48,2008-04-09
1355.37,1367.24,1350.11,1360.55,3686149888.0,5015191230118.399,2008-04-10
1357.98,1357.98,1331.21,1332.83,3723790080.0,4963179132326.399,2008-04-11
1332.2,1335.64,1326.16,1328.3199,3565019904.0,4735486882379.289,2008-04-14
1331.72,1337.72,1324.35,1334.4301,3581230080.0,4778901213777.408,2008-04-15
1337.02,1365.49,1337.02,1364.71,4260369920.0,5814169433523.2,2008-04-16
1363.37,1368.6,1357.25,1365.5601,3713880064.0,5071526431583.846,2008-04-17
1369.0,1395.9,1369.0,1390.33,4222380032.0,5870501629890.56,2008-04-18
1387.72,1390.23,1379.25,1388.17,3420570112.0,4748332812375.04,2008-04-21
1386.4301,1386.4301,1369.84,1375.9399,3821900032.0,5258704747840.077,2008-04-22
1378.4,1387.87,1372.24,1379.9301,4103610112.0,5662695112213.171,2008-04-23
1380.52,1397.72,1371.09,1388.8199,4461660160.0,6196442417245.184,2008-04-24
1387.88,1399.11,1379.98,1397.84,3891150080.0,5439205227827.199,2008-04-25
1397.96,1402.9,1394.4,1396.37,3607000064.0,5036706679367.68,2008-04-28
1395.61,1397.0,1386.7,1390.9399,3815320064.0,5306880908288.154,2008-04-29
1391.22,1404.5699,1384.25,1385.59,4508890112.0,6247473050286.08,2008-04-30
1385.97,1410.0699,1383.0699,1409.34,4448779776.0,6269843289507.84,2008-05-01
1409.16,1422.72,1406.25,1413.9,3953029888.0,5589188958643.2,2008-05-02
1415.34,1415.34,1404.37,1407.49,3410089984.0,4799667551580.16,2008-05-05
1405.6,1421.5699,1397.1,1418.26,3924100096.0,5565394202152.96,2008-05-06
1417.49,1419.54,1391.16,1392.5699,4075859968.0,5675919908051.763,2008-05-07
1394.29,1402.35,1389.39,1397.6801,3827549952.0,5349690399666.355,2008-05-08
1394.9,1394.9,1384.11,1388.28,3518619904.0,4884829640325.12,2008-05-09
1389.4,1404.0601,1386.2,1403.58,3370629888.0,4730948698199.04,2008-05-12
1404.4,1406.3,1396.26,1403.04,4018589952.0,5638242446254.08,2008-05-13
1405.65,1420.1899,1405.65,1408.66,3979369984.0,5605579321661.44,2008-05-14
1408.36,1424.4,1406.87,1423.5699,3836480000.0,5461497449952.0,2008-05-15
1423.89,1425.8199,1414.35,1425.35,3842589952.0,5477035588083.199,2008-05-16
1425.28,1440.24,1421.63,1426.63,3683970048.0,5255662189578.24,2008-05-19
1424.49,1424.49,1409.09,1413.4,3854320128.0,5447696068915.2,2008-05-20
1414.0601,1419.12,1388.8101,1390.71,4517989888.0,6283213717140.48,2008-05-21
1390.83,1399.0699,1390.23,1394.35,3955960064.0,5515992915238.399,2008-05-22
1392.2,1392.2,1373.72,1375.9301,3516379904.0,4838292952948.711,2008-05-23
1375.97,1387.4,1373.0699,1385.35,3588859904.0,4971827068006.399,2008-05-27
1386.54,1391.25,1378.16,1390.84,3927239936.0,5462162392586.239,2008-05-28
1390.5,1406.3199,1388.59,1398.26,3894439936.0,5445439584911.36,2008-05-29
1398.36,1404.46,1398.08,1400.38,3845629952.0,5385343272181.761,2008-05-30
1399.62,1399.62,1377.79,1385.67,3714319872.0,5146821617034.24,2008-06-02
1386.42,1393.12,1370.12,1377.65,4396380160.0,6056673127424.0,2008-06-03
1376.26,1388.1801,1371.74,1377.2,4338639872.0,5975174831718.4,2008-06-04
1377.48,1404.05,1377.48,1404.05,4350790144.0,6108726901683.2,2008-06-05
1400.0601,1400.0601,1359.9,1360.6801,4771659776.0,6492702501173.658,2008-06-06
1360.83,1370.63,1350.62,1361.76,4404570112.0,5997967395717.12,2008-06-09
1358.98,1366.84,1351.5601,1358.4399,4635069952.0,6296463962087.885,2008-06-10
1357.09,1357.09,1335.47,1335.49,4779979776.0,6383615191050.24,2008-06-11
1335.78,1353.03,1331.29,1339.87,4734239744.0,6343265805793.279,2008-06-12
1341.8101,1360.03,1341.71,1360.03,4080420096.0,5549493743162.88,2008-06-13
1358.85,1364.7,1352.0699,1360.14,3706939904.0,5041957241026.561,2008-06-16
1360.71,1366.59,1350.54,1350.9301,3801959936.0,5136182116536.474,2008-06-17
1349.59,1349.59,1333.4,1337.8101,4573570048.0,6118568203271.885,2008-06-18
1336.89,1347.66,1330.5,1342.83,4811670016.0,6461254847585.279,2008-06-19
1341.02,1341.02,1314.46,1317.9301,5324899840.0,7017845778621.185,2008-06-20
1319.77,1323.78,1315.3101,1318.0,4186370048.0,5517635723264.0,2008-06-23
1317.23,1326.02,1304.42,1314.29,4705050112.0,6183800311700.4795,2008-06-24
1314.54,1335.63,1314.54,1321.97,4825639936.0,6379351226193.92,2008-06-25
1316.29,1316.29,1283.15,1283.15,5231280128.0,6712517096243.2,2008-06-26
1283.6,1289.45,1272.0,1278.38,6208260096.0,7936515541524.48,2008-06-27
1278.0601,1290.3101,1274.86,1280.0,5032330240.0,6441382707200.0,2008-06-30
1276.6899,1285.3101,1260.6801,1284.91,5846289920.0,7511956381107.2,2008-07-01
1285.8199,1292.17,1261.51,1261.52,5276089856.0,6655892875141.12,2008-07-02
1262.96,1271.48,1252.01,1262.9,3247589888.0,4101381269555.2,2008-07-03
1262.9,1273.95,1240.6801,1252.3101,5265419776.0,6593938366224.537,2008-07-07
1251.84,1274.17,1242.84,1273.7,6034109952.0,7685645845862.4,2008-07-08
1273.38,1277.36,1244.5699,1244.6899,5181000192.0,6448738610880.461,2008-07-09
1245.25,1257.65,1236.76,1253.39,5840430080.0,7320336657971.2,2008-07-10
1248.66,1257.27,1225.35,1239.49,6742199808.0,8356889240017.92,2008-07-11
1241.61,1253.5,1225.01,1228.3,5434860032.0,6675638577305.6,2008-07-14
1226.83,1234.35,1200.4399,1214.91,7363639808.0,8946159639137.281,2008-07-15
1214.65,1245.52,1211.39,1245.36,6738630656.0,8392021073756.159,2008-07-16
1246.3101,1262.3101,1241.49,1260.3199,7365209600.0,9282520226551.04,2008-07-17
1258.22,1262.23,1251.8101,1260.6801,5653279744.0,7126977272993.895,2008-07-18
1261.8199,1267.74,1255.7,1260.0,4630640128.0,5834606561280.0,2008-07-21
1257.08,1277.42,1248.83,1277.0,6180230144.0,7892153893888.0,2008-07-22
1278.87,1291.17,1276.0601,1282.1899,6705829888.0,8598147353511.731,2008-07-23
1283.22,1283.22,1251.48,1252.54,6127980032.0,7675540109281.279,2008-07-24
1253.51,1263.23,1251.75,1257.76,4672560128.0,5876959226593.28,2008-07-25
1257.76,1260.09,1234.37,1234.37,4282959872.0,5286757177200.64,2008-07-28
1236.38,1263.2,1236.38,1263.2,5414240256.0,6839268291379.2,2008-07-29
1264.52,1284.33,1264.52,1284.26,5631329792.0,7232091598673.92,2008-07-30
1281.37,1284.9301,1265.97,1267.38,5346050048.0,6775476909834.24,2008-07-31
1269.42,1270.52,1254.54,1260.3101,4684870144.0,5904389159671.654,2008-08-01
1253.27,1260.49,1247.45,1249.01,4562279936.0,5698333262863.36,2008-08-04
1254.87,1284.88,1254.67,1284.88,1219309952.0,1566666971125.7603,2008-08-05
1283.99,1291.67,1276.0,1289.1899,4873419776.0,6282763553679.463,2008-08-06
1286.51,1286.51,1264.29,1266.0699,5319379968.0,6734706864147.763,2008-08-07
1266.29,1297.85,1262.11,1296.3199,4966810112.0,6438574787706.828,2008-08-08
1294.42,1313.15,1291.41,1305.3199,5067310080.0,6614460686894.592,2008-08-11
1304.79,1304.79,1285.64,1289.59,4711289856.0,6075632285399.04,2008-08-12
1288.64,1294.03,1274.86,1285.83,4787599872.0,6156039543413.76,2008-08-13
1282.11,1300.11,1276.84,1292.9301,4064000000.0,5254467926400.0,2008-08-14
1293.85,1302.05,1290.74,1298.2,4041819904.0,5247090599372.8,2008-08-15
1298.14,1300.22,1274.51,1278.6,3829289984.0,4896130173542.399,2008-08-18
1276.65,1276.65,1263.11,1266.6899,4159759872.0,5269125816287.693,2008-08-19
1267.34,1276.01,1261.16,1274.54,4555030016.0,5805567956592.64,2008-08-20
1271.0699,1281.4,1265.22,1277.72,4032590080.0,5152520997017.601,2008-08-21
1277.59,1293.09,1277.59,1292.2,3741070080.0,4834210757376.0,2008-08-22
1290.47,1290.47,1264.87,1266.84,3420600064.0,4333352985077.76,2008-08-25
1267.03,1275.65,1263.21,1271.51,3587569920.0,4561631028979.2,2008-08-26
1271.29,1285.05,1270.03,1281.66,3499610112.0,4485310296145.92,2008-08-27
1283.79,1300.6801,1283.79,1300.6801,3854279936.0,5013185212584.474,2008-08-28
1296.49,1297.59,1282.74,1282.83,3288120064.0,4218099061701.1196,2008-08-29
1287.83,1303.04,1272.2,1277.58,4783560192.0,6111380830095.359,2008-09-02
1276.61,1280.6,1265.59,1274.98,5056979968.0,6447548319600.64,2008-09-03
1271.8,1271.8,1232.83,1236.83,5212499968.0,6446976335421.439,2008-09-04
1233.21,1244.9399,1217.23,1242.3101,5017079808.0,6232768917984.46,2008-09-05
1249.5,1274.42,1247.12,1267.79,7351340032.0,9319955379169.28,2008-09-08
1267.98,1268.66,1224.51,1224.51,7380630528.0,9037655887841.28,2008-09-09
1227.5,1243.9,1221.6,1232.04,6543439872.0,8061779659898.88,2008-09-10
1229.04,1249.98,1211.54,1249.05,6869249536.0,8580036132940.8,2008-09-11
1245.88,1255.09,1233.8101,1251.7,6273260032.0,7852239582054.4,2008-09-12
1250.92,1250.92,1192.7,1192.7,8279510528.0,9874972206745.6,2008-09-15
1188.3101,1214.84,1169.28,1213.6,9459830784.0,11480450639462.398,2008-09-16
1210.34,1210.34,1155.88,1156.39,9431870464.0,10906920685864.96,2008-09-17
1157.08,1211.14,1133.5,1206.51,10082690048.0,12164866369812.48,2008-09-18
1213.11,1265.12,1213.11,1255.08,9387169792.0,11781649062543.36,2008-09-19
1255.37,1255.37,1205.61,1207.09,5332129792.0,6436360550625.279,2008-09-22
1207.61,1221.15,1187.0601,1188.22,5185730048.0,6161788157634.561,2008-09-23
1188.79,1197.41,1179.79,1185.87,4820360192.0,5716320540887.039,2008-09-24
1187.87,1220.03,1187.87,1209.1801,5877640192.0,7107125555126.579,2008-09-25
1204.47,1215.77,1187.54,1213.27,5383609856.0,6531772329989.12,2008-09-26
1209.0699,1209.0699,1106.42,1106.42,7305059840.0,8082464308172.801,2008-09-29
1113.78,1168.03,1113.78,1166.36,4937679872.0,5759112295505.92,2008-09-30
1164.17,1167.03,1140.77,1161.0601,5782130176.0,6713400640359.577,2008-10-01
1160.64,1160.64,1111.4301,1114.28,6285640192.0,7003963153141.76,2008-10-02
1115.16,1153.8199,1098.14,1099.23,6716120064.0,7382560657950.72,2008-10-03
1097.5601,1097.5601,1007.97,1056.89,7956020224.0,8408638214543.36,2008-10-06
1057.6,1072.91,996.23,996.23,7069209600.0,7042558679808.0,2008-10-07
988.91,1021.06,970.97,984.94,8716329984.0,8585062054440.961,2008-10-08
988.42,1005.25,909.19,909.92,6818999808.0,6204744305295.359,2008-10-09
902.31,936.36,839.8,899.22,11456230400.0,10301671500288.0,2008-10-10
912.75,1006.93,912.75,1003.35,7263369728.0,7287702016588.8,2008-10-13
1009.97,1044.3101,972.07,998.01,8161990656.0,8145748294594.56,2008-10-14
994.6,994.6,903.99,907.84,6542329856.0,5939388736471.04,2008-10-15
909.53,947.71,865.83,946.43,7984500224.0,7556770547000.319,2008-10-16
942.29,984.64,918.74,940.55,6581779968.0,6190493148902.399,2008-10-17
943.51,985.4,943.51,985.4,5175640064.0,5100075719065.6,2008-10-20
980.4,985.44,952.47,955.05,5121829888.0,4891603634534.399,2008-10-21
951.67,951.67,875.81,896.78,6147979776.0,5513385303521.28,2008-10-22
899.08,922.83,858.44,908.11,7184180224.0,6524025903216.64,2008-10-23
895.22,896.3,852.85,876.77,6550049792.0,5742887156131.84,2008-10-24
874.28,893.78,846.75,848.92,5558049792.0,4718339629424.64,2008-10-27
848.92,940.51,845.27,940.51,7096950272.0,6674752700318.72,2008-10-28
939.51,969.97,922.26,930.09,7077799936.0,6582990942474.24,2008-10-29
939.38,963.23,928.5,954.09,6175830016.0,5892297659965.44,2008-10-30
953.11,984.38,944.59,968.75,6394350080.0,6194526640000.0,2008-10-31
968.67,975.57,958.82,966.3,4492279808.0,4340889978470.4,2008-11-03
971.31,1007.51,971.31,1005.75,5531290112.0,5563095030144.0,2008-11-04
1001.84,1001.84,949.86,952.77,5426639872.0,5170339670845.439,2008-11-05
952.4,952.4,899.73,904.88,6102230016.0,5521785896878.08,2008-11-06
907.44,931.46,906.9,930.99,4931639808.0,4591307344849.92,2008-11-07
936.75,951.95,907.47,919.21,4572000256.0,4202628355317.7603,2008-11-10
917.15,917.15,884.9,898.95,4998340096.0,4493257829299.2,2008-11-11
893.39,893.39,850.48,852.3,5764179968.0,4912810586726.399,2008-11-12
853.13,913.01,818.69,911.29,7849119744.0,7152824331509.76,2008-11-13
904.36,916.88,869.88,873.29,5881030144.0,5135844814453.76,2008-11-14
873.23,882.29,848.98,850.75,4927490048.0,4192062158336.0,2008-11-17
852.34,865.9,826.84,859.12,6679470080.0,5738466335129.6,2008-11-18
859.03,864.57,806.18,806.58,6548599808.0,5281969633136.641,2008-11-19
805.87,820.52,747.78,752.44,9093739520.0,6842493364428.801,2008-11-20
755.84,801.2,741.02,800.03,9495900160.0,7597005005004.8,2008-11-21
801.2,865.6,801.2,851.81,7879439872.0,6711785677368.319,2008-11-24
853.4,868.94,834.99,857.39,6952699904.0,5961175370690.56,2008-11-25
852.9,887.68,841.37,887.68,5793260032.0,5142561065205.76,2008-11-26
886.89,896.25,881.21,896.24,2740859904.0,2456468280360.96,2008-11-28
888.61,888.61,815.69,816.21,6052009984.0,4939711069040.641,2008-12-01
817.94,850.54,817.94,848.81,6170100224.0,5237242771133.439,2008-12-02
843.6,873.12,827.6,870.74,6221879808.0,5417639624017.92,2008-12-03
869.75,875.6,833.6,845.22,5860389888.0,4953318741135.36,2008-12-04
844.43,879.42,818.41,876.07,6165369856.0,5401295569745.92,2008-12-05
882.71,918.57,882.71,909.7,6553600000.0,5961809920000.0,2008-12-08
906.48,916.26,885.38,888.67,5693109760.0,5059295850419.2,2008-12-09
892.17,908.27,885.45,899.24,5942130176.0,5343401139466.24,2008-12-10
898.35,904.63,868.73,873.59,5513840128.0,4816835597419.5205,2008-12-11
871.79,883.24,851.35,879.73,5959589888.0,5242830012170.24,2008-12-12
881.07,884.63,857.72,868.57,4982389760.0,4327554273843.2,2008-12-15
871.53,914.66,871.53,913.18,6009780224.0,5488011104952.319,2008-12-16
908.16,918.85,895.94,904.42,5907380224.0,5342752822190.08,2008-12-17
905.98,911.02,877.44,885.28,5674999808.0,5023963830026.24,2008-12-18
886.96,905.47,883.02,887.88,6705310208.0,5953510827479.04,2008-12-19
887.2,887.37,857.09,871.63,4869850112.0,4244707453122.56,2008-12-22
874.31,880.44,860.1,863.16,4051970048.0,3497498466631.6797,2008-12-23
863.87,869.79,861.44,868.15,1546550016.0,1342637396390.4,2008-12-24
869.51,873.74,866.52,872.8,1880050048.0,1640907681894.4,2008-12-26
872.37,873.7,857.07,869.42,3323429888.0,2889456413224.96,2008-12-29
870.58,891.12,870.58,890.64,3627800064.0,3231063849000.96,2008-12-30
890.59,910.32,889.67,903.25,4172940032.0,3769208083904.0,2008-12-31
902.99,934.73,899.35,931.8,4048270080.0,3772178060544.0,2009-01-02
929.17,936.63,919.53,927.45,5413910016.0,5021130844339.2,2009-01-05
931.17,943.85,927.28,934.7,5392620032.0,5040481943910.4,2009-01-06
927.45,927.45,902.37,906.65,4704940032.0,4265733880012.8,2009-01-07
905.73,910.0,896.81,909.73,4991549952.0,4540962737832.96,2009-01-08
909.91,911.93,888.31,890.35,4716499968.0,4199335746508.8003,2009-01-09
890.4,890.4,864.32,870.26,4725049856.0,4112021887682.56,2009-01-12
869.79,877.02,862.02,871.79,5017469952.0,4374180129454.0796,2009-01-13
867.28,867.28,836.93,842.62,5407880192.0,4556788007383.04,2009-01-14
841.99,851.59,817.04,843.74,7807350272.0,6587373718497.28,2009-01-15
844.45,858.13,830.66,850.12,6786039808.0,5768948161576.96,2009-01-16
849.64,849.64,804.47,805.22,6375229952.0,5133462661949.44,2009-01-20
806.77,841.72,804.3,840.24,6467829760.0,5434529277542.4,2009-01-21
839.74,839.74,811.29,827.5,5843829760.0,4835769126400.0,2009-01-22
822.16,838.61,806.07,831.95,5832160256.0,4852065724979.2,2009-01-23
832.5,852.53,827.69,836.57,6039940096.0,5052832686110.721,2009-01-26
837.3,850.45,835.4,845.71,5353260032.0,4527305541662.72,2009-01-27
845.73,877.86,845.73,874.09,6199179776.0,5418641050403.84,2009-01-28
868.89,868.89,844.15,845.14,5067060224.0,4282375277711.36,2009-01-29
845.69,851.66,821.67,825.88,5350580224.0,4418937195397.12,2009-01-30
823.09,830.78,812.87,825.44,5673269760.0,4682943790694.4,2009-02-02
825.69,842.6,821.98,838.51,5886309888.0,4935729704186.88,2009-02-03
837.77,851.85,829.18,832.23,6420449792.0,5343290930396.16,2009-02-04
831.75,850.55,819.91,845.85,6624030208.0,5602935951436.8,2009-02-05
846.09,870.75,845.42,868.6,6484100096.0,5632089343385.601,2009-02-06
868.24,875.01,861.65,869.89,5574369792.0,4849088538362.88,2009-02-09
866.87,868.05,822.99,827.16,6770169856.0,5600013698088.96,2009-02-10
827.41,838.22,822.3,833.74,5926459904.0,4941126680360.96,2009-02-11
829.91,835.48,808.06,835.19,6476460032.0,5409074654126.08,2009-02-12
833.95,839.43,825.21,826.84,5296650240.0,4379482284441.6,2009-02-13
818.61,818.61,789.17,789.17,5907820032.0,4662274334653.439,2009-02-17
791.06,796.17,780.43,788.42,5740709888.0,4526090489896.96,2009-02-18
787.91,797.58,777.03,778.94,5746939904.0,4476521368821.761,2009-02-19
775.87,778.69,754.25,770.05,8210590208.0,6322564989670.399,2009-02-20
773.25,777.85,742.37,743.33,6509300224.0,4838558135505.92,2009-02-23
744.69,775.49,744.69,773.14,7234489344.0,5593273091420.16,2009-02-24
770.64,780.12,752.89,764.9,7483639808.0,5724236089139.2,2009-02-25
765.76,779.42,751.75,752.83,7599969792.0,5721485258511.36,2009-02-26
749.93,751.27,734.52,735.09,8926480384.0,6561766465474.561,2009-02-27
729.57,729.57,699.7,700.82,7868289536.0,5514254672619.5205,2009-03-02
704.44,711.67,692.3,696.33,7583230464.0,5280430868997.12,2009-03-03
698.6,724.12,698.6,712.87,7673619968.0,5470293466588.16,2009-03-04
708.27,708.27,677.93,682.55,7507249664.0,5124073258163.199,2009-03-05
684.04,699.09,666.79,683.38,7331830272.0,5010426171279.36,2009-03-06
680.76,695.27,672.88,676.53,7277320192.0,4923325429493.76,2009-03-09
679.28,719.6,679.28,719.6,8618330112.0,6201750348595.2,2009-03-10
719.59,731.92,713.85,721.36,7287809536.0,5257134286888.96,2009-03-11
720.89,752.63,714.76,750.74,7326630400.0,5500394506496.0,2009-03-12
751.97,758.29,742.46,756.55,6787089408.0,5134772491622.399,2009-03-13
758.84,774.53,753.37,753.89,7883539968.0,5943321946475.52,2009-03-16
753.88,778.12,749.93,778.12,6156800000.0,4790729216000.0,2009-03-17
776.01,803.04,765.64,794.35,9098449920.0,7227353693952.0,2009-03-18
797.92,803.24,781.82,784.04,9033870336.0,7082915698237.439,2009-03-19
784.58,788.91,766.2,768.54,7643720192.0,5874504716359.68,2009-03-20
772.31,823.37,772.31,822.92,7715769344.0,6349460908564.4795,2009-03-23
820.6,823.65,805.48,806.12,6767980032.0,5455804063395.84,2009-03-24
806.81,826.78,791.37,813.88,7687179776.0,6256441876090.88,2009-03-25
814.06,832.98,814.06,832.86,6992960000.0,5824156665600.0,2009-03-26
828.68,828.68,813.43,815.94,5600209920.0,4569435282124.801,2009-03-27
809.07,809.07,779.81,787.53,5912659968.0,4656397104599.04,2009-03-30
790.88,810.48,790.88,797.87,6089099776.0,4858310038277.12,2009-03-31
793.59,813.62,783.32,811.08,6034140160.0,4894170400972.8,2009-04-01
814.53,845.61,814.53,834.38,7542809600.0,6293569474048.0,2009-04-02
835.13,842.5,826.7,842.5,5855640064.0,4933376753920.0,2009-04-03
839.75,839.75,822.79,835.48,6209999872.0,5188330693058.561,2009-04-06
834.12,834.12,814.53,815.55,5155579904.0,4204633190707.1997,2009-04-07
816.76,828.42,814.84,825.16,5938460160.0,4900179785625.6,2009-04-08
829.29,856.91,829.29,856.56,7600710656.0,6510464719503.359,2009-04-09
855.33,864.31,845.35,858.73,6434890240.0,5525833295795.2,2009-04-13
856.88,856.88,840.25,841.5,7569840128.0,6370020467712.0,2009-04-14
839.44,852.93,835.58,852.06,6241099776.0,5317791475138.56,2009-04-15
854.54,870.35,847.04,865.3,6598669824.0,5709828998707.199,2009-04-16
865.18,875.63,860.87,869.6,7352009728.0,6393307659468.8,2009-04-17
868.27,868.27,832.39,832.39,6973960192.0,5805054724218.88,2009-04-20
831.25,850.09,826.83,850.08,7436489728.0,6321611187978.24,2009-04-21
847.26,861.78,840.57,843.55,7327860224.0,6181416491955.199,2009-04-22
844.62,852.87,835.45,851.92,6563100160.0,5591236288307.2,2009-04-23
853.91,871.8,853.91,866.23,7114440192.0,6162741527516.16,2009-04-24
862.82,868.83,854.65,857.51,5613459968.0,4813598057159.68,2009-04-27
854.48,864.48,847.12,855.16,6328000000.0,5411452480000.0,2009-04-28
856.85,882.06,856.85,873.64,6101620224.0,5330619492495.36,2009-04-29
876.59,888.7,868.51,872.81,6862539776.0,5989693341890.56,2009-04-30
872.74,880.48,866.1,877.52,5312169984.0,4661535404359.68,2009-05-01
879.21,907.85,879.21,907.24,7038839808.0,6385917027409.92,2009-05-04
906.1,907.7,897.34,903.8,6882860032.0,6220728896921.6,2009-05-05
903.95,920.28,903.95,919.53,8555039744.0,7866615695800.319,2009-05-06
919.58,929.58,901.36,907.39,9120100352.0,8275487858401.28,2009-05-07
909.03,930.17,909.03,929.23,8163279872.0,7585564555458.561,2009-05-08
922.99,922.99,908.68,909.24,6150600192.0,5592371718574.08,2009-05-11
910.52,915.57,896.46,908.35,6871750656.0,6241954708377.601,2009-05-12
905.4,905.4,882.8,883.92,7091820032.0,6268601562685.439,2009-05-13
884.24,898.36,882.52,893.07,6134870016.0,5478868365189.12,2009-05-14
892.76,896.97,878.94,882.88,5439719936.0,4802619937095.68,2009-05-15
886.07,910.0,886.07,909.71,5702150144.0,5187303007498.24,2009-05-18
909.67,916.39,905.22,908.13,6616269824.0,6008433115269.12,2009-05-19
908.62,924.6,901.37,903.47,8205060096.0,7413025644933.12,2009-05-20
900.42,900.42,879.61,888.33,6019840000.0,5347604467200.0,2009-05-21
888.68,896.65,883.75,887.0,5155319808.0,4572768669696.0,2009-05-22
887.0,911.76,881.46,910.33,5667049984.0,5158885611934.721,2009-05-26
909.95,913.84,891.87,893.06,5698800128.0,5089370442311.68,2009-05-27
892.96,909.45,887.6,906.83,5738979840.0,5204279088307.2,2009-05-28
907.02,920.02,903.56,919.14,6050420224.0,5561183244687.36,2009-05-29
923.26,947.77,923.26,942.87,6370440192.0,6006496943831.04,2009-06-01
942.87,949.38,938.46,944.74,5987339776.0,5656479379978.24,2009-06-02
942.51,942.51,923.85,931.76,5323769856.0,4960475801026.56,2009-06-03
932.49,942.47,929.32,942.46,5352889856.0,5044884573685.76,2009-06-04
945.67,951.69,934.13,940.09,5277910016.0,4961710426941.44,2009-06-05
938.12,946.33,926.44,939.14,4483429888.0,4210568345016.32,2009-06-08
940.35,946.92,936.15,942.43,4439949824.0,4184341912632.32,2009-06-09
942.73,949.77,927.97,939.15,5379420160.0,5052082443264.0,2009-06-10
939.04,956.23,939.04,944.89,5500839936.0,5197688647127.04,2009-06-11
943.44,946.3,935.66,946.21,4528119808.0,4284552243527.68,2009-06-12
942.45,942.45,919.65,923.72,4697880064.0,4339525772718.08,2009-06-15
925.6,928.0,911.6,911.97,4951199744.0,4515345630535.68,2009-06-16
911.89,918.44,903.78,910.71,5523650048.0,5030443335214.08,2009-06-17
910.86,921.93,907.94,918.37,4684009984.0,4301654249006.08,2009-06-18
919.96,927.09,915.8,921.23,5713390080.0,5263346343398.4,2009-06-19
918.13,918.13,893.04,893.04,4903940096.0,4379414663331.84,2009-06-22
893.46,898.69,888.86,895.1,5071020032.0,4539070030643.2,2009-06-23
896.31,910.85,896.31,900.94,4636720128.0,4177406632120.3203,2009-06-24
899.45,921.42,896.27,920.26,4911240192.0,4519617899089.92,2009-06-25
918.84,922.0,913.03,918.9,6076660224.0,5583843079833.6,2009-06-26
919.86,927.99,916.18,927.23,4211760128.0,3905270343485.44,2009-06-29
927.15,930.01,912.86,919.32,4627570176.0,4254217814200.3203,2009-06-30
920.82,931.92,920.82,923.33,3919399936.0,3618899542906.8804,2009-07-01
921.24,921.24,896.42,896.42,3931000064.0,3523827077370.88,2009-07-02
894.27,898.72,886.36,898.72,4712580096.0,4235289983877.12,2009-07-06
898.6,898.6,879.93,881.03,4673299968.0,4117317470807.04,2009-07-07
881.9,886.8,869.32,879.56,5721780224.0,5032649013821.439,2009-07-08
881.28,887.86,878.45,882.68,4347169792.0,3837159832002.5596,2009-07-09
880.03,883.57,872.81,879.13,3912079872.0,3439226777871.36,2009-07-10
879.57,901.05,875.32,901.05,4499440128.0,4054220527334.4,2009-07-13
900.77,905.84,896.5,905.84,4149029888.0,3758357233745.92,2009-07-14
910.15,933.95,910.15,932.68,5238830080.0,4886152039014.399,2009-07-15
930.17,943.96,927.45,940.74,4898639872.0,4608346473185.28,2009-07-16
940.56,941.89,934.65,940.38,5141380096.0,4834851014676.4795,2009-07-17
942.07,951.62,940.99,951.13,4853150208.0,4615976757335.04,2009-07-20
951.97,956.53,943.22,954.58,5309300224.0,5068151807825.92,2009-07-21
953.4,959.83,947.75,954.07,4634100224.0,4421256000711.681,2009-07-22
954.07,979.42,953.27,976.29,5761650176.0,5625041450327.04,2009-07-23
972.16,979.79,965.95,979.26,4458299904.0,4365834763991.04,2009-07-24
978.63,982.49,972.29,982.18,4631289856.0,4548760270766.08,2009-07-27
981.48,982.35,969.35,979.62,5490350080.0,5378456745369.6,2009-07-28
977.66,977.76,968.65,975.15,5178769920.0,5050077487488.0,2009-07-29
976.01,996.68,976.01,986.75,6035180032.0,5955213896576.0,2009-07-30
986.8,993.18,982.85,987.48,5139069952.0,5074728796200.96,2009-07-31
990.22,1003.61,990.22,1002.63,5603440128.0,5618177175536.64,2009-08-03
1001.41,1007.12,996.68,1005.65,5713699840.0,5745982244096.0,2009-08-04
1005.41,1006.64,994.31,1002.72,7242120192.0,7261818758922.24,2009-08-05
1004.06,1008.0,992.49,997.08,6753379840.0,6733659970867.2,2009-08-06
999.83,1018.0,999.83,1010.48,6827089408.0,6898637304995.84,2009-08-07
1008.89,1010.12,1000.99,1007.1,5406080000.0,5444463168000.0,2009-08-10
1005.77,1005.77,992.4,994.35,5773159936.0,5740541582361.601,2009-08-11
994.0,1012.78,993.36,1005.81,5498169856.0,5530114222863.359,2009-08-12
1005.86,1013.14,1000.82,1012.73,5250659840.0,5317500739763.2,2009-08-13
1012.23,1012.6,994.6,1004.09,4940749824.0,4960957490780.16,2009-08-14
998.18,998.18,978.51,979.73,4088570112.0,4005694795829.7603,2009-08-17
980.62,991.2,980.62,989.67,4198970112.0,4155594750743.04,2009-08-18
986.88,999.61,980.62,996.46,4256999936.0,4241930156226.56,2009-08-19
996.41,1008.92,996.39,1007.37,4893159936.0,4929222524728.32,2009-08-20
1009.06,1027.59,1009.06,1026.13,5885550080.0,6039339503590.4,2009-08-21
1026.59,1035.8199,1022.48,1025.5699,6302450176.0,6463603196755.302,2009-08-24
1026.63,1037.75,1026.21,1028.0,5768739840.0,5930264555520.0,2009-08-25
1027.35,1032.47,1021.57,1028.12,5080059904.0,5222911188500.4795,2009-08-26
1027.8101,1033.33,1016.2,1030.98,5785880064.0,5965126628382.72,2009-08-27
1031.62,1039.47,1023.13,1028.9301,5785780224.0,5953163424458.343,2009-08-28
1025.21,1025.21,1014.62,1020.62,5004559872.0,5107753896560.64,2009-08-31
1019.52,1028.45,996.28,998.04,6862360064.0,6848909838274.56,2009-09-01
996.07,1000.34,991.97,994.75,5842729984.0,5812055651584.0,2009-09-02
996.12,1003.43,992.25,1003.24,4624280064.0,4639262731407.36,2009-09-03
1003.84,1016.48,1001.65,1016.4,4097370112.0,4164566981836.8,2009-09-04
1018.67,1026.0699,1018.67,1025.39,5235160064.0,5368080778024.961,2009-09-08
1025.36,1036.34,1023.97,1033.37,5202549760.0,5376158845491.199,2009-09-09
1032.99,1044.14,1028.04,1044.14,5191379968.0,5420527479787.5205,2009-09-10
1043.92,1048.1801,1038.4,1042.73,4922599936.0,5132942631265.28,2009-09-11
1040.15,1049.74,1035.0,1049.34,4979610112.0,5225304074926.08,2009-09-14
1049.03,1056.04,1043.42,1052.63,6185619968.0,6511169146915.841,2009-09-15
1053.99,1068.76,1052.87,1068.76,6793529344.0,7260652421693.439,2009-09-16
1067.87,1074.77,1061.2,1065.49,6668109824.0,7104804336373.76,2009-09-17
1066.6,1071.52,1064.27,1068.3,5607969792.0,5990994128793.6,2009-09-18
1067.14,1067.28,1057.46,1064.66,4615280128.0,4913704141076.48,2009-09-21
1066.35,1073.8101,1066.35,1071.66,5246600192.0,5622571561758.721,2009-09-22
1072.6899,1080.15,1060.39,1060.87,5531930112.0,5868658697917.439,2009-09-23
1062.5601,1066.29,1045.85,1050.78,5505610240.0,5785185127987.2,2009-09-24
1049.48,1053.47,1041.17,1044.38,4507089920.0,4707114570649.601,2009-09-25
1045.38,1065.13,1045.38,1062.98,3726949888.0,3961673191946.24,2009-09-28
1063.6899,1069.62,1057.83,1060.61,4949899776.0,5249913201423.359,2009-09-29
1061.02,1063.4,1046.47,1057.08,5998859776.0,6341274692014.079,2009-09-30
1054.91,1054.91,1029.45,1029.85,5791450112.0,5964324897843.199,2009-10-01
1029.71,1030.6,1019.95,1025.21,5583240192.0,5723993677240.32,2009-10-02
1026.87,1042.58,1025.92,1040.46,4313310208.0,4487826739015.68,2009-10-05
1042.02,1060.55,1042.02,1054.72,5029839872.0,5305072709795.84,2009-10-06
1053.65,1058.02,1050.1,1057.58,4238220032.0,4482256741442.56,2009-10-07
1060.03,1070.67,1060.03,1065.48,4988400128.0,5315040568381.44,2009-10-08
1065.28,1071.51,1063.0,1071.49,3763780096.0,4032852735063.04,2009-10-09
1071.63,1079.46,1071.63,1076.1899,3710429952.0,3993127238999.8853,2009-10-12
1074.96,1075.3,1066.71,1073.1899,4320480256.0,4636695773888.614,2009-10-13
1078.6801,1093.17,1078.6801,1092.02,5406419968.0,5903918733455.36,2009-10-14
1090.36,1096.5601,1086.41,1096.5601,5369780224.0,5888286739407.462,2009-10-15
1094.67,1094.67,1081.53,1087.6801,4894739968.0,5323911257868.237,2009-10-16
1088.22,1100.17,1086.48,1097.91,4619239936.0,5071509718133.761,2009-10-19
1098.64,1098.64,1086.16,1091.0601,5396930048.0,5888375037863.885,2009-10-20
1090.36,1101.36,1080.77,1081.4,5616289792.0,6073455781068.801,2009-10-21
1080.96,1095.21,1074.3101,1092.91,5192410112.0,5674836935505.921,2009-10-22
1095.62,1095.83,1075.49,1079.6,4767459840.0,5146949643264.0,2009-10-23
1080.36,1091.75,1065.23,1066.95,6363380224.0,6789408529996.8,2009-10-26
1067.54,1072.48,1060.62,1063.41,5337379840.0,5675823095654.4,2009-10-27
1061.51,1063.26,1042.1899,1042.63,6600350208.0,6881723137367.041,2009-10-28
1043.6899,1066.83,1043.6899,1066.11,5595039744.0,5964927821475.84,2009-10-29
1065.41,1065.41,1033.38,1036.1899,6512419840.0,6748103662767.616,2009-10-30
1036.1801,1052.1801,1029.38,1042.88,6202639872.0,6468609069711.36,2009-11-02
1040.92,1046.36,1033.9399,1045.41,5487499776.0,5736687140828.16,2009-11-03
1047.14,1061.0,1045.15,1046.5,5635509760.0,5897560963840.0,2009-11-04
1047.3,1066.65,1047.3,1066.63,4848350208.0,5171395782359.041,2009-11-05
1064.95,1071.48,1059.3199,1069.3,4277129984.0,4573535091891.2,2009-11-06
1072.3101,1093.1899,1072.3101,1093.08,4460029952.0,4875169539932.16,2009-11-09
1091.86,1096.42,1087.4,1093.01,4394769920.0,4803527470259.2,2009-11-10
1096.04,1105.37,1093.8101,1098.51,4286700032.0,4708982852152.32,2009-11-11
1098.3101,1101.97,1084.9,1087.24,4160250112.0,4523190331770.88,2009-11-12
1087.59,1097.79,1085.33,1093.48,3792610048.0,4147143235287.04,2009-11-13
1094.13,1113.6899,1094.13,1109.3,4565850112.0,5064897529241.6,2009-11-16
1109.22,1110.52,1102.1899,1110.3199,3824069888.0,4245940895637.171,2009-11-17
1109.4399,1111.1,1102.7,1109.8,4293339904.0,4764748625459.2,2009-11-18
1106.4399,1106.4399,1088.4,1094.9,4178030080.0,4574525134592.0,2009-11-19
1094.66,1094.66,1086.8101,1091.38,3751229952.0,4094017345013.7603,2009-11-20
1094.86,1112.38,1094.86,1106.24,3827919872.0,4234598079201.2803,2009-11-23
1105.83,1107.5601,1097.63,1105.65,3700819968.0,4091811597619.2,2009-11-24
1106.49,1111.1801,1104.75,1110.63,3036349952.0,3372261347189.7603,2009-11-25
1105.47,1105.47,1083.74,1087.27,2362909952.0,2569121103511.04,2009-11-27
1091.0699,1097.24,1086.25,1095.63,3895520000.0,4268048577600.0005,2009-11-30
1098.89,1112.28,1098.89,1108.86,4249309952.0,4711889833374.72,2009-12-01
1109.03,1115.58,1105.29,1109.24,3941339904.0,4371891875112.96,2009-12-02
1110.59,1117.28,1098.74,1099.92,4810030080.0,5290648285593.601,2009-12-03
1100.4301,1119.13,1096.52,1105.98,5781139968.0,6393825181808.64,2009-12-04
1105.52,1110.72,1100.83,1103.25,4103360000.0,4527031920000.0,2009-12-07
1103.04,1103.04,1088.61,1091.9399,4748029952.0,5184563350983.885,2009-12-08
1091.0699,1097.04,1085.89,1095.95,4115409920.0,4510283501824.0,2009-12-09
1098.6899,1106.25,1098.6899,1102.35,3996489984.0,4405530733862.399,2009-12-10
1103.96,1108.5,1101.34,1106.41,3791089920.0,4194499798387.2,2009-12-11
1107.84,1114.76,1107.84,1114.11,4548490240.0,5067518461286.399,2009-12-14
1114.11,1114.11,1105.35,1107.9301,5045100032.0,5589618182963.764,2009-12-15
1108.61,1116.21,1107.96,1109.1801,4829819904.0,5357140124100.711,2009-12-16
1106.36,1106.36,1095.88,1096.08,7615070208.0,8346726153584.64,2009-12-17
1097.86,1103.74,1093.88,1102.47,6325890048.0,6974104001218.561,2009-12-18
1105.3101,1117.6801,1105.3101,1114.05,3977339904.0,4430955520051.2,2009-12-21
1114.51,1120.27,1114.51,1118.02,3641129984.0,4070856144711.68,2009-12-22
1118.84,1121.58,1116.0,1120.59,3166870016.0,3548762871229.44,2009-12-23
1121.08,1126.48,1121.08,1126.48,1267709952.0,1428049906728.96,2009-12-24
1127.53,1130.38,1123.51,1127.78,2716400128.0,3063501736355.84,2009-12-28
1128.55,1130.38,1126.08,1126.2,2491020032.0,2805386760038.4,2009-12-29
1125.53,1126.42,1121.9399,1126.42,2277299968.0,2565196229954.56,2009-12-30
1126.6,1127.64,1114.8101,1115.1,2076989952.0,2316051495475.1997,2009-12-31
1116.5601,1133.87,1116.5601,1132.99,3991399936.0,4522216213488.64,2010-01-04
1132.66,1136.63,1129.66,1136.52,2491020032.0,2831094086768.64,2010-01-05
1135.71,1139.1899,1133.95,1137.14,4972660224.0,5654610847119.36,2010-01-06
1136.27,1142.46,1131.3199,1141.6899,5270680064.0,6017482195200.154,2010-01-07
1140.52,1145.39,1136.22,1144.98,4389590016.0,5025992776519.68,2010-01-08
1145.96,1149.74,1142.02,1146.98,4255780096.0,4881294654510.08,2010-01-11
1143.8101,1143.8101,1131.77,1136.22,4716160000.0,5358595315200.0,2010-01-12
1137.3101,1148.4,1133.1801,1145.6801,4170360064.0,4777898535159.526,2010-01-13
1145.6801,1150.41,1143.8,1148.46,3915200000.0,4496450592000.0,2010-01-14
1147.72,1147.77,1131.39,1136.03,4758730240.0,5406060314547.2,2010-01-15
1136.03,1150.45,1135.77,1150.23,4724830208.0,5434641450147.84,2010-01-19
1147.95,1147.95,1129.25,1138.04,4810560000.0,5474609702400.0,2010-01-20
1138.6801,1141.58,1114.84,1116.48,6874289664.0,7675006924062.72,2010-01-21
1115.49,1115.49,1090.1801,1091.76,6208650240.0,6778355986022.4,2010-01-22
1092.4,1102.97,1092.4,1096.78,4481390080.0,4915099011942.399,2010-01-25
1095.8,1103.6899,1089.86,1092.17,4731910144.0,5168050301972.48,2010-01-26
1091.9399,1099.51,1083.11,1097.5,5319119872.0,5837734059520.0,2010-01-27
1096.9301,1100.22,1078.46,1084.53,5452400128.0,5913291510819.84,2010-01-28
1087.61,1096.45,1071.59,1073.87,5412850176.0,5812697418501.119,2010-01-29
1073.89,1089.38,1073.89,1089.1899,4077609984.0,4441291610711.962,2010-02-01
1090.05,1104.73,1087.96,1103.3199,4749539840.0,5240261821314.815,2010-02-02
1100.67,1102.72,1093.97,1097.28,4285449984.0,4702338558443.52,2010-02-03
1097.25,1097.25,1062.78,1063.11,5859689984.0,6229495018890.239,2010-02-04
1064.12,1067.13,1044.5,1066.1899,6438900224.0,6865090385936.538,2010-02-05
1065.51,1071.2,1056.51,1056.74,4089819904.0,4321876285352.96,2010-02-08
1060.0601,1079.28,1060.0601,1070.52,5114259968.0,5474917580943.36,2010-02-09
1069.6801,1073.67,1059.34,1068.13,4251450112.0,4541101408130.561,2010-02-10
1067.1,1080.04,1060.59,1078.47,4400869888.0,4746206148111.36,2010-02-11
1075.95,1077.8101,1062.97,1075.51,4160679936.0,4474852877967.36,2010-02-12
1079.13,1095.67,1079.13,1094.87,4080770048.0,4467912702453.76,2010-02-16
1096.14,1101.03,1094.72,1099.51,4259229952.0,4683065924523.52,2010-02-17
1099.03,1108.24,1097.48,1106.75,3878619904.0,4292662578752.0,2010-02-18
1105.49,1112.42,1100.8,1109.17,3944280064.0,4374877118586.8804,2010-02-19
1110.0,1112.29,1105.38,1108.01,3814439936.0,4226437593487.36,2010-02-22
1107.49,1108.58,1092.1801,1094.6,4521050112.0,4948741452595.199,2010-02-23
1095.89,1106.42,1095.5,1105.24,4168359936.0,4607038135664.64,2010-02-24
1101.24,1103.5,1086.02,1102.9399,4521129984.0,4986534652439.962,2010-02-25
1103.1,1107.24,1097.5601,1104.49,3945189888.0,4357422779397.12,2010-02-26
1105.36,1116.11,1105.36,1115.71,3847640064.0,4292850495805.44,2010-03-01
1117.01,1123.46,1116.51,1118.3101,4134680064.0,4623854475839.846,2010-03-02
1119.36,1125.64,1116.58,1118.79,3951320064.0,4420697374402.56,2010-03-03
1119.12,1123.73,1116.66,1122.97,3945009920.0,4430127789862.4,2010-03-04
1125.12,1139.38,1125.12,1138.7,4132999936.0,4706247027123.2,2010-03-05
1138.4,1141.05,1136.77,1138.5,3774680064.0,4297473252864.0,2010-03-08
1137.5601,1145.37,1134.9,1140.45,5185569792.0,5913883069286.4,2010-03-09
1140.22,1148.26,1140.09,1145.61,5469120000.0,6265478563199.999,2010-03-10
1143.96,1150.24,1138.99,1150.24,4669060096.0,5370539684823.04,2010-03-11
1151.71,1153.41,1146.97,1149.99,4928159744.0,5667334424002.56,2010-03-12
1148.53,1150.98,1141.45,1150.51,4164110080.0,4790850288140.8,2010-03-15
1150.83,1160.28,1150.35,1159.46,4369769984.0,5066573505648.641,2010-03-16
1159.9399,1169.84,1159.9399,1166.21,4963200000.0,5788133472000.0,2010-03-17
1166.13,1167.77,1161.16,1165.83,4234510080.0,4936718886566.399,2010-03-18
1166.6801,1169.2,1155.33,1159.9,5212409856.0,6045874191974.4,2010-03-19
1157.25,1167.8199,1152.88,1165.8101,4261680128.0,4968309736191.692,2010-03-22
1166.47,1174.72,1163.83,1174.17,4411639808.0,5180015113359.36,2010-03-23
1172.7,1173.04,1166.01,1167.72,4705750016.0,5494998408683.5205,2010-03-24
1170.03,1180.6899,1165.09,1165.73,5668899840.0,6608406610483.2,2010-03-25
1167.58,1173.9301,1161.48,1166.59,4708420096.0,5492795799792.64,2010-03-26
1167.71,1174.85,1167.71,1173.22,4375580160.0,5133518155315.2,2010-03-29
1173.75,1177.83,1168.92,1173.27,4084999936.0,4792807874910.72,2010-03-30
1171.75,1174.5601,1165.77,1169.4301,4484340224.0,5244122436586.343,2010-03-31
1171.23,1181.4301,1170.6899,1178.1,4006870016.0,4720493565849.6,2010-04-01
1178.71,1187.73,1178.71,1187.4399,3881619968.0,4609190426639.924,2010-04-05
1186.01,1191.8,1182.77,1189.4399,4086180096.0,4860265644768.23,2010-04-06
1188.23,1189.6,1177.25,1182.45,5101429760.0,6032185619712.0,2010-04-07
1181.75,1188.55,1175.12,1186.4399,4726969856.0,5608265643255.654,2010-04-08
1187.47,1194.66,1187.15,1194.37,4511569920.0,5388483765350.399,2010-04-09
1194.9399,1199.2,1194.71,1196.48,4607090176.0,5512291253780.48,2010-04-12
1195.9399,1199.04,1188.8199,1197.3,5403579904.0,6469706219059.2,2010-04-13
1198.6899,1210.65,1198.6899,1210.65,5760039936.0,6973392348518.4,2010-04-14
1210.77,1213.92,1208.5,1211.67,5995330048.0,7264361559260.16,2010-04-15
1210.17,1210.17,1186.77,1192.13,8108470272.0,9666350665359.361,2010-04-16
1192.0601,1197.87,1183.6801,1197.52,6597740032.0,7900925643120.64,2010-04-19
1199.04,1208.58,1199.04,1207.17,5316590080.0,6418028046873.601,2010-04-20
1207.16,1210.99,1198.85,1205.9399,5724310016.0,6903173848264.039,2010-04-21
1202.52,1210.27,1190.1899,1208.67,6035780096.0,7295266328632.32,2010-04-22
1207.87,1217.28,1205.1,1217.28,5326060032.0,6483306355752.96,2010-04-23
1217.0699,1219.8,1211.0699,1212.05,5647759872.0,6845367352857.6,2010-04-26
1209.92,1211.38,1181.62,1183.71,7454539776.0,8824013278248.96,2010-04-27
1184.59,1195.05,1181.8101,1191.36,6342309888.0,7555974308167.68,2010-04-28
1193.3,1209.36,1193.3,1206.78,6059409920.0,7312374703257.6,2010-04-29
1206.77,1207.99,1186.3199,1186.6899,6048260096.0,7177409168496.23,2010-04-30
1188.58,1205.13,1188.58,1202.26,4938050048.0,5936820050708.4795,2010-05-03
1197.5,1197.5,1168.12,1173.6,6594719744.0,7739563091558.399,2010-05-04
1169.24,1175.95,1158.15,1165.87,6795939840.0,7923182381260.799,2010-05-05
1164.38,1167.58,1065.79,1128.15,10617809920.0,11978482261248.0,2010-05-06
1127.04,1135.13,1094.15,1110.88,9472910336.0,10523266634055.682,2010-05-07
1122.27,1163.85,1122.27,1159.73,6893700096.0,7994830812334.08,2010-05-10
1156.39,1170.48,1147.71,1155.79,5842549760.0,6752760587110.399,2010-05-11
1155.4301,1172.87,1155.4301,1171.67,5225460224.0,6122514980654.08,2010-05-12
1170.04,1173.5699,1156.14,1157.4399,4870640128.0,5637473222688.308,2010-05-13
1157.1899,1157.1899,1126.14,1135.6801,6126400000.0,6957630564640.0,2010-05-14
1136.52,1141.88,1114.96,1136.9399,5922919936.0,6734003999743.847,2010-05-17
1138.78,1148.66,1117.2,1120.8,6170840064.0,6916277543731.2,2010-05-18
1119.5699,1124.27,1100.66,1115.05,6765799936.0,7544205218636.8,2010-05-19
1107.34,1107.34,1071.58,1071.59,8328569856.0,8924812171991.04,2010-05-20
1067.26,1090.16,1055.9,1087.6899,5452129792.0,5930226508247.501,2010-05-21
1084.78,1089.95,1072.7,1073.65,5224039936.0,5608790477286.4,2010-05-24
1067.42,1074.75,1040.78,1074.03,7329580032.0,7872188841768.96,2010-05-25
1075.51,1090.75,1065.59,1067.95,4521050112.0,4828255467110.4,2010-05-26
1074.27,1103.52,1074.27,1103.0601,5698460160.0,6285744033935.615,2010-05-27
1102.59,1102.59,1084.78,1089.41,4871209984.0,5306744868669.44,2010-05-28
1087.3,1094.77,1069.89,1070.71,5271479808.0,5644226145223.681,2010-06-01
1073.01,1098.5601,1072.03,1098.38,5026359808.0,5520853085911.041,2010-06-02
1098.8199,1105.67,1091.8101,1102.83,4995970048.0,5509705648035.84,2010-06-03
1098.4301,1098.4301,1060.5,1064.88,6180579840.0,6581575860019.2,2010-06-04
1065.84,1071.36,1049.86,1050.47,5467559936.0,5743507685969.92,2010-06-07
1050.8101,1063.15,1042.17,1062.0,6192750080.0,6576700584960.0,2010-06-08
1062.75,1077.74,1052.25,1055.6899,5983200256.0,6316404079936.615,2010-06-09
1058.77,1087.85,1058.77,1086.84,5144779776.0,5591552451747.84,2010-06-10
1082.65,1092.25,1077.12,1091.6,4059279872.0,4431109908275.199,2010-06-11
1095.0,1105.91,1089.03,1089.63,4425829888.0,4822517020861.44,2010-06-14
1091.21,1115.59,1091.21,1115.23,4644490240.0,5179674850355.2,2010-06-15
1114.02,1118.74,1107.13,1114.61,5002599936.0,5575947914664.96,2010-06-16
1115.98,1117.72,1105.87,1116.04,4557760000.0,5086642470400.0,2010-06-17
1116.16,1121.01,1113.9301,1117.51,4555360256.0,5090660639682.56,2010-06-18
1122.79,1131.23,1108.24,1113.2,4514359808.0,5025385338265.601,2010-06-21
1113.9,1118.5,1094.1801,1095.3101,4514379776.0,4944645763888.537,2010-06-22
1095.5699,1099.64,1085.3101,1092.04,4526150144.0,4942737003253.76,2010-06-23
1090.9301,1090.9301,1071.6,1073.6899,4814830080.0,5169634427112.192,2010-06-24
1075.1,1083.5601,1067.89,1076.76,5128840192.0,5522529965137.92,2010-06-25
1077.5,1082.6,1071.45,1074.5699,3896410112.0,4186965024410.8286,2010-06-28
1071.1,1071.1,1035.1801,1041.24,6136699904.0,6389777408040.96,2010-06-29
1040.5601,1048.08,1028.33,1030.71,5067080192.0,5222690224696.32,2010-06-30
1031.1,1033.58,1010.91,1027.37,6435769856.0,6611916876958.72,2010-07-01
1027.65,1032.95,1015.93,1022.58,3968499968.0,4058108697277.44,2010-07-02
1028.09,1042.5,1018.35,1028.0601,4691239936.0,4822876597728.153,2010-07-06
1028.54,1060.89,1028.54,1060.27,4931219968.0,5228424595471.36,2010-07-07
1062.92,1071.25,1058.24,1070.25,4548460032.0,4867989349248.0,2010-07-08
1070.5,1078.16,1068.1,1077.96,3506569984.0,3779942179952.64,2010-07-09
1077.23,1080.78,1070.45,1078.75,3426990080.0,3696865548800.0,2010-07-12
1080.65,1099.46,1080.65,1095.34,4640459776.0,5082881211043.84,2010-07-13
1095.61,1099.08,1087.6801,1095.17,4521050112.0,4951318451159.04,2010-07-14
1094.46,1098.66,1080.53,1096.48,4552470016.0,4991692323143.68,2010-07-15
1093.85,1093.85,1063.3199,1064.88,5297350144.0,5641042221342.721,2010-07-16
1066.85,1074.7,1061.11,1071.25,4089499904.0,4380876772160.0,2010-07-19
1064.53,1083.9399,1056.88,1083.48,4713280000.0,5106744614400.0,2010-07-20
1086.67,1088.96,1065.25,1069.59,4747180032.0,5077536290426.88,2010-07-21
1072.14,1097.5,1072.14,1093.67,4826899968.0,5279035688002.561,2010-07-22
1092.17,1103.73,1087.88,1102.66,4524570112.0,4989062479697.92,2010-07-23
1102.89,1115.01,1101.3,1115.01,4009649920.0,4470799757299.2,2010-07-26
1117.36,1120.95,1109.78,1113.84,4725689856.0,5263662389207.04,2010-07-27
1112.84,1114.66,1103.11,1106.13,4002390016.0,4427163668398.08,2010-07-28
1108.0699,1115.9,1092.8199,1101.53,4612420096.0,5080719108346.88,2010-07-29
1098.4399,1106.4399,1088.01,1101.6,4006449920.0,4413505231872.0,2010-07-30
1107.53,1127.3,1107.53,1125.86,4144179968.0,4665766458772.4795,2010-08-02
1125.34,1125.4399,1116.76,1120.46,4071820032.0,4562311473054.72,2010-08-03
1121.0601,1128.75,1119.46,1127.24,4057850112.0,4574170960250.88,2010-08-04
1125.78,1126.5601,1118.8101,1125.8101,3685560064.0,4149240744207.846,2010-08-05
1122.0699,1123.0601,1107.17,1121.64,3857890048.0,4327163793438.72,2010-08-06
1122.8,1129.24,1120.91,1127.79,3191630080.0,3599488487923.1997,2010-08-09
1122.92,1127.16,1111.58,1121.0601,3979360000.0,4461101719536.0,2010-08-10
1116.89,1116.89,1088.55,1089.47,4511860224.0,4915536358241.28,2010-08-11
1081.48,1086.72,1076.6899,1083.61,4521050112.0,4899055111864.319,2010-08-12
1082.22,1086.25,1079.0,1079.25,3328890112.0,3592704653376.0,2010-08-13
1077.49,1082.62,1069.49,1079.38,3142449920.0,3391897594649.6006,2010-08-16
1081.16,1100.14,1081.16,1092.54,3968209920.0,4335428065996.8,2010-08-17
1092.08,1099.77,1085.76,1094.16,3724260096.0,4074936426639.3604,2010-08-18
1092.4399,1092.4399,1070.66,1075.63,4290540032.0,4615033574620.16,2010-08-19
1075.63,1075.63,1063.91,1071.6899,3761570048.0,4031236628584.1157,2010-08-20
1073.36,1081.58,1067.08,1067.36,3210949888.0,3427239472455.6797,2010-08-23
1063.2,1063.2,1046.6801,1051.87,4436329984.0,4666442420270.079,2010-08-24
1048.98,1059.38,1039.83,1055.33,4360189952.0,4601439262044.16,2010-08-25
1056.28,1061.45,1045.4,1047.22,3646710016.0,3818907662955.52,2010-08-26
1049.27,1065.21,1039.7,1064.59,4102459904.0,4367437789199.36,2010-08-27
1062.9,1064.4,1048.79,1048.92,2917989888.0,3060737953320.9604,2010-08-30
1046.88,1055.14,1040.88,1049.33,4038769920.0,4238002440153.5996,2010-08-31
1049.72,1081.3,1049.72,1080.29,4396879872.0,4749905356922.88,2010-09-01
1080.66,1090.1,1080.39,1090.1,3704209920.0,4037959233791.9995,2010-09-02
1093.61,1105.1,1093.61,1104.51,3534500096.0,3903890701032.96,2010-09-03
1102.6,1102.6,1091.15,1091.84,3107379968.0,3392761744261.1196,2010-09-07
1092.36,1103.26,1092.36,1098.87,3224640000.0,3543460156799.9995,2010-09-08
1101.15,1110.27,1101.15,1104.1801,3387770112.0,3740708341045.1714,2010-09-09
1104.5699,1110.88,1103.92,1109.55,3061159936.0,3396510006988.8,2010-09-10
1113.38,1123.87,1113.38,1121.9,4521050112.0,5072166120652.801,2010-09-13
1121.16,1127.36,1115.58,1121.1,4521050112.0,5068549280563.199,2010-09-14
1119.4301,1126.46,1114.63,1125.0699,3369840128.0,3791305695824.9473,2010-09-15
1123.89,1125.4399,1118.88,1124.66,3364080128.0,3783446356756.4805,2010-09-16
1126.39,1131.47,1122.4301,1125.59,4086139904.0,4599318214543.359,2010-09-17
1126.5699,1144.86,1126.5699,1142.71,3364080128.0,3844168003066.88,2010-09-20
1142.8199,1148.59,1136.22,1139.78,4175660032.0,4759333791272.96,2010-09-21
1139.49,1144.38,1131.58,1134.28,3911069952.0,4436248425154.56,2010-09-22
1131.1,1136.77,1122.79,1124.83,3847849984.0,4328177097502.7197,2010-09-23
1131.6899,1148.9,1131.6899,1148.67,4123950080.0,4737057738393.601,2010-09-24
1148.64,1149.92,1142.0,1142.16,3587859968.0,4097910141050.8804,2010-09-27
1142.3101,1150.0,1132.09,1147.7,4025840128.0,4620456714905.601,2010-09-28
1146.75,1148.63,1140.26,1144.73,3990279936.0,4567793151137.28,2010-09-29
1145.97,1157.16,1136.08,1141.2,4284160000.0,4889083392000.0,2010-09-30
1143.49,1150.3,1139.42,1146.24,4298910208.0,4927582836817.92,2010-10-01
1144.96,1148.16,1131.87,1137.03,3604110080.0,4097981284262.4,2010-10-04
1140.6801,1162.76,1140.6801,1160.75,4068839936.0,4722905955712.0,2010-10-05
1159.8101,1162.33,1154.85,1159.97,4073159936.0,4724743330961.92,2010-10-06
1161.5699,1163.87,1151.41,1158.0601,3910550016.0,4528651942583.961,2010-10-07
1158.36,1167.73,1155.58,1165.15,3871419904.0,4510784901145.601,2010-10-08
1165.3199,1168.6801,1162.02,1165.3199,2505900032.0,2920175174700.237,2010-10-11
1164.28,1172.58,1155.71,1169.77,4076169984.0,4768181362183.68,2010-10-12
1171.3199,1184.38,1171.3199,1178.1,4969410048.0,5854461977548.8,2010-10-13
1177.8199,1178.89,1166.71,1173.8101,4969410048.0,5833143705383.885,2010-10-14
1177.47,1181.2,1167.12,1176.1899,5724910080.0,6733581414504.192,2010-10-15
1176.83,1185.53,1174.55,1184.71,4450050048.0,5272018792366.08,2010-10-18
1178.64,1178.64,1159.71,1165.9,5600119808.0,6529179684147.2,2010-10-19
1166.74,1182.9399,1166.74,1178.17,5027879936.0,5923697304197.12,2010-10-20
1179.8199,1189.4301,1171.17,1180.26,4625469952.0,5459257165547.52,2010-10-21
1180.52,1183.9301,1178.99,1183.08,3177890048.0,3759698157987.84,2010-10-22
1184.74,1196.14,1184.74,1185.62,4221380096.0,5004952669419.52,2010-10-25
1184.88,1187.11,1177.72,1185.64,4203680000.0,4984051155200.0,2010-10-26
1183.84,1183.84,1171.7,1182.45,4335669760.0,5126712707712.0,2010-10-27
1184.47,1189.53,1177.1,1183.78,4283460096.0,5070674392442.88,2010-10-28
1183.87,1185.46,1179.7,1183.26,3537880064.0,4186231964528.64,2010-10-29
1185.71,1195.8101,1177.65,1184.38,4129179904.0,4890518094699.5205,2010-11-01
1187.86,1195.88,1187.86,1193.5699,3866200064.0,4614580023768.474,2010-11-02
1193.79,1198.3,1183.5601,1197.96,4665480192.0,5589058650808.32,2010-11-03
1198.34,1221.25,1198.34,1221.0601,5695470080.0,6954511265431.808,2010-11-04
1221.2,1227.08,1220.29,1225.85,5637459968.0,6910680301772.8,2010-11-05
1223.24,1224.5699,1217.55,1223.25,3937230080.0,4816216695360.0,2010-11-08
1223.59,1226.84,1208.9399,1213.4,4848039936.0,5882611658342.4,2010-11-09
1213.14,1218.75,1204.33,1218.71,4561299968.0,5558901884001.28,2010-11-10
1213.04,1215.45,1204.49,1213.54,3931120128.0,4770571520133.12,2010-11-11
1209.0699,1210.5,1194.08,1199.21,4213619968.0,5053015201825.28,2010-11-12
1200.4399,1207.4301,1197.15,1197.75,3503369984.0,4196161398336.0,2010-11-15
1194.79,1194.79,1173.0,1178.34,5116380160.0,6028835397734.399,2010-11-16
1178.33,1183.5601,1175.8199,1178.59,3904780032.0,4602134697914.88,2010-11-17
1183.75,1200.29,1183.75,1196.6899,4687260160.0,5609196892144.385,2010-11-18
1196.12,1199.97,1189.4399,1199.73,3675389952.0,4409475587112.96,2010-11-19
1198.0699,1198.9399,1184.58,1197.84,3689499904.0,4419430565007.359,2010-11-22
1192.51,1192.51,1176.91,1180.73,4133070080.0,4880039835558.4,2010-11-23
1183.7,1198.62,1183.7,1198.35,3384250112.0,4055516121715.1997,2010-11-24
1194.16,1194.16,1186.9301,1189.4,1613820032.0,1919477546060.8,2010-11-26
1189.08,1190.34,1173.64,1187.76,3673449984.0,4363176952995.84,2010-11-29
1182.96,1187.4,1174.14,1180.55,4284699904.0,5058302471667.2,2010-11-30
1186.6,1207.61,1186.6,1206.0699,4548109824.0,5485338360620.697,2010-12-01
1206.8101,1221.89,1206.8101,1221.53,4970800128.0,6071981480355.84,2010-12-02
1219.9301,1225.5699,1216.8199,1224.71,3735780096.0,4575247241372.16,2010-12-03
1223.87,1225.8,1220.67,1223.12,3527369984.0,4314396774830.0796,2010-12-06
1227.25,1235.05,1223.25,1223.75,6970630144.0,8530308638720.0,2010-12-07
1225.02,1228.9301,1219.5,1228.28,4607589888.0,5659410507632.64,2010-12-08
1230.14,1234.71,1226.85,1233.0,4522509824.0,5576254612992.0,2010-12-09
1233.85,1240.4,1232.58,1240.4,4547310080.0,5640483423232.0,2010-12-10
1242.52,1246.73,1240.34,1240.46,4361240064.0,5409943849789.44,2010-12-13
1241.84,1246.59,1238.17,1241.59,4132349952.0,5130684376903.68,2010-12-14
1241.58,1244.25,1234.01,1235.23,4407340032.0,5444078627727.36,2010-12-15
1236.34,1243.75,1232.85,1242.87,4736820224.0,5887251751802.88,2010-12-16
1243.63,1245.8101,1239.87,1243.91,4632470016.0,5762375777602.561,2010-12-17
1245.76,1250.2,1241.51,1247.08,3548140032.0,4424814471106.56,2010-12-20
1249.4301,1255.8199,1249.4301,1254.6,3479670016.0,4365594002073.5996,2010-12-21
1254.9399,1259.39,1254.9399,1258.84,1285590016.0,1618352135741.44,2010-12-22
1257.53,1258.59,1254.05,1256.77,2515020032.0,3160801725616.64,2010-12-23
1254.66,1258.4301,1251.48,1257.54,1992470016.0,2505610743920.64,2010-12-27
1259.1,1259.9,1256.22,1258.51,2478449920.0,3119154008819.2,2010-12-28
1258.78,1262.6,1258.78,1259.78,2214380032.0,2789631676712.96,2010-12-29
1259.4399,1261.09,1256.3199,1257.88,1970720000.0,2478929273600.0,2010-12-30
1256.76,1259.34,1254.1899,1257.64,1799769984.0,2263462722677.7603,2010-12-31
1257.62,1276.17,1257.62,1271.87,4286670080.0,5452087074649.6,2011-01-03
1272.95,1274.12,1262.66,1270.2,4796420096.0,6092412805939.2,2011-01-04
1268.78,1277.63,1265.36,1276.5601,4764919808.0,6082706506592.46,2011-01-05
1276.29,1278.17,1270.4301,1273.85,4844100096.0,6170656907289.6,2011-01-06
1274.41,1276.83,1261.7,1271.5,4963109888.0,6310594222592.0,2011-01-07
1270.84,1271.52,1262.1801,1269.75,4036450048.0,5125282448448.0,2011-01-10
1272.58,1277.25,1269.62,1274.48,4050749952.0,5162599798824.96,2011-01-11
1275.65,1286.87,1275.65,1285.96,4226939904.0,5435675638947.84,2011-01-12
1285.78,1286.7,1280.47,1283.76,4310839808.0,5534083711918.08,2011-01-13
1282.9,1293.24,1281.24,1293.24,4661590016.0,6028554672291.84,2011-01-14
1293.22,1296.0601,1290.16,1295.02,5284989952.0,6844167687639.04,2011-01-18
1294.52,1294.6,1278.92,1281.92,4743710208.0,6081056989839.36,2011-01-19
1280.85,1283.35,1271.26,1280.26,4935320064.0,6318492865136.64,2011-01-20
1283.63,1291.21,1282.0699,1283.35,4935320064.0,6333743004134.399,2011-01-21
1283.29,1291.9301,1282.47,1290.84,3902469888.0,5037464230225.92,2011-01-24
1288.17,1291.26,1281.0699,1291.1801,4595380224.0,5933463497162.343,2011-01-25
1291.97,1299.74,1291.97,1296.63,4730979840.0,6134330389939.2,2011-01-26
1297.51,1301.29,1294.41,1299.54,4309190144.0,5599964959733.76,2011-01-27
1299.63,1302.67,1275.1,1276.34,5618630144.0,7171282397992.96,2011-01-28
1276.5,1287.17,1276.5,1286.12,4167160064.0,5359467901511.68,2011-01-31
1289.14,1308.86,1289.14,1307.59,5164499968.0,6753048513157.119,2011-02-01
1305.91,1307.61,1302.62,1304.03,4098259968.0,5344253946071.04,2011-02-02
1302.77,1308.6,1294.83,1307.1,4370990080.0,5713321133568.0,2011-02-03
1307.01,1311.0,1301.67,1310.87,3925949952.0,5146410013578.239,2011-02-04
1311.85,1322.85,1311.85,1319.05,3902269952.0,5147289180185.6,2011-02-07
1318.76,1324.87,1316.03,1324.5699,3881530112.0,5141357952298.829,2011-02-08
1322.48,1324.54,1314.89,1320.88,3922240000.0,5180808371200.0,2011-02-09
1318.13,1322.78,1311.74,1321.87,4184610048.0,5531510484149.76,2011-02-10
1318.66,1330.79,1316.08,1329.15,4219300096.0,5608082722598.4,2011-02-11
1328.73,1332.96,1326.9,1332.3199,3567040000.0,4752438376096.0,2011-02-14
1330.4301,1330.4301,1324.61,1328.01,3926860032.0,5214909391096.32,2011-02-15
1329.51,1337.61,1329.51,1336.3199,1966450048.0,2627806331498.355,2011-02-16
1334.37,1341.5,1331.0,1340.4301,1966450048.0,2635888834485.645,2011-02-17
1340.38,1344.0699,1338.12,1343.01,1966450048.0,2640962078964.48,2011-02-18
1338.91,1338.91,1312.33,1315.4399,1322780032.0,1740037633016.077,2011-02-22
1315.4399,1317.91,1299.55,1307.4,1330339968.0,1739286474163.2002,2011-02-23
1307.09,1310.91,1294.26,1306.1,1222899968.0,1597229648204.7998,2011-02-24
1307.34,1320.61,1307.34,1319.88,3836029952.0,5063099213045.761,2011-02-25
1321.61,1329.38,1320.55,1327.22,1252850048.0,1662807640706.56,2011-02-28
1328.64,1332.09,1306.14,1306.33,1180419968.0,1542018016797.44,2011-03-01
1305.47,1314.1899,1302.58,1308.4399,1025000000.0,1341150897500.0,2011-03-02
1312.37,1332.28,1312.37,1330.97,4340469760.0,5777035036467.2,2011-03-03
1330.73,1331.08,1312.59,1321.15,4223739904.0,5580193974169.601,2011-03-04
1322.72,1327.6801,1303.99,1310.13,3964730112.0,5194311861634.561,2011-03-07
1311.05,1325.74,1306.86,1321.8199,4531420160.0,5989721342749.184,2011-03-08
1319.92,1323.21,1312.27,1320.02,3709519872.0,4896640421437.439,2011-03-09
1315.72,1315.72,1294.21,1295.11,4723019776.0,6116830142095.359,2011-03-10
1293.4301,1308.35,1291.99,1304.28,3740400128.0,4878529078947.84,2011-03-11
1301.1899,1301.1899,1286.37,1296.39,4050370048.0,5250859226526.721,2011-03-14
1288.46,1288.46,1261.12,1281.87,5201399808.0,6667518371880.959,2011-03-15
1279.46,1280.91,1249.05,1256.88,5832999936.0,7331380959559.681,2011-03-16
1261.61,1278.88,1261.61,1273.72,4134949888.0,5266768371343.36,2011-03-17
1276.71,1288.88,1276.1801,1279.21,4685499904.0,5993738332195.84,2011-03-18
1281.65,1300.58,1281.65,1298.38,4223729920.0,5484006453529.601,2011-03-21
1298.29,1299.35,1292.7,1293.77,3576549888.0,4627232948597.76,2011-03-22
1292.1899,1300.51,1284.05,1297.54,3842350080.0,4985602922803.2,2011-03-23
1300.61,1311.34,1297.74,1309.66,4223739904.0,5531663202672.641,2011-03-24
1311.8,1319.1801,1310.15,1313.8,4223739904.0,5549149485875.2,2011-03-25
1315.45,1319.74,1310.1899,1310.1899,2465819904.0,3230692333439.77,2011-03-28
1309.37,1319.45,1305.26,1319.4399,3482579968.0,4595054964719.924,2011-03-29
1321.89,1331.74,1321.89,1328.26,3809570048.0,5060099511956.4795,2011-03-30
1327.4399,1329.77,1325.03,1325.83,3566269952.0,4728267690460.16,2011-03-31
1329.48,1337.85,1328.89,1332.41,4223739904.0,5627753285488.641,2011-04-01
1333.5601,1336.74,1329.1,1332.87,4223739904.0,5629696205844.4795,2011-04-04
1332.03,1338.21,1330.03,1332.63,3852280064.0,5133663981688.32,2011-04-05
1335.9399,1339.38,1331.09,1335.54,4223739904.0,5640973591388.16,2011-04-06
1334.8199,1338.8,1326.5601,1333.51,4005600000.0,5341507656000.0,2011-04-07
1336.16,1339.46,1322.9399,1328.17,3582810112.0,4758580906455.04,2011-04-08
1329.01,1333.77,1321.0601,1324.46,3478970112.0,4607756754539.5205,2011-04-11
1321.96,1321.96,1309.51,1314.16,4275490048.0,5618678001479.681,2011-04-12
1314.03,1321.35,1309.1899,1314.41,3850860032.0,5061608934661.12,2011-04-13
1311.13,1316.79,1302.42,1314.52,3872630016.0,5090649608632.32,2011-04-14
1314.54,1322.88,1313.6801,1319.6801,4223739904.0,5573985498884.711,2011-04-15
1313.35,1313.35,1294.7,1305.14,4223739904.0,5512571898306.561,2011-04-18
1305.99,1312.7,1303.97,1312.62,3886299904.0,5101234979988.4795,2011-04-19
1319.12,1332.66,1319.12,1330.36,4236280064.0,5635777545943.04,2011-04-20
1333.23,1337.49,1332.83,1337.38,3587239936.0,4797502945607.681,2011-04-21
1337.14,1337.55,1331.47,1335.25,2142130048.0,2860279146592.0,2011-04-25
1336.75,1349.55,1336.75,1347.24,3908059904.0,5265094625064.96,2011-04-26
1348.4301,1357.49,1344.25,1355.66,4051569920.0,5492551277747.2,2011-04-27
1353.86,1361.71,1353.6,1360.48,4036819968.0,5492012830064.64,2011-04-28
1360.14,1364.5601,1358.6899,1363.61,3479069952.0,4744094577246.72,2011-04-29
1365.21,1370.58,1358.59,1361.22,3846249984.0,5235592403220.48,2011-05-02
1359.76,1360.84,1349.52,1356.62,4223739904.0,5730010028564.4795,2011-05-03
1355.9,1355.9,1341.5,1347.3199,4223739904.0,5690728825083.289,2011-05-04
1344.16,1348.0,1329.17,1335.1,3846249984.0,5135128353638.399,2011-05-05
1340.24,1354.36,1335.58,1340.2,4223739904.0,5660656219340.8,2011-05-06
1340.2,1349.4399,1338.64,1346.29,4265250048.0,5742263487121.92,2011-05-09
1348.34,1359.4399,1348.34,1357.16,4223739904.0,5732290848112.641,2011-05-10
1354.51,1354.51,1336.36,1342.08,3846249984.0,5161975178526.72,2011-05-11
1339.39,1351.05,1332.03,1348.65,3777210112.0,5094134417548.801,2011-05-12
1348.6899,1350.47,1333.36,1337.77,3426660096.0,4584083076625.92,2011-05-13
1334.77,1343.33,1327.3199,1329.47,3846249984.0,5113473966228.48,2011-05-16
1326.1,1330.42,1318.51,1328.98,4053969920.0,5387644944281.6,2011-05-17
1328.54,1341.8199,1326.59,1340.6801,3922030080.0,5258187679857.408,2011-05-18
1342.4,1346.8199,1336.36,1343.6,3626109952.0,4872041331507.199,2011-05-19
1342.0,1342.0,1330.67,1333.27,4066020096.0,5421102613393.92,2011-05-20
1333.0699,1333.0699,1312.88,1317.37,3255579904.0,4288803298132.4795,2011-05-23
1317.7,1323.72,1313.87,1316.28,3846249984.0,5062741928939.52,2011-05-24
1316.36,1325.86,1311.8,1320.47,4109669888.0,5426695797007.36,2011-05-25
1320.64,1328.51,1314.41,1325.6899,3259470080.0,4321046564408.1924,2011-05-26
1325.6899,1334.62,1325.6899,1331.1,3124559872.0,4159101645619.1997,2011-05-27
1331.1,1345.2,1331.1,1345.2,4696240128.0,6317382220185.601,2011-05-31
1345.2,1345.2,1313.71,1314.55,4241090048.0,5575124922598.399,2011-06-01
1314.55,1318.03,1305.61,1312.9399,3762170112.0,4939503250632.27,2011-06-02
1312.9399,1312.9399,1297.9,1300.16,3505029888.0,4557099659182.08,2011-06-03
1300.26,1300.26,1284.72,1286.17,3555980032.0,4573594837757.44,2011-06-06
1286.3101,1296.22,1284.74,1284.9399,3846249984.0,4942200069815.962,2011-06-07
1284.63,1287.04,1277.42,1279.5601,3970810112.0,5080890183991.73,2011-06-08
1279.63,1294.54,1279.63,1289.0,3332509952.0,4295605328128.0,2011-06-09
1288.6,1288.6,1268.28,1270.98,3846249984.0,4888506804664.32,2011-06-10
1271.3101,1277.04,1265.64,1271.83,4132519936.0,5255862830202.88,2011-06-13
1272.22,1292.5,1272.22,1287.87,3500280064.0,4507905686023.68,2011-06-14
1287.87,1287.87,1261.9,1265.42,4070500096.0,5150892231480.32,2011-06-15
1265.53,1274.11,1258.0699,1267.64,3846249984.0,4875660329717.761,2011-06-16
1268.58,1279.8199,1267.4,1271.5,4916460032.0,6251278930688.0,2011-06-17
1271.5,1280.42,1267.5601,1278.36,3464659968.0,4429082716692.4795,2011-06-20
1278.4,1297.62,1278.4,1295.52,4056150016.0,5254823468728.32,2011-06-21
1295.48,1298.61,1286.79,1287.14,3718419968.0,4786127077611.5205,2011-06-22
1286.6,1286.6,1262.87,1283.5,4983450112.0,6396258218752.0,2011-06-23
1283.04,1283.9301,1267.24,1268.45,3665339904.0,4649300401228.8,2011-06-24
1268.4399,1284.91,1267.53,1280.1,3479069952.0,4453557445555.199,2011-06-27
1280.21,1296.8,1280.21,1296.67,3681499904.0,4773690480519.681,2011-06-28
1296.85,1309.21,1296.85,1307.41,4347539968.0,5684017229562.88,2011-06-29
1307.64,1321.97,1307.64,1320.64,4200499968.0,5547348277739.5205,2011-06-30
1320.64,1341.01,1318.1801,1339.67,3796930048.0,5086633277404.16,2011-07-01
1339.59,1340.89,1334.3,1337.88,3722319872.0,4980017310351.36,2011-07-05
1337.5601,1340.9399,1330.92,1339.22,3564189952.0,4773234467517.44,2011-07-06
1339.62,1356.48,1339.62,1353.22,4069530112.0,5506969538160.64,2011-07-07
1352.39,1352.39,1333.71,1343.8,3594360064.0,4830101054003.2,2011-07-08
1343.3101,1343.3101,1316.42,1319.49,3879130112.0,5118473391482.88,2011-07-11
1319.61,1327.17,1313.33,1313.64,4227889920.0,5553925314508.801,2011-07-12
1314.45,1331.48,1314.45,1317.72,4060080128.0,5350048786268.16,2011-07-13
1317.74,1326.88,1306.51,1308.87,4358569984.0,5704801494958.079,2011-07-14
1308.87,1317.7,1307.52,1316.14,4242759936.0,5584066062167.04,2011-07-15
1315.9399,1315.9399,1295.92,1305.4399,4118159872.0,5376010211487.693,2011-07-18
1307.0699,1328.14,1307.0699,1326.73,4304600064.0,5711042042910.72,2011-07-19
1328.66,1330.4301,1323.65,1325.84,3767419904.0,4994996005519.359,2011-07-20
1325.65,1347.0,1325.65,1343.8,4837429760.0,6500538111488.0,2011-07-21
1343.8,1346.1,1336.95,1345.02,3522830080.0,4738276914201.6,2011-07-22
1344.3199,1344.3199,1331.09,1337.4301,4407649984.0,5894923758866.118,2011-07-25
1337.39,1338.51,1329.59,1331.9399,4007049984.0,5337149754983.962,2011-07-26
1331.91,1331.91,1303.49,1304.89,3479040000.0,4539764505600.0,2011-07-27
1304.84,1316.3199,1299.16,1300.67,4951799808.0,6440657456271.36,2011-07-28
1300.12,1304.16,1282.86,1292.28,5061190144.0,6540474799288.32,2011-07-29
1292.59,1307.38,1274.73,1286.9399,4967390208.0,6392732657544.5,2011-08-01
1286.5601,1286.5601,1254.03,1254.05,5206289920.0,6528947874176.0,2011-08-02
1254.25,1261.2,1234.5601,1260.34,6446940160.0,8125336561254.399,2011-08-03
1260.23,1260.23,1199.54,1200.0699,4266530048.0,5120134288050.355,2011-08-04
1200.28,1218.11,1168.09,1199.38,5454589952.0,6542126096629.761,2011-08-05
1198.48,1198.48,1119.28,1119.46,2615150080.0,2927555908556.8003,2011-08-08
1120.23,1172.88,1101.54,1172.53,2366660096.0,2774979962362.88,2011-08-09
1171.77,1171.77,1118.01,1120.76,5018070016.0,5624052151132.16,2011-08-10
1121.3,1186.29,1121.3,1172.64,3685050112.0,4321237163335.68,2011-08-11
1172.87,1189.04,1170.74,1178.8101,5640379904.0,6648936798672.2295,2011-08-12
1178.86,1204.49,1178.86,1204.49,4272849920.0,5146605000140.8,2011-08-15
1204.22,1204.22,1180.53,1192.76,5071600128.0,6049201768673.28,2011-08-16
1192.89,1208.47,1184.36,1193.89,4388340224.0,5239195510031.36,2011-08-17
1189.62,1189.62,1131.03,1140.65,3234810112.0,3689786154252.8003,2011-08-18
1140.47,1154.54,1122.05,1123.53,5167560192.0,5805908902517.76,2011-08-19
1123.55,1145.49,1121.09,1123.8199,5436259840.0,6109376989762.815,2011-08-22
1124.36,1162.35,1124.36,1162.35,5013170176.0,5827058354073.6,2011-08-23
1162.16,1178.5601,1156.3,1177.6,5315310080.0,6259309150208.0,2011-08-24
1176.6899,1190.6801,1155.47,1159.27,5748420096.0,6663970964689.92,2011-08-25
1158.85,1181.23,1135.91,1176.8,5035319808.0,5925564350054.399,2011-08-26
1177.91,1210.28,1177.91,1210.08,4228069888.0,5116302810071.04,2011-08-29
1209.76,1220.1,1195.77,1212.92,4572570112.0,5546161740247.04,2011-08-30
1213.0,1230.71,1209.35,1218.89,5267840000.0,6420917497600.001,2011-08-31
1219.12,1229.29,1203.85,1204.42,4780409856.0,5757621238763.5205,2011-09-01
1203.9,1203.9,1170.5601,1173.97,4401739776.0,5167510444830.72,2011-09-02
1173.97,1173.97,1140.13,1165.24,5103980032.0,5947361692487.68,2011-09-06
1165.85,1198.62,1165.85,1198.62,4441039872.0,5323119211376.64,2011-09-07
1197.98,1204.4,1183.34,1185.9,4465169920.0,5295245008128.0,2011-09-08
1185.37,1185.37,1148.37,1154.23,4586370048.0,5293725900503.04,2011-09-09
1153.5,1162.52,1136.0699,1162.27,5168549888.0,6007250478325.76,2011-09-12
1162.59,1176.41,1157.4399,1172.87,4681370112.0,5490638563261.439,2011-09-13
1173.3199,1202.38,1162.73,1188.6801,4986740224.0,5927638868138.343,2011-09-14
1189.4399,1209.11,1189.4399,1209.11,4479730176.0,5416486553103.359,2011-09-15
1209.21,1220.0601,1204.46,1216.01,5248889856.0,6382702553794.56,2011-09-16
1214.99,1214.99,1188.36,1204.09,4254190080.0,5122427733427.199,2011-09-19
1204.5,1220.39,1201.29,1202.09,4315610112.0,5187751759534.08,2011-09-20
1203.63,1206.3,1166.21,1166.76,4728549888.0,5517082867322.88,2011-09-21
1164.55,1164.55,1114.22,1129.5601,6703139840.0,7571599307984.384,2011-09-22
1128.8199,1141.72,1121.36,1136.4301,5639929856.0,6409386050247.065,2011-09-23
1136.91,1164.1899,1131.0699,1162.95,4762829824.0,5538932943820.8,2011-09-26
1163.3199,1195.86,1163.3199,1175.38,5548129792.0,6521160794920.961,2011-09-27
1175.39,1184.71,1150.4,1151.0601,4787919872.0,5511183526656.307,2011-09-28
1151.74,1175.87,1139.9301,1160.4,5285740032.0,6133572733132.801,2011-09-29
1159.9301,1159.9301,1131.34,1131.42,4416790016.0,4997244559902.721,2011-09-30
1131.21,1138.99,1098.92,1099.23,5670340096.0,6233007943726.08,2011-10-03
1097.42,1125.12,1074.77,1123.95,3714670080.0,4175103436416.0,2011-10-04
1124.03,1146.0699,1115.6801,1144.03,2510619904.0,2872224488773.12,2011-10-05
1144.11,1165.55,1134.95,1164.97,5098330112.0,5939401630576.641,2011-10-06
1165.03,1171.4,1150.26,1155.46,5580380160.0,6447906059673.601,2011-10-07
1158.15,1194.91,1158.15,1194.89,4446799872.0,5313436699054.08,2011-10-10
1194.6,1199.24,1187.3,1195.54,4424500224.0,5289666997800.96,2011-10-11
1196.1899,1220.25,1196.1899,1207.25,5355360256.0,6465258669056.0,2011-10-12
1206.96,1207.46,1190.58,1203.66,4436270080.0,5339760844492.801,2011-10-13
1205.65,1224.61,1205.65,1224.58,4116689920.0,5041216142233.6,2011-10-14
1224.47,1224.47,1198.55,1200.86,4300700160.0,5164538794137.6,2011-10-17
1200.75,1233.1,1191.48,1225.38,4840169984.0,5931047494993.921,2011-10-18
1223.46,1229.64,1206.3101,1209.88,4846389760.0,5863550042828.801,2011-10-19
1209.92,1219.53,1197.34,1215.39,4870289920.0,5919301665868.801,2011-10-20
1215.39,1239.03,1215.39,1238.25,4980769792.0,6167438194944.0,2011-10-21
1238.72,1256.55,1238.72,1254.1899,4309380096.0,5404780991664.23,2011-10-24
1254.1899,1254.1899,1226.79,1229.05,4473970176.0,5498733044812.8,2011-10-25
1229.17,1246.28,1221.0601,1242.0,4873529856.0,6052924081152.0,2011-10-26
1243.97,1292.66,1243.97,1284.59,6367609856.0,8179767944919.039,2011-10-27
1284.39,1287.08,1277.01,1285.09,4536690176.0,5830055178275.84,2011-10-28
1284.96,1284.96,1253.16,1253.3,4310210048.0,5401986253158.399,2011-10-31
1251.0,1251.0,1215.42,1218.28,5645539840.0,6877848276275.2,2011-11-01
1219.62,1242.48,1219.62,1237.9,4110530048.0,5088425146419.2,2011-11-02
1238.25,1263.21,1234.8101,1261.15,4849140224.0,6115493193497.601,2011-11-03
1260.8199,1260.8199,1238.92,1253.23,3830650112.0,4800685639861.76,2011-11-04
1253.21,1261.7,1240.75,1261.12,3429740032.0,4325313749155.84,2011-11-07
1261.12,1277.55,1254.99,1275.92,3908489984.0,4986920540385.28,2011-11-08
1275.1801,1275.1801,1226.64,1229.1,4659740160.0,5727286630656.0,2011-11-09
1229.59,1246.22,1227.7,1239.7,4002759936.0,4962221492659.2,2011-11-10
1240.12,1266.98,1240.12,1263.85,3329829888.0,4208405503948.8,2011-11-11
1263.85,1263.85,1246.6801,1251.78,3219680000.0,4030331030400.0,2011-11-14
1251.7,1264.25,1244.34,1257.8101,3599300096.0,4527236013679.77,2011-11-15
1257.8101,1259.61,1235.67,1236.91,4085009920.0,5052789620147.2,2011-11-16
1236.5601,1237.73,1209.4301,1216.13,4596449792.0,5589880485544.961,2011-11-17
1216.1899,1223.51,1211.36,1215.65,3827610112.0,4653034232652.801,2011-11-18
1215.62,1215.62,1183.16,1192.98,4050070016.0,4831652527687.68,2011-11-21
1192.98,1196.8101,1181.65,1188.04,3911709952.0,4647267891374.08,2011-11-22
1187.48,1187.48,1161.79,1161.79,3798939904.0,4413570391068.16,2011-11-23
1161.41,1172.66,1158.66,1158.67,1664199936.0,1928258539845.12,2011-11-25
1158.67,1197.35,1158.67,1192.55,3920750080.0,4675690507904.0,2011-11-28
1192.5601,1203.67,1191.8,1195.1899,3992649984.0,4771974935111.962,2011-11-29
1196.72,1247.11,1196.72,1246.96,5801909760.0,7234749394329.601,2011-11-30
1246.91,1251.09,1239.73,1244.58,3818680064.0,4752652834053.12,2011-12-01
1246.03,1260.08,1243.35,1244.28,4144310016.0,5156682066708.4795,2011-12-02
1244.33,1266.73,1244.33,1257.08,4148059904.0,5214443144120.319,2011-12-05
1257.1899,1266.03,1253.03,1258.47,3734230016.0,4699416448235.5205,2011-12-06
1258.14,1267.0601,1244.8,1261.01,4160539904.0,5246482424343.04,2011-12-07
1260.87,1260.87,1231.47,1234.35,4298370048.0,5305693068748.8,2011-12-08
1234.48,1258.25,1234.48,1255.1899,3830609920.0,4808142882423.809,2011-12-09
1255.05,1255.05,1227.25,1236.47,3600570112.0,4451996926384.64,2011-12-12
1236.83,1249.86,1219.4301,1225.73,4121570048.0,5051932054935.04,2011-12-13
1225.73,1225.73,1209.47,1211.8199,4298290176.0,5208753571251.302,2011-12-14
1212.12,1225.6,1212.12,1215.75,3810340096.0,4632420971712.0,2011-12-15
1216.09,1231.04,1215.2,1219.66,5345800192.0,6520058662174.721,2011-12-16
1219.74,1224.5699,1202.37,1205.35,3659820032.0,4411364075571.199,2011-12-19
1205.72,1242.8199,1205.72,1241.3,4055589888.0,5034203727974.399,2011-12-20
1241.25,1245.09,1229.51,1243.72,2959020032.0,3680192394199.04,2011-12-21
1243.72,1255.22,1243.72,1254.0,3492250112.0,4379281640448.0,2011-12-22
1254.0,1265.42,1254.0,1265.33,2233829888.0,2826531972183.04,2011-12-23
1265.02,1269.37,1262.3,1265.4301,2130589952.0,2696112656018.3555,2011-12-27
1265.38,1265.85,1248.64,1249.64,2349979904.0,2936628887234.56,2011-12-28
1249.75,1263.54,1249.75,1263.02,2278129920.0,2877323651558.4,2011-12-29
1262.8199,1264.12,1257.46,1257.6,2271849984.0,2857078539878.4,2011-12-30
1258.86,1284.62,1258.86,1277.0601,3943709952.0,5036354625672.115,2012-01-03
1277.03,1278.73,1268.1,1277.3,3592580096.0,4588802556620.8,2012-01-04
1277.3,1283.05,1265.26,1281.0601,4315950080.0,5528991441079.808,2012-01-05
1280.9301,1281.84,1273.34,1277.8101,3656829952.0,4672734246648.115,2012-01-06
1277.83,1281.99,1274.55,1280.7,3371599872.0,4318007956070.4004,2012-01-09
1280.77,1296.46,1280.77,1292.08,4221959936.0,5455109994106.88,2012-01-10
1292.02,1293.8,1285.41,1292.48,3968120064.0,5128715820318.72,2012-01-11
1292.48,1296.8199,1285.77,1295.5,4019889920.0,5207767391360.0,2012-01-12
1294.8199,1294.8199,1277.58,1289.09,3692369920.0,4759797140172.8,2012-01-13
1290.22,1303.0,1290.22,1293.67,4010490112.0,5188250743191.04,2012-01-17
1293.65,1308.11,1290.99,1308.04,4096160000.0,5357941126400.0,2012-01-18
1308.0699,1315.49,1308.0699,1314.5,4465889792.0,5870412131584.0,2012-01-19
1314.49,1315.38,1309.17,1315.38,3912620032.0,5146582137692.16,2012-01-20
1315.29,1322.28,1309.89,1316.0,3770909952.0,4962517496832.0,2012-01-23
1315.96,1315.96,1306.0601,1314.65,3693560064.0,4855738738137.601,2012-01-24
1314.4,1328.3,1307.65,1326.0601,4410910208.0,5849132031511.5,2012-01-25
1326.28,1333.47,1313.6,1318.4301,4522070016.0,5962033223401.882,2012-01-26
1318.25,1320.0601,1311.72,1316.33,3860430080.0,5081599927206.399,2012-01-27
1316.16,1316.16,1300.49,1313.01,3659010048.0,4804316783124.4795,2012-01-30
1313.53,1321.41,1306.6899,1312.41,4235549952.0,5558778112504.32,2012-01-31
1312.45,1330.52,1312.45,1324.09,4504359936.0,5964177947658.239,2012-02-01
1324.24,1329.1899,1321.5699,1325.54,4120920064.0,5462444381634.56,2012-02-02
1326.21,1345.34,1326.21,1344.9,4608549888.0,6198038744371.2,2012-02-03
1344.3199,1344.36,1337.52,1344.33,3379699968.0,4543432057981.439,2012-02-06
1344.33,1349.24,1335.92,1347.05,3742459904.0,5041280613683.2,2012-02-07
1347.04,1351.0,1341.95,1349.96,4096730112.0,5530421781995.5205,2012-02-08
1349.97,1354.3199,1344.63,1351.95,4209890048.0,5691560850393.601,2012-02-09
1351.21,1351.21,1337.35,1342.64,3877580032.0,5206194054164.48,2012-02-10
1343.0601,1353.35,1343.0601,1351.77,3618040064.0,4890758017313.28,2012-02-13
1351.3,1351.3,1340.83,1350.5,3889520128.0,5252796932864.0,2012-02-14
1350.52,1355.87,1340.8,1343.23,4080339968.0,5480835055216.64,2012-02-15
1342.61,1359.02,1341.22,1358.04,4108879872.0,5580023221370.88,2012-02-16
1358.0601,1363.4,1357.24,1361.23,3717639936.0,5060563010081.28,2012-02-17
1361.22,1367.76,1358.11,1362.21,3795200000.0,5169859392000.0,2012-02-21
1362.11,1362.7,1355.53,1357.66,3633710080.0,4933342827212.801,2012-02-22
1357.53,1364.24,1352.28,1363.46,3786449920.0,5162673007923.2,2012-02-23
1363.46,1368.92,1363.46,1365.74,3505359872.0,4787410191585.28,2012-02-24
1365.2,1371.9399,1354.92,1367.59,3648890112.0,4990185628270.08,2012-02-27
1367.5601,1373.09,1365.97,1372.1801,3579120128.0,4911197415151.053,2012-02-28
1372.2,1378.04,1363.8101,1365.6801,4482370048.0,6121483575389.645,2012-02-29
1365.9,1376.17,1365.9,1374.09,3919239936.0,5385388403658.239,2012-03-01
1374.09,1374.53,1366.42,1369.63,3283490048.0,4497166474442.24,2012-03-02
1369.59,1369.59,1359.13,1364.33,3429479936.0,4678942361082.88,2012-03-05
1363.63,1363.63,1340.03,1343.36,4191059968.0,5630102318612.4795,2012-03-06
1343.39,1354.85,1343.39,1352.63,3580379904.0,4842929269547.5205,2012-03-07
1352.65,1368.72,1352.65,1365.91,3543059968.0,4839501040890.88,2012-03-08
1365.97,1374.76,1365.97,1370.87,3639470080.0,4989240348569.6,2012-03-09
1370.78,1373.04,1366.6899,1371.09,3081870080.0,4225521247987.1997,2012-03-12
1371.92,1396.13,1371.92,1395.95,4386469888.0,6123292640153.601,2012-03-13
1395.95,1399.42,1389.97,1394.28,4502280192.0,6277439226101.76,2012-03-14
1394.17,1402.63,1392.78,1402.6,4271650048.0,5991416357324.8,2012-03-15
1402.55,1405.88,1401.47,1404.17,5163950080.0,7251063783833.601,2012-03-16
1404.17,1414.0,1402.4301,1409.75,3932570112.0,5543940715392.0,2012-03-19
1409.59,1409.59,1397.6801,1405.52,3695280128.0,5193790125506.56,2012-03-20
1405.52,1407.75,1400.64,1402.89,3573590016.0,5013353697546.24,2012-03-21
1402.89,1402.89,1388.73,1392.78,3740590080.0,5209819051622.399,2012-03-22
1392.78,1399.1801,1386.87,1397.11,3472950016.0,4852093196853.76,2012-03-23
1397.11,1416.58,1397.11,1416.51,3576950016.0,5066785467164.16,2012-03-26
1416.55,1419.15,1411.95,1412.52,3513639936.0,4963086682398.72,2012-03-27
1412.52,1413.65,1397.2,1405.54,3892800000.0,5471486112000.0,2012-03-28
1405.39,1405.39,1391.5601,1403.28,3832000000.0,5377368960000.0,2012-03-29
1403.3101,1410.89,1401.42,1408.47,3676890112.0,5178789416048.64,2012-03-30
1408.47,1422.38,1404.46,1419.04,3572009984.0,5068825047695.36,2012-04-02
1418.98,1419.0,1404.62,1413.38,3822089984.0,5402065541585.921,2012-04-03
1413.09,1413.09,1394.09,1398.96,3938289920.0,5509510066483.2,2012-04-04
1398.79,1401.6,1392.92,1398.08,3303739904.0,4618892684984.319,2012-04-05
1397.45,1397.45,1378.24,1382.2,3468979968.0,4794824111769.601,2012-04-09
1382.1801,1383.01,1357.38,1358.59,4631730176.0,6292622299811.84,2012-04-10
1358.98,1374.71,1358.98,1368.71,3743040000.0,5123136278400.0,2012-04-11
1368.77,1388.13,1368.77,1387.5699,3618279936.0,5020616328967.526,2012-04-12
1387.61,1387.61,1369.85,1370.26,3631160064.0,4975633389296.64,2012-04-13
1370.27,1379.66,1365.38,1369.5699,3574779904.0,4895910955643.289,2012-04-16
1369.5699,1392.76,1369.5699,1390.78,3456199936.0,4806813746990.08,2012-04-17
1390.78,1390.78,1383.29,1385.14,3463140096.0,4796933872573.44,2012-04-18
1385.08,1390.46,1370.3,1376.92,4180019968.0,5755553094338.561,2012-04-19
1376.96,1387.4,1376.96,1378.53,3833319936.0,5284346531374.08,2012-04-20
1378.53,1378.53,1358.79,1366.9399,3654860032.0,4995974006656.077,2012-04-23
1366.97,1375.5699,1366.8199,1371.97,3617100032.0,4962552730903.04,2012-04-24
1372.11,1391.37,1372.11,1390.6899,3998429952.0,5560576150103.885,2012-04-25
1390.64,1402.09,1387.28,1399.98,4034700032.0,5648499350799.36,2012-04-26
1400.1899,1406.64,1397.3101,1403.36,3645829888.0,5116411831623.68,2012-04-27
1403.26,1403.26,1394.0,1397.91,3574010112.0,4996144475665.92,2012-04-30
1397.86,1415.3199,1395.73,1405.8199,3807950080.0,5353292000670.592,2012-05-01
1405.5,1405.5,1393.92,1402.3101,3803859968.0,5334191252112.076,2012-05-02
1402.3199,1403.0699,1388.71,1391.5699,4004910080.0,5573112319534.592,2012-05-03
1391.51,1391.51,1367.96,1369.1,3975140096.0,5442364305433.6,2012-05-04
1368.79,1373.91,1363.9399,1369.58,3559389952.0,4874869290460.16,2012-05-07
1369.16,1369.16,1347.75,1363.72,4261669888.0,5811724459663.36,2012-05-08
1363.2,1363.73,1343.13,1354.58,4288539904.0,5809170383160.319,2012-05-09
1354.58,1365.88,1354.58,1357.99,3727990016.0,5062573161827.84,2012-05-10
1358.11,1365.66,1348.89,1353.39,3869070080.0,5236360755571.2,2012-05-11
1351.9301,1351.9301,1336.61,1338.35,3688120064.0,4935995487654.399,2012-05-14
1338.36,1344.9399,1328.41,1330.66,4114040064.0,5474388551562.24,2012-05-15
1330.78,1341.78,1324.79,1324.8,4280420096.0,5670700543180.8,2012-05-16
1324.8199,1326.36,1304.86,1304.86,4664280064.0,6086232484311.039,2012-05-17
1305.05,1312.24,1291.98,1295.22,4512470016.0,5844641414123.5205,2012-05-18
1295.73,1316.39,1295.73,1315.99,3786749952.0,4983325069332.48,2012-05-21
1316.09,1328.49,1310.04,1316.63,4123680000.0,5429360798400.0,2012-05-22
1316.02,1320.71,1296.53,1318.86,4108329984.0,5418312082698.239,2012-05-23
1318.72,1324.14,1310.5,1320.6801,3937669888.0,5200402261450.829,2012-05-24
1320.8101,1324.2,1314.23,1317.8199,2872659968.0,3785648471763.763,2012-05-25
1318.9,1334.9301,1318.9,1332.42,3441639936.0,4585709883525.12,2012-05-29
1331.25,1331.25,1310.76,1313.3199,3534289920.0,4641653284305.408,2012-05-30
1313.09,1319.74,1298.9,1310.33,4557620224.0,5971986508113.92,2012-05-31
1309.87,1309.87,1277.25,1278.04,4669349888.0,5967615930859.52,2012-06-01
1278.29,1282.55,1266.74,1278.1801,4011960064.0,5128007515799.526,2012-06-04
1277.8199,1287.62,1274.16,1285.5,3403229952.0,4374852103296.0,2012-06-05
1285.61,1315.13,1285.61,1315.13,4268359936.0,5613448202631.681,2012-06-06
1316.15,1329.05,1312.6801,1314.99,4258139904.0,5599411392360.96,2012-06-07
1314.99,1325.8101,1307.77,1325.66,3497189888.0,4636084746926.08,2012-06-08
1325.72,1335.52,1307.73,1308.9301,3537530112.0,4630379643253.171,2012-06-11
1309.4,1324.3101,1306.62,1324.1801,3442919936.0,4559046065144.474,2012-06-12
1324.02,1327.28,1310.51,1314.88,3506510080.0,4610639973990.4,2012-06-13
1314.88,1333.6801,1314.14,1329.1,3687719936.0,4901348566937.6,2012-06-14
1329.1899,1343.3199,1329.1899,1342.84,4401569792.0,5910603979489.279,2012-06-15
1342.42,1348.22,1334.46,1344.78,3259429888.0,4383216124784.64,2012-06-18
1344.83,1363.46,1344.83,1357.98,3815350016.0,5181169014727.68,2012-06-19
1358.04,1361.5699,1346.45,1355.6899,3695699968.0,5010223120047.924,2012-06-20
1355.4301,1358.27,1324.41,1325.51,4094469888.0,5427260781242.88,2012-06-21
1325.92,1337.8199,1325.92,1335.02,5271490048.0,7037544643880.96,2012-06-22
1334.9,1334.9,1309.27,1313.72,3501819904.0,4600410844282.88,2012-06-25
1314.09,1324.24,1310.3,1319.99,3412940032.0,4505046712839.68,2012-06-26
1320.71,1334.4,1320.71,1331.85,3286909952.0,4377671019571.1997,2012-06-27
1331.52,1331.52,1313.29,1329.04,3969370112.0,5275451653652.4795,2012-06-28
1330.12,1362.17,1330.12,1362.16,4590479872.0,6252968062443.5205,2012-06-29
1362.33,1366.35,1355.7,1365.51,3301649920.0,4508435982259.2,2012-07-02
1365.75,1374.8101,1363.53,1374.02,2116390016.0,2907962209784.32,2012-07-03
1373.72,1373.85,1363.02,1367.58,3041520128.0,4159522096650.2397,2012-07-05
1367.09,1367.09,1348.03,1354.6801,2745139968.0,3718786486364.237,2012-07-06
1354.66,1354.87,1346.65,1352.46,2904859904.0,3928706825763.8403,2012-07-09
1352.96,1361.54,1336.27,1341.47,3470599936.0,4655705696145.92,2012-07-10
1341.4,1345.0,1333.25,1341.45,3426289920.0,4596196613184.0,2012-07-11
1341.29,1341.29,1325.41,1334.76,3654439936.0,4877800248975.36,2012-07-12
1334.8101,1357.7,1334.8101,1356.78,3212930048.0,4359239230525.44,2012-07-13
1356.5,1357.26,1348.51,1353.64,2862720000.0,3875092300800.0005,2012-07-16
1353.6801,1365.36,1345.0699,1363.67,3566680064.0,4863774602874.88,2012-07-17
1363.58,1375.26,1358.96,1372.78,3642629888.0,5000529457648.64,2012-07-18
1373.01,1380.39,1371.21,1376.51,4043360000.0,5565725473600.0,2012-07-19
1376.51,1376.51,1362.1899,1362.66,3925019904.0,5348467622384.641,2012-07-20
1362.34,1362.34,1337.5601,1350.52,3717179904.0,5020125803950.08,2012-07-23
1350.52,1351.53,1329.24,1338.3101,3891290112.0,5207752858919.73,2012-07-24
1338.35,1343.98,1331.5,1337.89,3719170048.0,4975840415518.721,2012-07-25
1338.17,1363.13,1338.17,1360.02,4429300224.0,6023936890644.4795,2012-07-26
1360.05,1389.1899,1360.05,1385.97,4399009792.0,6096895601418.24,2012-07-27
1385.9399,1391.74,1381.37,1385.3,3212059904.0,4449666585011.2,2012-07-30
1385.27,1387.16,1379.17,1379.3199,3821570048.0,5271167616450.355,2012-07-31
1379.3199,1385.03,1373.35,1375.3199,4440920064.0,6107685738328.474,2012-08-01
1375.13,1375.13,1354.65,1365.0,4193740032.0,5724455143680.0,2012-08-02
1365.45,1394.16,1365.45,1390.99,3751170048.0,5217840025067.5205,2012-08-03
1391.04,1399.63,1391.04,1394.23,3122050048.0,4352855838423.04,2012-08-06
1394.46,1407.14,1394.46,1401.35,3682490112.0,5160457518451.199,2012-08-07
1401.23,1404.14,1396.13,1402.22,3221789952.0,4517658306493.44,2012-08-08
1402.26,1405.95,1398.8,1402.8,3119610112.0,4376189065113.6,2012-08-09
1402.58,1405.98,1395.62,1405.87,2767980032.0,3891420087587.84,2012-08-10
1405.87,1405.87,1397.3199,1404.11,2499990016.0,3510260981365.76,2012-08-13
1404.36,1410.03,1400.6,1403.9301,2930899968.0,4114778685164.237,2012-08-14
1403.89,1407.73,1401.83,1405.53,2655749888.0,3732736140080.64,2012-08-15
1405.5699,1417.4399,1404.15,1415.51,3114099968.0,4408039645703.68,2012-08-16
1415.84,1418.71,1414.67,1418.16,2922990080.0,4145267611852.8003,2012-08-17
1417.85,1418.13,1412.12,1418.13,2766320128.0,3923001563120.64,2012-08-20
1418.13,1426.6801,1410.86,1413.17,3282949888.0,4639366293224.96,2012-08-21
1413.09,1416.12,1406.78,1413.49,3062690048.0,4329081755947.52,2012-08-22
1413.49,1413.49,1400.5,1402.08,3008240128.0,4217793318666.2397,2012-08-23
1401.99,1413.46,1398.04,1411.13,2598789888.0,3667230374653.4404,2012-08-24
1411.13,1416.17,1409.11,1410.4399,2472499968.0,3487312607615.9233,2012-08-27
1410.4399,1413.63,1405.59,1409.3,2629090048.0,3705176604646.4,2012-08-28
1409.3199,1413.95,1406.5699,1410.49,2571219968.0,3626680052664.32,2012-08-29
1410.08,1410.08,1397.01,1399.48,2530279936.0,3541076164833.2803,2012-08-30
1400.0699,1413.09,1398.96,1406.58,2938249984.0,4132883662494.7197,2012-08-31
1406.54,1409.3101,1396.5601,1404.9399,3200310016.0,4496243233848.039,2012-09-04
1404.9399,1408.8101,1401.25,1403.4399,3389110016.0,4756412221944.039,2012-09-05
1403.74,1432.12,1403.74,1432.12,3952869888.0,5660984024002.56,2012-09-06
1432.12,1437.92,1431.45,1437.92,3717619968.0,5345640104386.561,2012-09-07
1437.92,1438.74,1428.98,1429.08,3223670016.0,4606882346465.279,2012-09-10
1429.13,1437.76,1429.13,1433.5601,3509629952.0,5031265464952.115,2012-09-11
1433.5601,1439.15,1432.99,1436.5601,3641200128.0,5230802819999.692,2012-09-12
1436.5601,1463.76,1435.34,1459.99,4606550016.0,6725516957859.84,2012-09-13
1460.0699,1474.51,1460.0699,1465.77,5041990144.0,7390397893370.88,2012-09-14
1465.42,1465.63,1457.55,1461.1899,3482429952.0,5088491473319.885,2012-09-17
1461.1899,1461.47,1456.13,1459.3199,3377390080.0,4928692553806.592,2012-09-18
1459.5,1465.15,1457.88,1461.05,3451360000.0,5042609528000.0,2012-09-19
1461.05,1461.23,1449.98,1460.26,3382520064.0,4939358748656.64,2012-09-20
1460.34,1467.0699,1459.51,1460.15,4833869824.0,7058175023513.601,2012-09-21
1459.76,1460.72,1452.0601,1456.89,3008920064.0,4383665552040.9604,2012-09-24
1456.9399,1463.24,1441.59,1441.59,3739899904.0,5391402302607.359,2012-09-25
1441.6,1441.6,1430.53,1433.3199,3565380096.0,5110330242660.71,2012-09-26
1433.36,1450.2,1433.36,1447.15,3150330112.0,4559000221580.8,2012-09-27
1447.13,1447.13,1435.6,1440.67,3509230080.0,5055642499353.601,2012-09-28
1440.9,1457.14,1440.9,1444.49,3505080064.0,5063053101647.36,2012-10-01
1444.99,1451.52,1439.01,1445.75,3321789952.0,4802477823104.0,2012-10-02
1446.05,1454.3,1441.99,1450.99,3531640064.0,5124374416463.36,2012-10-03
1451.08,1463.14,1451.08,1461.4,3615859968.0,5284217757235.2,2012-10-04
1461.4,1470.96,1456.89,1460.9301,3172940032.0,4635443598243.764,2012-10-05
1460.9301,1460.9301,1453.1,1455.88,2328719872.0,3390336687247.3604,2012-10-08
1455.9,1455.9,1441.1801,1441.48,3216320000.0,4636260953600.0,2012-10-09
1441.48,1442.52,1430.64,1432.5601,3225060096.0,4620092413631.77,2012-10-10
1432.8199,1443.9,1432.8199,1432.84,3672539904.0,5262162076047.359,2012-10-11
1432.84,1438.4301,1425.53,1428.59,3134749952.0,4478272433927.68,2012-10-12
1428.75,1441.3101,1427.24,1440.13,3483810048.0,5017139364426.24,2012-10-15
1440.3101,1455.51,1440.3101,1454.92,3568770048.0,5192274918236.16,2012-10-16
1454.22,1462.2,1453.35,1460.91,3655320064.0,5340093634698.24,2012-10-17
1460.9399,1464.02,1452.63,1457.34,3880029952.0,5654522850247.68,2012-10-18
1457.34,1457.34,1429.85,1433.1899,3875170048.0,5553854573576.115,2012-10-19
1433.21,1435.46,1422.0601,1433.8199,3216219904.0,4611480101131.289,2012-10-22
1433.74,1433.74,1407.5601,1413.11,3587670016.0,5069772376309.76,2012-10-23
1413.2,1420.04,1407.1,1408.75,3385969920.0,4769985124800.0,2012-10-24
1409.74,1421.12,1405.14,1412.97,3512640000.0,4963254940800.0,2012-10-25
1412.97,1417.09,1403.28,1411.9399,3284910080.0,4638095609864.192,2012-10-26
1411.9399,1411.9399,1411.9399,1411.9399,605527296.0,854968149761.5105,2012-10-29
1411.9399,1411.9399,1411.9399,1411.9399,605527296.0,854968149761.5105,2012-10-30
1410.99,1418.76,1405.95,1412.16,3577110016.0,5051451680194.561,2012-10-31
1412.2,1428.35,1412.2,1427.59,3929890048.0,5610271733624.319,2012-11-01
1427.59,1434.27,1412.91,1414.2,3732480000.0,5278473216000.0,2012-11-02
1414.02,1419.9,1408.13,1417.26,2921039872.0,4139872968990.72,2012-11-05
1417.26,1433.38,1417.26,1428.39,3306970112.0,4723643038279.681,2012-11-06
1428.27,1428.27,1388.14,1394.53,4356490240.0,6075256334387.2,2012-11-07
1394.53,1401.23,1377.51,1377.51,3779520000.0,5206326595200.0,2012-11-08
1377.55,1391.39,1373.03,1379.85,3647350016.0,5032795919577.6,2012-11-09
1379.86,1384.87,1377.1899,1380.03,2567539968.0,3543282182039.04,2012-11-12
1380.03,1388.8101,1371.39,1374.53,3455549952.0,4749757075522.56,2012-11-13
1374.64,1380.13,1352.5,1355.49,4109509888.0,5570399558085.12,2012-11-14
1355.41,1360.62,1348.05,1353.33,3928869888.0,5317057485527.04,2012-11-15
1353.36,1362.03,1343.35,1359.88,4045910016.0,5501952112558.08,2012-11-16
1359.88,1386.89,1359.88,1386.89,3374799872.0,4680476194478.08,2012-11-19
1386.8199,1389.77,1377.04,1387.8101,3207160064.0,4450929129135.846,2012-11-20
1387.79,1391.25,1386.39,1391.03,2667089920.0,3710002091417.6,2012-11-21
1391.03,1409.16,1391.03,1409.15,1504960000.0,2120714384000.0002,2012-11-23
1409.15,1409.15,1397.6801,1406.29,2948960000.0,4147092958400.0,2012-11-26
1406.29,1409.01,1398.03,1398.9399,3323120128.0,4648845339552.308,2012-11-27
1398.77,1410.3101,1385.4301,1409.9301,3359249920.0,4736307575630.592,2012-11-28
1409.96,1419.7,1409.04,1415.95,3356849920.0,4753131644224.0,2012-11-29
1415.95,1418.86,1411.63,1416.1801,3966000128.0,5616570457871.053,2012-11-30
1416.34,1423.73,1408.46,1409.46,3074279936.0,4333074598594.56,2012-12-03
1409.46,1413.14,1403.65,1407.05,3247709952.0,4569690287961.6,2012-12-04
1407.05,1415.5601,1398.23,1409.28,4253920000.0,5994964377600.0,2012-12-05
1409.4301,1413.95,1405.9301,1413.9399,3229700096.0,4566601830768.23,2012-12-06
1413.95,1420.34,1410.9,1418.0699,3125159936.0,4431695237927.526,2012-12-07
1418.0699,1421.64,1415.64,1418.55,2999429888.0,4254841267622.4,2012-12-10
1418.55,1434.27,1418.55,1427.84,3650230016.0,5211944426045.439,2012-12-11
1427.84,1438.59,1426.76,1428.48,3709050112.0,5298303903989.76,2012-12-12
1428.48,1431.36,1416.0,1419.45,3349959936.0,4755100631155.2,2012-12-13
1419.45,1419.45,1411.88,1413.58,3210170112.0,4537832266920.96,2012-12-14
1413.54,1430.67,1413.54,1430.36,3455610112.0,4942766479800.319,2012-12-17
1430.47,1448.0,1430.47,1446.79,4302239744.0,6224437439221.76,2012-12-18
1446.79,1447.75,1435.8,1435.8101,3869799936.0,5556297833088.153,2012-12-19
1435.8101,1443.7,1432.8199,1443.6899,3686579968.0,5322278265343.924,2012-12-20
1443.67,1443.67,1422.58,1430.15,5229159936.0,7478483082470.4,2012-12-21
1430.15,1430.15,1424.66,1426.66,1248960000.0,1781841273600.0,2012-12-24
1426.66,1429.42,1416.4301,1419.83,2285029888.0,3244353985879.04,2012-12-26
1419.83,1422.8,1401.8,1418.1,2830180096.0,4013478394137.5996,2012-12-27
1418.1,1418.1,1401.58,1402.4301,2426680064.0,3403249164823.5264,2012-12-28
1402.4301,1426.74,1398.11,1426.1899,3204329984.0,4569983059447.962,2012-12-31
1426.1899,1462.4301,1426.1899,1462.42,4202599936.0,6145966198405.12,2013-01-02
1462.42,1465.47,1455.53,1459.37,3829730048.0,5588993140149.76,2013-01-03
1459.37,1467.9399,1458.99,1466.47,3424290048.0,5021618626690.561,2013-01-04
1466.47,1466.47,1456.62,1461.89,3304969984.0,4831502569909.761,2013-01-07
1461.89,1461.89,1451.64,1457.15,3601600000.0,5248071440000.0,2013-01-08
1457.15,1464.73,1457.15,1461.02,3674390016.0,5368357301176.32,2013-01-09
1461.02,1472.3,1461.02,1472.12,4081840128.0,6008958489231.359,2013-01-10
1472.12,1472.75,1467.58,1472.05,3340649984.0,4917603808947.2,2013-01-11
1472.05,1472.05,1465.6899,1470.6801,3003010048.0,4416467117693.645,2013-01-14
1470.67,1473.3101,1463.76,1472.34,3135350016.0,4616301242557.439,2013-01-15
1472.33,1473.96,1467.6,1472.63,3384079872.0,4983497541903.36,2013-01-16
1472.63,1485.16,1472.63,1480.9399,3706710016.0,5489414760424.039,2013-01-17
1480.95,1485.98,1475.8101,1485.98,3795739904.0,5640393582545.92,2013-01-18
1485.98,1492.5601,1481.16,1492.5601,3570949888.0,5329857321928.269,2013-01-22
1492.5601,1496.13,1489.9,1494.8101,3552009984.0,5309580399384.038,2013-01-23
1494.8101,1502.27,1489.46,1494.8199,3699429888.0,5529981415237.171,2013-01-24
1494.8199,1503.26,1494.8199,1502.96,3476290048.0,5224724890542.08,2013-01-25
1502.96,1503.23,1496.33,1500.1801,3388539904.0,5083420132036.711,2013-01-28
1500.1801,1509.35,1498.09,1507.84,3949639936.0,5955425081098.239,2013-01-29
1507.84,1509.9399,1500.11,1501.96,3726810112.0,5597519715819.5205,2013-01-30
1501.96,1504.1899,1496.76,1498.11,3999879936.0,5992260130920.96,2013-01-31
1498.11,1514.41,1498.11,1513.17,3836320000.0,5805004334400.0,2013-02-01
1513.17,1513.17,1495.02,1495.71,3390000128.0,5070457091450.88,2013-02-04
1495.71,1514.96,1495.71,1511.29,3618360064.0,5468391381122.56,2013-02-05
1511.29,1512.53,1504.71,1512.12,3611569920.0,5461127107430.399,2013-02-06
1512.12,1512.9,1498.49,1509.39,3614579968.0,5455810857899.5205,2013-02-07
1509.39,1518.3101,1509.39,1517.9301,2986149888.0,4532766798106.829,2013-02-08
1517.9301,1518.3101,1513.61,1517.01,2684100096.0,4071806686632.96,2013-02-11
1517.01,1522.29,1515.61,1519.4301,3414370048.0,5187896623469.645,2013-02-12
1519.4301,1524.6899,1515.9301,1520.33,3385880064.0,5147655037701.12,2013-02-13
1520.33,1523.14,1514.02,1521.38,3759739904.0,5719993095147.5205,2013-02-14
1521.38,1524.24,1514.14,1519.79,3838510080.0,5833729234483.2,2013-02-15
1519.79,1530.9399,1519.79,1530.9399,3748910080.0,5739356022984.192,2013-02-19
1530.9399,1530.9399,1511.41,1511.95,4240570112.0,6411529980838.4,2013-02-20
1511.95,1511.95,1497.29,1502.42,4274599936.0,6422244435845.12,2013-02-21
1502.42,1515.64,1502.42,1515.6,3419320064.0,5182321488998.399,2013-02-22
1515.6,1525.84,1487.85,1487.85,4011049984.0,5967840718694.399,2013-02-25
1487.85,1498.99,1485.01,1496.9399,3975280128.0,5950755437280.308,2013-02-26
1496.9399,1520.08,1494.88,1515.99,3551849984.0,5384569057244.16,2013-02-27
1515.99,1525.34,1514.46,1514.6801,3912320000.0,5925913248832.0,2013-02-28
1514.6801,1519.99,1501.48,1518.2,3695610112.0,5610675272038.4,2013-03-01
1518.2,1525.27,1512.29,1525.2,3414429952.0,5207688562790.4,2013-03-04
1525.2,1543.47,1525.2,1539.79,3610690048.0,5559704429009.92,2013-03-05
1539.79,1545.25,1538.11,1541.46,3676890112.0,5667779032043.5205,2013-03-06
1541.46,1545.78,1541.46,1544.26,3634710016.0,5612937289308.16,2013-03-07
1544.26,1552.48,1542.9399,1551.1801,3652260096.0,5665313180939.29,2013-03-08
1551.15,1556.27,1547.36,1556.22,3091079936.0,4810400418001.92,2013-03-11
1556.22,1556.77,1548.24,1552.48,3274909952.0,5084232202280.96,2013-03-12
1552.48,1556.39,1548.25,1554.52,3073829888.0,4778330037493.76,2013-03-13
1554.52,1563.3199,1554.52,1563.23,3459259904.0,5407618859729.92,2013-03-14
1563.21,1563.62,1555.74,1560.7,5175849984.0,8077949070028.8,2013-03-15
1560.7,1560.7,1545.13,1552.1,3164559872.0,4911713377331.2,2013-03-18
1552.1,1557.25,1538.5699,1548.34,3796209920.0,5877823667532.8,2013-03-19
1548.34,1561.5601,1548.34,1558.71,3349090048.0,5220260148718.08,2013-03-20
1558.71,1558.71,1543.55,1545.8,3243269888.0,5013446592870.399,2013-03-21
1545.9,1557.74,1545.9,1556.89,2948379904.0,4590303188738.561,2013-03-22
1556.89,1564.91,1546.22,1551.6899,3178170112.0,4931534463272.27,2013-03-25
1551.6899,1563.95,1551.6899,1563.77,2869260032.0,4486862760240.64,2013-03-26
1563.75,1564.0699,1551.9,1562.85,2914210048.0,4554473173516.8,2013-03-27
1562.86,1570.28,1561.08,1569.1899,3304440064.0,5185293973584.154,2013-03-28
1569.1801,1570.5699,1558.47,1562.17,2753110016.0,4300825873694.72,2013-04-01
1562.17,1573.66,1562.17,1570.25,3312160000.0,5200919240000.0,2013-04-02
1570.25,1571.47,1549.8,1553.6899,4060610048.0,6308928819416.115,2013-04-03
1553.6899,1562.6,1552.52,1559.98,3350670080.0,5226978311398.4,2013-04-04
1559.98,1559.98,1539.5,1553.28,3515409920.0,5460415920537.6,2013-04-05
1553.26,1563.0699,1548.63,1563.0699,2887119872.0,4512770169615.053,2013-04-08
1563.11,1573.89,1560.92,1568.61,3252780032.0,5102343285995.52,2013-04-09
1568.61,1589.0699,1568.61,1587.73,3453349888.0,5482987217674.24,2013-04-10
1587.73,1597.35,1586.17,1593.37,3393949952.0,5407818035018.239,2013-04-11
1593.3,1593.3,1579.97,1588.85,3206289920.0,5094313739392.0,2013-04-12
1588.84,1588.84,1552.28,1552.36,4660129792.0,7234199083909.119,2013-04-15
1552.36,1575.35,1552.36,1574.5699,3654700032.0,5754580663916.236,2013-04-16
1574.5699,1574.5699,1543.6899,1552.01,4250309888.0,6596523449274.88,2013-04-17
1552.03,1554.38,1536.03,1541.61,3890800128.0,5998096385326.08,2013-04-18
1541.61,1555.89,1539.4,1555.25,3569870080.0,5552040441920.0,2013-04-19
1555.25,1565.55,1548.1899,1562.5,2979879936.0,4656062400000.0,2013-04-22
1562.5,1579.58,1562.5,1578.78,3565149952.0,5628587441218.56,2013-04-23
1578.78,1583.0,1575.8,1578.79,3598240000.0,5680865329600.0,2013-04-24
1578.9301,1592.64,1578.9301,1585.16,3908580096.0,6195724824975.36,2013-04-25
1585.16,1585.78,1577.5601,1582.24,3198619904.0,5060984356904.96,2013-04-26
1582.34,1596.65,1582.34,1593.61,2891200000.0,4607445232000.0,2013-04-29
1593.58,1597.5699,1586.5,1597.5699,3745070080.0,5983011233198.592,2013-04-30
1597.55,1597.55,1581.28,1582.7,3530319872.0,5587437261414.4,2013-05-01
1582.77,1598.6,1582.77,1597.59,3366949888.0,5379005471569.92,2013-05-02
1597.6,1618.46,1597.6,1614.42,3603909888.0,5818224201384.96,2013-05-03
1614.4,1619.77,1614.21,1617.5,3062240000.0,4953173200000.0,2013-05-06
1617.55,1626.03,1616.64,1625.96,3309580032.0,5381244748830.72,2013-05-07
1625.95,1632.78,1622.7,1632.6899,3554700032.0,5803722839776.077,2013-05-08
1632.6899,1635.01,1623.09,1626.67,3457400064.0,5624048962106.88,2013-05-09
1626.6899,1633.7,1623.71,1633.7,3086469888.0,5042365856025.601,2013-05-10
1632.1,1636.0,1626.74,1633.77,2910599936.0,4755250857438.72,2013-05-13
1633.75,1651.1,1633.75,1650.34,3457789952.0,5706529069383.68,2013-05-14
1649.13,1661.49,1646.6801,1658.78,3657440000.0,6066888323200.0,2013-05-15
1658.0699,1660.51,1648.6,1650.47,3513129984.0,5798315644692.48,2013-05-16
1652.45,1667.47,1652.45,1667.47,3440709888.0,5737280516943.36,2013-05-17
1665.71,1672.84,1663.52,1666.29,3275079936.0,5457232946557.439,2013-05-20
1666.2,1674.9301,1662.67,1669.16,3513560064.0,5864693916426.24,2013-05-21
1669.39,1687.1801,1648.86,1655.35,4361019904.0,7219014298086.399,2013-05-22
1651.62,1655.5,1635.53,1650.51,3945509888.0,6512103525242.88,2013-05-23
1646.67,1649.78,1636.88,1649.6,2758080000.0,4549728768000.0,2013-05-24
1652.63,1674.21,1652.63,1660.0601,3457400064.0,5739491895983.846,2013-05-28
1656.5699,1656.5699,1640.05,1648.36,3587140096.0,5912898248642.56,2013-05-29
1649.14,1661.91,1648.61,1654.41,3498619904.0,5788151755376.641,2013-05-30
1652.13,1658.99,1630.74,1630.74,4099599872.0,6685381495265.28,2013-05-31
1631.71,1640.42,1622.72,1640.42,3952069888.0,6483054485672.96,2013-06-03
1640.73,1646.53,1623.62,1631.38,3653839872.0,5960801290383.36,2013-06-04
1629.05,1629.3101,1607.09,1608.9,3632349952.0,5844087837772.801,2013-06-05
1609.29,1622.5601,1598.23,1622.5601,3547379968.0,5755837195616.076,2013-06-06
1625.27,1644.4,1625.27,1643.38,3371990016.0,5541460952494.08,2013-06-07
1644.67,1648.6899,1639.26,1642.8101,2978729984.0,4893487702888.038,2013-06-10
1638.64,1640.13,1622.92,1626.13,3435709952.0,5586911024245.761,2013-06-11
1629.9399,1637.71,1610.92,1612.52,3202550016.0,5164175951800.32,2013-06-12
1612.15,1639.25,1608.0699,1636.36,3378619904.0,5528638466109.439,2013-06-13
1635.52,1640.8,1623.96,1626.73,2939399936.0,4781610057889.28,2013-06-14
1630.64,1646.5,1630.34,1639.04,3137080064.0,5141799708098.56,2013-06-17
1639.77,1654.1899,1639.77,1651.8101,3120979968.0,5155266233040.076,2013-06-18
1651.83,1652.45,1628.91,1628.9301,3545060096.0,5774655096683.29,2013-06-19
1624.62,1624.62,1584.3199,1588.1899,4858849792.0,7716776165271.501,2013-06-20
1588.62,1599.1899,1577.7,1592.4301,5797279744.0,9231762762465.895,2013-06-21
1588.77,1588.77,1560.33,1573.09,4733660160.0,7446473461094.399,2013-06-24
1577.52,1593.79,1577.09,1588.03,3761169920.0,5972850668057.6,2013-06-25
1592.27,1606.83,1592.27,1603.26,3558340096.0,5704944342312.96,2013-06-26
1606.4399,1620.0699,1606.4399,1613.2,3364539904.0,5427675773132.8,2013-06-27
1611.12,1615.9399,1601.0601,1606.28,4977189888.0,7994760573296.64,2013-06-28
1609.78,1626.61,1609.78,1614.96,3104689920.0,5013950033203.2,2013-07-01
1614.29,1624.26,1606.77,1614.08,3317129984.0,5354113164574.72,2013-07-02
1611.48,1618.97,1604.5699,1615.41,1966050048.0,3175976908039.68,2013-07-03
1618.65,1632.0699,1614.71,1631.89,2634139904.0,4298626567938.56,2013-07-05
1634.2,1644.6801,1634.2,1640.46,3514589952.0,5765544232657.92,2013-07-08
1642.89,1654.1801,1642.89,1652.3199,3155360000.0,5213664119664.0,2013-07-09
1651.5601,1657.92,1647.66,1652.62,3011010048.0,4976055425525.76,2013-07-10
1657.41,1676.63,1657.41,1675.02,3446340096.0,5772688587601.92,2013-07-11
1675.26,1680.1899,1672.33,1680.1899,3039069952.0,5106214638743.885,2013-07-12
1679.59,1684.51,1677.89,1682.5,2623200000.0,4413534000000.0,2013-07-15
1682.7,1683.73,1671.84,1676.26,3081710080.0,5165747338700.8,2013-07-16
1677.91,1684.75,1677.91,1680.91,3153440000.0,5300648830400.0,2013-07-17
1681.05,1693.12,1681.05,1689.37,3452369920.0,5832330171750.399,2013-07-18
1686.15,1692.09,1684.08,1692.09,3302579968.0,5588262538053.12,2013-07-19
1694.41,1697.61,1690.67,1695.53,2779130112.0,4712098478799.36,2013-07-22
1696.63,1698.78,1691.13,1692.39,3096179968.0,5239944016043.5205,2013-07-23
1696.0601,1698.38,1682.5699,1685.9399,3336120064.0,5624497927088.154,2013-07-24
1685.21,1690.9399,1680.0699,1690.25,3322500096.0,5615855787264.0,2013-07-25
1687.3101,1691.85,1676.03,1691.65,2762769920.0,4673639735168.0,2013-07-26
1690.3199,1690.92,1681.86,1685.33,2840519936.0,4787213463738.88,2013-07-29
1687.92,1693.1899,1682.42,1685.96,3320529920.0,5598280623923.2,2013-07-30
1687.76,1698.4301,1684.9399,1685.73,3847389952.0,6485660663784.96,2013-07-31
1689.42,1707.85,1689.42,1706.87,3775170048.0,6443724499829.76,2013-08-01
1706.1,1709.67,1700.6801,1709.67,3136630016.0,5362602239454.721,2013-08-02
1708.01,1709.24,1703.55,1707.14,2529299968.0,4317869147371.52,2013-08-05
1705.79,1705.79,1693.29,1697.37,3141210112.0,5331795807805.439,2013-08-06
1695.3,1695.3,1684.91,1690.91,3010230016.0,5090028036354.561,2013-08-07
1693.35,1700.1801,1688.38,1697.48,3271660032.0,5553577471119.36,2013-08-08
1696.1,1699.42,1686.02,1691.42,2957669888.0,5002662001960.96,2013-08-09
1688.37,1691.49,1683.35,1689.47,2789159936.0,4712202037073.92,2013-08-12
1690.65,1696.8101,1682.62,1694.16,3035559936.0,5142724221173.76,2013-08-13
1693.88,1695.52,1684.83,1685.39,2871429888.0,4839479218936.32,2013-08-14
1679.61,1679.61,1658.59,1661.3199,3426690048.0,5692828367874.355,2013-08-15
1661.22,1663.6,1652.61,1655.83,3211450112.0,5317615438952.96,2013-08-16
1655.25,1659.1801,1645.84,1646.0601,2904529920.0,4781030810568.191,2013-08-19
1646.8101,1658.92,1646.08,1652.35,2994089984.0,4947284585062.399,2013-08-20
1650.66,1656.99,1639.4301,1642.8,2932179968.0,4816985251430.399,2013-08-21
1645.03,1659.55,1645.03,1656.96,2537459968.0,4204469668577.2803,2013-08-22
1659.92,1664.85,1654.8101,1663.5,2582670080.0,4296271678080.0,2013-08-23
1664.29,1669.51,1656.02,1656.78,2430670080.0,4027085575142.4,2013-08-26
1652.54,1652.54,1629.05,1630.48,3219190016.0,5248824937287.68,2013-08-27
1630.25,1641.1801,1627.47,1634.96,2784009984.0,4551744963440.64,2013-08-28
1633.5,1646.41,1630.88,1638.17,2527549952.0,4140556504867.8403,2013-08-29
1638.89,1640.08,1628.05,1632.97,2734299904.0,4465029714234.88,2013-08-30
1635.95,1651.35,1633.41,1639.77,3731610112.0,6118982313354.24,2013-09-03
1640.72,1655.72,1637.41,1653.08,3312150016.0,5475248948449.279,2013-09-04
1653.28,1659.17,1653.0699,1655.08,2957110016.0,4894253645281.279,2013-09-05
1657.4399,1664.83,1640.62,1655.17,3123879936.0,5170552353669.12,2013-09-06
1656.85,1672.4,1656.85,1671.71,3102779904.0,5186948193315.84,2013-09-09
1675.11,1684.09,1675.11,1683.99,3691800064.0,6216954389775.36,2013-09-10
1681.04,1689.13,1678.7,1689.13,3135460096.0,5296199711956.48,2013-09-11
1689.21,1689.97,1681.96,1683.42,3106289920.0,5229190577126.4,2013-09-12
1685.04,1688.73,1682.22,1687.99,2736499968.0,4619184580984.32,2013-09-13
1691.7,1704.95,1691.7,1697.6,3079800064.0,5228268588646.399,2013-09-16
1697.73,1705.52,1697.73,1704.76,2774240000.0,4729413382400.0,2013-09-17
1705.74,1729.4399,1700.35,1725.52,3989760000.0,6884410675200.0,2013-09-18
1727.34,1729.86,1720.2,1722.34,3740130048.0,6441775586872.319,2013-09-19
1722.4399,1725.23,1708.89,1709.91,5074030080.0,8676134774092.801,2013-09-20
1711.4399,1711.4399,1697.1,1701.84,3126949888.0,5321568397393.92,2013-09-23
1702.6,1707.63,1694.9,1697.42,3268930048.0,5548747242076.16,2013-09-24
1698.02,1701.71,1691.88,1692.77,3148730112.0,5330075871690.24,2013-09-25
1694.05,1703.85,1693.11,1698.67,2813929984.0,4779938445921.28,2013-09-26
1695.52,1695.52,1687.11,1691.75,2951699968.0,4993538420864.0,2013-09-27
1687.26,1687.26,1674.99,1681.55,3308630016.0,5563626803404.8,2013-09-30
1682.41,1696.55,1682.0699,1695.0,3238690048.0,5489579631360.0,2013-10-01
1691.9,1693.87,1680.34,1693.87,3148600064.0,5333319190407.68,2013-10-02
1692.35,1692.35,1670.36,1678.66,3279650048.0,5505417349575.681,2013-10-03
1678.79,1691.9399,1677.33,1690.5,2880270080.0,4869096570240.0,2013-10-04
1687.15,1687.15,1674.7,1676.12,2678490112.0,4489470846525.439,2013-10-07
1676.22,1676.79,1655.03,1655.45,3569230080.0,5908681935936.0,2013-10-08
1656.99,1662.47,1646.47,1656.4,3577840128.0,5926334388019.2,2013-10-09
1660.88,1692.5601,1660.88,1692.5601,3362299904.0,5690894661744.23,2013-10-10
1691.09,1703.4399,1688.52,1703.2,2944669952.0,5015361862246.4,2013-10-11
1699.86,1711.03,1692.13,1710.14,2580580096.0,4413153245373.44,2013-10-14
1709.17,1711.5699,1695.9301,1698.0601,3327739904.0,5650702354160.23,2013-10-15
1700.49,1721.76,1700.49,1721.54,3486180096.0,6001598482467.84,2013-10-16
1720.17,1733.45,1714.12,1733.15,3453590016.0,5985589536230.4,2013-10-17
1736.72,1745.3101,1735.74,1744.5,3664890112.0,6393400800384.0,2013-10-18
1745.2,1747.79,1740.67,1744.66,3052709888.0,5325940833198.08,2013-10-21
1746.48,1759.33,1746.48,1754.67,3850840064.0,6756953535098.88,2013-10-22
1752.27,1752.27,1740.5,1746.38,3713380096.0,6484972732052.48,2013-10-23
1747.48,1753.9399,1745.5,1752.0699,3671699968.0,6433074995763.763,2013-10-24
1756.01,1759.8199,1752.45,1759.77,3175719936.0,5588536671774.72,2013-10-25
1759.42,1764.99,1757.67,1762.11,3282299904.0,5783773483837.439,2013-10-28
1762.9301,1772.09,1762.9301,1771.95,3358459904.0,5951023026892.8,2013-10-29
1772.27,1775.22,1757.24,1763.3101,3523040000.0,6212212014704.0,2013-10-30
1763.24,1768.53,1755.72,1756.54,3826530048.0,6721453090513.92,2013-10-31
1758.7,1765.67,1752.7,1761.64,3686289920.0,6493915774668.801,2013-11-01
1763.4,1768.78,1761.5601,1767.9301,3194870016.0,5648306866873.882,2013-11-04
1765.67,1767.03,1755.76,1762.97,3516679936.0,6199801226769.92,2013-11-05
1765.0,1773.74,1764.4,1770.49,3322099968.0,5881744772344.32,2013-11-06
1770.74,1774.54,1746.2,1747.15,4143200000.0,7238791880000.0,2013-11-07
1748.37,1770.78,1747.63,1770.61,3837169920.0,6794131432051.199,2013-11-08
1769.96,1773.4399,1767.85,1771.89,2534060032.0,4490075630100.48,2013-11-11
1769.51,1771.78,1762.29,1767.6899,3221029888.0,5693782000615.731,2013-11-12
1764.37,1782.0,1760.64,1782.0,3327480064.0,5929569474048.0,2013-11-13
1782.75,1791.53,1780.22,1790.62,3139059968.0,5620863559900.159,2013-11-14
1790.66,1798.22,1790.66,1798.1801,3254820096.0,5852752725707.29,2013-11-15
1798.8199,1802.33,1788.0,1791.53,3168519936.0,5676498520942.08,2013-11-18
1790.79,1795.51,1784.72,1787.87,3224450048.0,5764897507317.76,2013-11-19
1789.59,1795.73,1777.23,1781.37,3109139968.0,5538528664796.159,2013-11-20
1783.52,1797.16,1783.52,1795.85,3256630016.0,5848419014233.6,2013-11-21
1797.21,1804.84,1794.7,1804.76,3055140096.0,5513794639656.96,2013-11-22
1806.33,1808.1,1800.58,1802.48,2998540032.0,5404808436879.36,2013-11-25
1802.87,1808.42,1800.77,1802.75,3427120128.0,6178240810752.0,2013-11-26
1803.48,1808.27,1802.77,1807.23,2613590016.0,4723358284615.68,2013-11-27
1808.6899,1813.55,1803.98,1805.8101,1598300032.0,2886226340615.923,2013-11-29
1806.55,1810.02,1798.6,1800.9,3095429888.0,5574559685299.2,2013-12-02
1800.1,1800.1,1787.85,1795.15,3475680000.0,6239366952000.0,2013-12-03
1793.15,1799.8,1779.09,1792.8101,3610540032.0,6473012635823.923,2013-12-04
1792.8199,1792.8199,1783.38,1785.03,3336880128.0,5956431134883.84,2013-12-05
1788.36,1806.04,1788.36,1805.09,3150030080.0,5686087797107.2,2013-12-06
1806.21,1811.52,1806.21,1808.37,3129499904.0,5659293741396.4795,2013-12-09
1807.6,1808.52,1801.75,1802.62,3117149952.0,5619036846474.239,2013-12-10
1802.76,1802.97,1780.09,1782.22,3472240128.0,6188295800924.16,2013-12-11
1781.71,1782.99,1772.28,1775.5,3306639872.0,5870939092736.0,2013-12-12
1777.98,1780.92,1772.45,1775.3199,3061070080.0,5434378628318.592,2013-12-13
1777.48,1792.22,1777.48,1786.54,3209890048.0,5734596966353.92,2013-12-16
1786.47,1786.77,1777.05,1781.0,3270030080.0,5823923572480.0,2013-12-17
1781.46,1811.08,1767.99,1810.65,4327770112.0,7836076953292.801,2013-12-18
1809.0,1810.88,1801.35,1809.6,3497210112.0,6328551418675.199,2013-12-19
1810.39,1823.75,1810.25,1818.3199,5097699840.0,9269249063298.816,2013-12-20
1822.92,1829.75,1822.92,1827.99,2851539968.0,5212586546104.32,2013-12-23
1828.02,1833.3199,1828.02,1833.3199,1307629952.0,2397304012837.6445,2013-12-24
1834.96,1842.84,1834.96,1842.02,1982269952.0,3651380896983.04,2013-12-26
1842.97,1844.89,1839.8101,1841.4,2052920064.0,3780247005849.6,2013-12-27
1841.47,1842.47,1838.77,1841.0699,0.0,0.0,2013-12-30
1842.61,1849.4399,1842.41,1848.36,2312839936.0,4274960824104.96,2013-12-31
1845.86,1845.86,1827.74,1831.98,3080600064.0,5643597705246.72,2014-01-02
1833.21,1838.24,1829.13,1831.37,2774269952.0,5080714761994.239,2014-01-03
1832.3101,1837.16,1823.73,1826.77,3294850048.0,6018933222184.96,2014-01-06
1828.71,1840.1,1828.71,1837.88,3511749888.0,6454174884157.44,2014-01-07
1837.9,1840.02,1831.4,1837.49,3652140032.0,6710770787399.68,2014-01-08
1839.0,1843.23,1830.38,1838.13,3581149952.0,6582619161269.761,2014-01-09
1840.0601,1843.15,1832.4301,1842.37,3335709952.0,6145611944266.239,2014-01-10
1841.26,1843.45,1815.52,1819.2,3591350016.0,6533383949107.2,2014-01-13
1821.36,1839.26,1821.36,1838.88,3353270016.0,6166261167022.08,2014-01-14
1840.52,1850.84,1840.52,1848.38,3777799936.0,6982809845703.681,2014-01-15
1847.99,1847.99,1840.3,1845.89,3491310080.0,6444574363571.2,2014-01-16
1844.23,1846.04,1835.23,1838.7,3626119936.0,6667346726323.2,2014-01-17
1841.05,1849.3101,1832.38,1843.8,3782469888.0,6974117979494.399,2014-01-21
1844.71,1846.87,1840.88,1844.86,3374170112.0,6224871472824.319,2014-01-22
1842.29,1842.29,1820.0601,1828.46,3972250112.0,7263100439787.5205,2014-01-23
1826.96,1826.96,1790.29,1790.29,4618449920.0,8268364707276.8,2014-01-24
1791.03,1795.98,1772.88,1781.5601,4045199872.0,7206766688480.307,2014-01-27
1783.0,1793.87,1779.49,1792.5,3437829888.0,6162310074240.0,2014-01-28
1790.15,1790.15,1770.45,1774.2,3964019968.0,7032964227225.601,2014-01-29
1777.17,1798.77,1777.17,1794.1899,3547510016.0,6364906640856.039,2014-01-30
1790.88,1793.88,1772.26,1782.59,4059689984.0,7236762768578.56,2014-01-31
1782.6801,1784.83,1739.66,1741.89,4726040064.0,8232241927080.961,2014-02-03
1743.8199,1758.73,1743.8199,1755.2,4068410112.0,7140873428582.4,2014-02-04
1753.38,1755.79,1737.92,1751.64,3984290048.0,6979041819678.721,2014-02-05
1752.99,1774.0601,1752.99,1773.4301,3825410048.0,6784097323965.645,2014-02-06
1776.01,1798.03,1776.01,1797.02,3775990016.0,6785529578552.32,2014-02-07
1796.2,1799.9399,1791.83,1799.84,3312160000.0,5961358054400.0,2014-02-10
1800.45,1823.54,1800.41,1819.75,3699379968.0,6731946696768.0,2014-02-11
1820.12,1826.55,1815.97,1819.26,3326380032.0,6051550137016.32,2014-02-12
1814.8199,1830.25,1809.22,1829.83,3289509888.0,6019243878359.04,2014-02-13
1828.46,1841.65,1825.59,1838.63,3114749952.0,5726872704245.761,2014-02-14
1839.03,1842.87,1835.01,1840.76,3421110016.0,6297442473052.16,2014-02-18
1838.9,1847.5,1826.99,1828.75,3661570048.0,6696096225280.0,2014-02-19
1829.24,1842.79,1824.58,1839.78,3404979968.0,6264414045527.04,2014-02-20
1841.0699,1846.13,1835.6,1836.25,3403879936.0,6250374532480.0,2014-02-21
1836.78,1858.71,1836.78,1847.61,4014530048.0,7417285861985.279,2014-02-24
1847.66,1852.91,1840.1899,1845.12,3515559936.0,6486629949112.319,2014-02-25
1845.79,1852.65,1840.66,1845.16,3716730112.0,6857961733457.92,2014-02-26
1844.9,1854.53,1841.13,1854.29,3547460096.0,6578019781411.84,2014-02-27
1855.12,1867.92,1847.67,1859.45,3917449984.0,7284302372748.8,2014-02-28
1857.6801,1857.6801,1834.4399,1845.73,3428219904.0,6327568323409.92,2014-03-03
1849.23,1876.23,1849.23,1873.91,3765769984.0,7056714030717.44,2014-03-04
1874.05,1876.53,1871.11,1873.8101,3392989952.0,6357818841256.115,2014-03-05
1874.1801,1881.9399,1874.1801,1877.03,3360450048.0,6307665553597.439,2014-03-06
1878.52,1883.5699,1870.5601,1878.04,3564740096.0,6694724489891.84,2014-03-07
1877.86,1877.87,1867.04,1877.17,3021349888.0,5671587369256.96,2014-03-10
1878.26,1882.35,1863.88,1867.63,3392399872.0,6335747772943.36,2014-03-11
1866.15,1868.38,1854.38,1868.2,3270860032.0,6110620711782.4,2014-03-12
1869.0601,1874.4,1841.86,1846.34,3670990080.0,6777895824307.199,2014-03-13
1845.0699,1852.4399,1839.5699,1841.13,3285459968.0,6048958910883.841,2014-03-14
1842.8101,1862.3,1842.8101,1858.83,2860489984.0,5317164596958.72,2014-03-17
1858.92,1873.76,1858.92,1872.25,2930190080.0,5486048377280.0,2014-03-18
1872.25,1874.14,1850.35,1860.77,3289210112.0,6120463500106.24,2014-03-19
1860.09,1873.49,1854.63,1872.01,3327539968.0,6229188095495.68,2014-03-20
1874.53,1883.97,1863.46,1866.52,5270709760.0,9837885181235.2,2014-03-21
1867.67,1873.34,1849.6899,1857.4399,3408999936.0,6332012500223.847,2014-03-24
1859.48,1871.87,1855.96,1865.62,3200560128.0,5971028985999.359,2014-03-25
1867.09,1875.92,1852.5601,1852.5601,3480849920.0,6448483675880.191,2014-03-26
1852.11,1855.55,1842.11,1849.04,3733430016.0,6903261436784.64,2014-03-27
1850.0699,1866.63,1850.0699,1857.62,2955520000.0,5490233062400.0,2014-03-28
1859.16,1875.1801,1859.16,1872.34,3274299904.0,6130602682255.359,2014-03-31
1873.96,1885.84,1873.96,1885.52,3336189952.0,6290452878295.04,2014-04-01
1886.61,1893.17,1883.79,1890.9,3131660032.0,5921655954508.8,2014-04-02
1891.4301,1893.8,1882.65,1888.77,3055600128.0,5771325853762.56,2014-04-03
1890.25,1897.28,1863.26,1865.09,3583749888.0,6684016078609.92,2014-04-04
1863.92,1864.04,1841.48,1845.04,3801540096.0,7013993538723.84,2014-04-07
1845.48,1854.95,1837.49,1851.96,3721449984.0,6891976512368.64,2014-04-08
1852.64,1872.4301,1852.38,1872.1801,3308649984.0,6194388657910.118,2014-04-09
1872.28,1872.53,1830.87,1833.08,3758779904.0,6890144266424.319,2014-04-10
1830.65,1835.0699,1814.36,1815.6899,3743460096.0,6796962687360.23,2014-04-11
1818.1801,1834.1899,1815.8,1830.61,3111539968.0,5696016180820.4795,2014-04-14
1831.45,1844.02,1816.29,1842.98,3736440064.0,6886184309150.72,2014-04-15
1846.01,1862.3101,1846.01,1862.3101,3155079936.0,5875737231120.153,2014-04-16
1861.73,1869.63,1856.72,1864.85,3341430016.0,6231265765337.6,2014-04-17
1865.79,1871.89,1863.1801,1871.89,2642500096.0,4946469504701.44,2014-04-21
1872.5699,1884.89,1872.5699,1879.55,3215439872.0,6043580011417.6,2014-04-22
1879.3199,1879.75,1873.91,1875.39,3085720064.0,5786928550824.96,2014-04-23
1881.97,1884.0601,1870.24,1878.61,3191830016.0,5996203786357.76,2014-04-24
1877.72,1877.72,1859.7,1863.4,3213019904.0,5987141289113.601,2014-04-25
1865.0,1877.01,1850.61,1869.4301,4034680064.0,7542552355511.526,2014-04-28
1870.78,1880.6,1870.78,1878.33,3647820032.0,6851809800706.56,2014-04-29
1877.1,1885.2,1872.6899,1883.95,3779229952.0,7119880268070.4,2014-04-30
1884.39,1888.59,1878.04,1883.6801,3416740096.0,6436045325707.29,2014-05-01
1885.3,1891.33,1878.5,1881.14,3159559936.0,5943574578007.04,2014-05-02
1879.45,1885.51,1866.77,1884.66,2733730048.0,5152151672263.681,2014-05-05
1883.6899,1883.6899,1867.72,1867.72,3327259904.0,6214389867898.88,2014-05-06
1868.53,1878.83,1859.79,1878.21,3632950016.0,6823443049551.36,2014-05-07
1877.39,1889.0699,1870.05,1875.63,3393420032.0,6364800414620.16,2014-05-08
1875.27,1878.5699,1867.02,1878.48,3025019904.0,5682439389265.92,2014-05-09
1880.03,1897.13,1880.03,1896.65,3005740032.0,5700836831692.8,2014-05-12
1896.75,1902.17,1896.0601,1897.45,2915680000.0,5532357016000.0,2014-05-13
1897.13,1897.13,1885.77,1888.53,2822060032.0,5329545032232.96,2014-05-14
1888.16,1888.16,1862.36,1870.85,3552640000.0,6646456544000.0,2014-05-15
1871.1899,1878.28,1864.8199,1877.86,3173649920.0,5959670238771.199,2014-05-16
1876.66,1886.0,1872.42,1885.08,2664250112.0,5022324601128.96,2014-05-19
1884.88,1884.88,1868.14,1872.83,3007699968.0,5632910731069.439,2014-05-20
1873.34,1888.8,1873.34,1888.03,2777139968.0,5243323573783.04,2014-05-21
1888.1899,1896.33,1885.39,1892.49,2759800064.0,5222894023119.36,2014-05-22
1893.3199,1901.26,1893.3199,1900.53,2396280064.0,4554202150033.92,2014-05-23
1902.01,1912.28,1902.01,1911.91,2911020032.0,5565608309381.12,2014-05-27
1911.77,1914.46,1907.3,1909.78,2976450048.0,5684364772669.439,2014-05-28
1910.6,1920.03,1909.8199,1920.03,2709050112.0,5201457486543.36,2014-05-29
1920.33,1924.03,1916.64,1923.5699,3263490048.0,6277551225282.355,2014-05-30
1923.87,1925.88,1915.98,1924.97,2509019904.0,4829788044602.88,2014-06-02
1923.0699,1925.0699,1918.79,1924.24,2867180032.0,5517142504775.68,2014-06-03
1923.0601,1928.63,1918.6,1927.88,2793920000.0,5386342489600.0,2014-06-04
1928.52,1941.74,1922.9301,1940.46,3113270016.0,6041175935247.36,2014-06-05
1942.41,1949.4399,1942.41,1949.4399,2864300032.0,5583780767952.077,2014-06-06
1948.97,1955.55,1947.16,1951.27,2812179968.0,5487322406159.36,2014-06-09
1950.34,1950.86,1944.64,1950.79,2702360064.0,5271736989250.56,2014-06-10
1949.37,1949.37,1940.08,1943.89,2710619904.0,5269146925186.561,2014-06-11
1943.35,1943.35,1925.78,1930.11,3040480000.0,5868460852800.0,2014-06-12
1930.8,1937.3,1927.6899,1936.16,2598230016.0,5030589027778.561,2014-06-13
1934.84,1941.15,1930.91,1937.78,2926129920.0,5670196036377.6,2014-06-16
1937.15,1943.6899,1933.55,1941.99,2971259904.0,5770157020968.96,2014-06-17
1942.73,1957.74,1939.29,1956.98,3065220096.0,5998574423470.08,2014-06-18
1957.5,1959.87,1952.26,1959.48,2952150016.0,5784678913351.68,2014-06-19
1960.45,1963.91,1959.17,1962.87,4336240128.0,8511475660047.359,2014-06-20
1962.92,1963.74,1958.89,1962.61,2717629952.0,5333647720094.72,2014-06-23
1961.97,1968.17,1948.34,1949.98,3089700096.0,6024853393198.08,2014-06-24
1949.27,1960.83,1947.49,1959.53,3106710016.0,6087691477652.4795,2014-06-25
1959.89,1959.89,1944.6899,1957.22,2778840064.0,5438801350062.08,2014-06-26
1956.5601,1961.47,1952.1801,1960.96,4290589952.0,8413675272273.92,2014-06-27
1960.79,1964.24,1958.22,1960.23,3037349888.0,5953904370954.24,2014-06-30
1962.29,1978.58,1962.29,1973.3199,3188239872.0,6291417185391.053,2014-07-01
1973.0601,1976.67,1972.58,1974.62,2851480064.0,5630589563975.68,2014-07-02
1975.88,1985.59,1975.88,1985.4399,1998089984.0,3967087578023.962,2014-07-03
1984.22,1984.22,1974.88,1977.65,2681260032.0,5302593902284.8,2014-07-07
1976.39,1976.39,1959.46,1963.71,3302429952.0,6485014721041.92,2014-07-08
1965.1,1974.15,1965.1,1972.83,2858800128.0,5639926656522.24,2014-07-09
1966.67,1969.84,1952.86,1964.6801,3165690112.0,6219568365813.171,2014-07-10
1965.76,1968.67,1959.63,1967.5699,2684630016.0,5282197212118.118,2014-07-11
1969.86,1979.85,1969.86,1977.1,2744920064.0,5426981458534.399,2014-07-14
1977.36,1982.52,1965.34,1973.28,3328740096.0,6568536256634.88,2014-07-15
1976.35,1983.9399,1975.67,1981.5699,3390949888.0,6719404230469.171,2014-07-16
1979.75,1981.8,1955.59,1958.12,3381680128.0,6621735492239.359,2014-07-17
1961.54,1979.91,1960.8199,1978.22,3106060032.0,6144470076503.04,2014-07-18
1976.9301,1976.9301,1965.77,1973.63,2611160064.0,5153463837112.32,2014-07-21
1975.65,1986.24,1975.65,1983.53,2890480128.0,5733354048291.84,2014-07-22
1985.3199,1989.23,1982.4399,1987.01,2869720064.0,5702162464368.64,2014-07-23
1988.0699,1991.39,1985.79,1987.98,3203529984.0,6368553537592.32,2014-07-24
1984.6,1984.6,1974.37,1978.34,2638960128.0,5220760379627.52,2014-07-25
1978.25,1981.52,1967.3101,1978.91,2803320064.0,5547518107850.24,2014-07-28
1980.03,1984.85,1969.95,1969.95,3183300096.0,6270942024115.2,2014-07-29
1973.21,1978.9,1962.42,1970.0699,3448250112.0,6793293753322.829,2014-07-30
1965.14,1965.14,1930.67,1930.67,4192999936.0,8095299186437.12,2014-07-31
1929.8,1937.35,1916.37,1925.15,3789659904.0,7295663764185.601,2014-08-01
1926.62,1942.92,1921.2,1938.99,3072920064.0,5958361274895.36,2014-08-04
1936.34,1936.34,1913.77,1920.21,3462520064.0,6648765652093.44,2014-08-05
1917.29,1927.91,1911.45,1920.24,3539150080.0,6796017549619.2,2014-08-06
1923.03,1928.89,1904.78,1909.5699,3230520064.0,6168903875560.474,2014-08-07
1910.35,1932.38,1909.01,1931.59,2902279936.0,5606014901578.24,2014-08-08
1933.4301,1944.9,1933.4301,1936.92,2784890112.0,5394109355735.04,2014-08-11
1935.73,1939.65,1928.29,1933.75,2611699968.0,5050374813120.0,2014-08-12
1935.6,1948.41,1935.6,1946.72,2718020096.0,5291224081285.12,2014-08-13
1947.41,1955.23,1947.41,1955.1801,2609459968.0,5101964201180.237,2014-08-14
1958.87,1964.04,1941.5,1955.0601,3023379968.0,5910889542576.076,2014-08-15
1958.36,1971.99,1958.36,1971.74,2638159872.0,5201765346017.28,2014-08-18
1972.73,1982.5699,1972.73,1981.6,2656430080.0,5263981846528.0,2014-08-19
1980.46,1988.5699,1977.6801,1986.51,2579379968.0,5123964100231.68,2014-08-20
1986.8199,1994.76,1986.8199,1992.37,2638919936.0,5257704912888.319,2014-08-21
1992.6,1993.54,1984.76,1988.4,2301860096.0,4577018614886.4,2014-08-22
1991.74,2001.95,1991.74,1997.92,2233880064.0,4463113657466.88,2014-08-25
1998.59,2005.04,1998.59,2000.02,2451950080.0,4903949199001.6,2014-08-26
2000.54,2002.14,1996.2,2000.12,2344349952.0,4688981225994.239,2014-08-27
1997.42,1998.55,1990.52,1996.74,2282400000.0,4557359376000.0,2014-08-28
1998.45,2003.38,1994.65,2003.37,2259130112.0,4525873492477.439,2014-08-29
2004.0699,2006.12,1994.85,2002.28,2819980032.0,5646389618472.96,2014-09-02
2003.5699,2009.28,1998.14,2000.72,2809979904.0,5621982993530.88,2014-09-03
2001.67,2011.17,1992.54,1997.65,3072410112.0,6137600060236.8,2014-09-04
1998.0,2007.71,1990.1,2007.71,2818299904.0,5658328900259.84,2014-09-05
2007.17,2007.17,1995.6,2001.54,2789090048.0,5582475294673.92,2014-09-08
2000.73,2001.01,1984.61,1988.4399,2882830080.0,5732334355992.192,2014-09-09
1988.41,1996.66,1982.99,1995.6899,2912430080.0,5812307295112.192,2014-09-10
1992.85,1997.65,1985.9301,1997.45,2941690112.0,5875878914214.4,2014-09-11
1996.74,1996.74,1980.26,1985.54,3206569984.0,6366772966031.36,2014-09-12
1986.04,1987.1801,1978.48,1984.13,2776529920.0,5508996310169.601,2014-09-15
1981.9301,2002.28,1979.0601,1998.98,3160310016.0,6317396515783.68,2014-09-16
1999.3,2010.74,1993.29,2001.5699,3209420032.0,6423878532508.236,2014-09-17
2003.0699,2012.34,2003.0699,2011.36,3235340032.0,6507433526763.52,2014-09-18
2012.74,2019.26,2006.59,2010.4,4880220160.0,9811194609664.0,2014-09-19
2009.08,2009.08,1991.01,1994.29,3349669888.0,6680213160939.52,2014-09-22
1992.78,1995.41,1982.77,1982.77,3279350016.0,6502196831224.32,2014-09-23
1983.34,1999.79,1978.63,1998.3,3313850112.0,6622066678809.6,2014-09-24
1997.3199,1997.3199,1965.99,1965.99,3273050112.0,6434783789690.88,2014-09-25
1966.22,1986.37,1966.22,1982.85,2929440000.0,5808640104000.0,2014-09-26
1978.96,1981.28,1964.04,1977.8,3094439936.0,6120183305420.8,2014-09-29
1978.21,1985.17,1968.96,1972.29,3951099904.0,7792714829660.16,2014-09-30
1971.4399,1971.4399,1941.72,1946.16,4188590080.0,8151666470092.801,2014-10-01
1945.83,1952.3199,1926.03,1946.17,4012509952.0,7809026493283.84,2014-10-02
1948.12,1971.1899,1948.12,1967.9,3560969984.0,7007632831513.601,2014-10-03
1970.01,1977.84,1958.4301,1964.8199,3358220032.0,6598297547452.236,2014-10-06
1962.36,1962.36,1934.87,1935.1,3687869952.0,7136397144115.199,2014-10-07
1935.55,1970.36,1925.25,1968.89,4441889792.0,8745592392570.881,2014-10-08
1967.6801,1967.6801,1927.5601,1928.21,4324020224.0,8337619036119.04,2014-10-09
1925.63,1936.98,1906.05,1906.13,4550539776.0,8673920383226.881,2014-10-10
1905.65,1912.09,1874.14,1874.74,4352580096.0,8159956009175.04,2014-10-13
1877.11,1898.71,1871.79,1877.7,4812009984.0,9035511146956.8,2014-10-14
1874.1801,1874.1801,1820.66,1862.49,6090800128.0,11344054330398.72,2014-10-15
1855.95,1876.01,1835.02,1862.76,5073149952.0,9450060804587.52,2014-10-16
1864.91,1898.16,1864.91,1886.76,4482120192.0,8456685093457.92,2014-10-17
1885.62,1905.03,1882.3,1904.01,3331209984.0,6342657121635.84,2014-10-20
1909.38,1942.45,1909.38,1941.28,3987089920.0,7740057919897.6,2014-10-21
1941.29,1949.3101,1926.83,1927.11,3761929984.0,7249652891466.239,2014-10-22
1931.02,1961.95,1931.02,1950.8199,3789250048.0,7392144399714.355,2014-10-23
1951.59,1965.27,1946.27,1964.58,3078380032.0,6047723843266.56,2014-10-24
1962.97,1964.64,1951.37,1961.63,3538860032.0,6941934004572.16,2014-10-27
1964.14,1985.05,1964.14,1985.05,3653260032.0,7251903826521.6,2014-10-28
1983.29,1991.4,1969.04,1982.3,3740349952.0,7414495709849.6,2014-10-29
1979.49,1999.4,1974.75,1994.65,3586149888.0,7153113874099.2,2014-10-30
2001.2,2018.1899,2001.2,2018.05,4292290048.0,8662055931366.399,2014-10-31
2018.21,2024.46,2013.6801,2017.8101,3555440128.0,7174203000223.692,2014-11-03
2015.8101,2015.98,2001.01,2012.1,3956260096.0,7960390939161.6,2014-11-04
2015.29,2023.77,2014.42,2023.5699,3766589952.0,7621958052509.645,2014-11-05
2023.33,2031.61,2015.86,2031.21,3669769984.0,7454073489200.64,2014-11-06
2032.36,2034.26,2025.0699,2031.92,3704280064.0,7526800747642.88,2014-11-07
2032.01,2038.7,2030.17,2038.26,3284940032.0,6695561869624.32,2014-11-10
2038.2,2041.28,2035.28,2039.6801,2958320128.0,6034026694511.053,2014-11-11
2037.75,2040.33,2031.95,2038.25,3246650112.0,6617484590784.0,2014-11-12
2039.21,2046.1801,2030.4399,2039.33,3455269888.0,7046435540695.04,2014-11-13
2039.74,2042.22,2035.2,2039.8199,3227130112.0,6582764222346.829,2014-11-14
2038.29,2043.0699,2034.46,2041.3199,3152890112.0,6436057328138.829,2014-11-17
2041.48,2056.0801,2041.48,2051.8,3416189952.0,7009338543513.601,2014-11-18
2051.1599,2052.1399,2040.37,2048.72,3390850048.0,6946902310338.56,2014-11-19
2045.87,2053.8401,2040.49,2052.75,3128290048.0,6421597396032.0,2014-11-20
2057.46,2071.46,2056.75,2063.5,3916420096.0,8081532868096.0,2014-11-21
2065.0701,2070.1699,2065.0701,2069.4099,3128059904.0,6473238133130.65,2014-11-24
2070.1499,2074.21,2064.75,2067.03,3392940032.0,7013308834344.961,2014-11-25
2067.3601,2073.29,2066.6201,2072.8301,2745260032.0,5690457626656.563,2014-11-26
2074.78,2075.76,2065.0601,2067.5601,2504640000.0,5178493728864.0,2014-11-28
2065.78,2065.78,2049.5701,2053.4399,4159010048.0,8540277177064.114,2014-12-01
2053.77,2068.77,2053.77,2066.55,3686650112.0,7618646788953.601,2014-12-02
2067.45,2076.28,2066.6499,2074.3301,3612679936.0,7493890732910.874,2014-12-03
2073.6399,2077.3401,2062.3401,2071.9199,3408339968.0,7061807405664.5625,2014-12-04
2072.78,2079.47,2070.8101,2075.3701,3419620096.0,7096977300597.53,2014-12-05
2074.8401,2075.78,2054.27,2060.3101,3800989952.0,7831217988104.116,2014-12-08
2056.55,2060.6001,2034.17,2059.8201,3970149888.0,8177794539315.148,2014-12-09
2058.8601,2058.8601,2024.26,2026.14,4114439936.0,8336431331927.04,2014-12-10
2027.92,2055.53,2027.92,2035.33,3917949952.0,7974321075804.16,2014-12-11
2030.36,2032.25,2002.33,2002.33,4157649920.0,8324987164313.6,2014-12-12
2005.03,2018.6899,1982.26,1989.63,4361990144.0,8678746450206.721,2014-12-15
1986.71,2016.89,1972.5601,1972.74,4958680064.0,9782186509455.36,2014-12-16
1973.77,2016.75,1973.77,2012.89,4912370176.0,9888060803568.64,2014-12-17
2018.98,2061.23,2018.98,2061.23,4703379968.0,9694747891440.64,2014-12-18
2061.04,2077.8501,2061.03,2070.6499,6465529856.0,13387848749773.414,2014-12-19
2069.28,2078.76,2069.28,2078.54,3369520128.0,7003682366853.12,2014-12-22
2081.48,2086.73,2079.77,2082.1699,3043950080.0,6338021233678.592,2014-12-23
2083.25,2087.5601,2081.8601,2081.8799,1416979968.0,2949982114081.8433,2014-12-24
2084.3,2092.7,2084.3,2088.77,1735229952.0,3624496266839.04,2014-12-26
2087.6299,2093.55,2085.75,2090.5701,2452359936.0,5126830356639.514,2014-12-29
2088.49,2088.49,2079.53,2080.3501,2440280064.0,5076636875170.406,2014-12-30
2082.1101,2085.5801,2057.9399,2058.8999,2606070016.0,5365637295335.398,2014-12-31
2058.8999,2072.3601,2046.04,2058.2,2708699904.0,5575046142412.8,2015-01-02
2054.4399,2054.4399,2017.34,2020.58,3799119872.0,7676425630965.76,2015-01-05
2022.15,2030.25,1992.4399,2002.61,4460109824.0,8931860534640.639,2015-01-06
2005.55,2029.61,2005.55,2025.9,3805479936.0,7709521802342.4,2015-01-07
2030.61,2064.0801,2030.61,2062.1399,3934010112.0,8112479218958.669,2015-01-08
2063.45,2064.4299,2038.33,2044.8101,3364140032.0,6879027515247.923,2015-01-09
2046.13,2049.3,2022.58,2028.26,3456460032.0,7010599624504.32,2015-01-12
2031.58,2056.9299,2008.25,2023.03,4107300096.0,8309191313210.88,2015-01-13
2018.4,2018.4,1988.4399,2011.27,4378679808.0,8806707337436.16,2015-01-14
2013.75,2021.35,1991.47,1992.67,4276720128.0,8522091897461.761,2015-01-15
1992.25,2020.46,1988.12,2019.42,4056410112.0,8191595708375.04,2015-01-16
2020.76,2028.9399,2004.49,2022.55,3944339968.0,7977624802278.399,2015-01-20
2020.1899,2038.29,2012.04,2032.12,3730070016.0,7579949880913.92,2015-01-21
2034.3,2064.6201,2026.38,2063.1499,4176049920.0,8615816974843.008,2015-01-22
2062.98,2062.98,2050.54,2051.8201,3573560064.0,7332302367872.486,2015-01-23
2050.4199,2057.6201,2040.97,2057.0901,3465760000.0,7129380584976.0,2015-01-26
2047.86,2047.86,2019.91,2029.55,3329809920.0,6758015723136.0,2015-01-27
2032.34,2042.49,2001.49,2002.16,4067529984.0,8143845832765.44,2015-01-28
2002.45,2024.64,1989.1801,2021.25,4127140096.0,8341981919040.0,2015-01-29
2019.35,2023.3199,1993.38,1994.99,4538650112.0,9054561586938.88,2015-01-30
1996.67,2021.66,1980.9,2020.85,4008329984.0,8100233648166.399,2015-02-02
2022.71,2050.3,2022.71,2050.03,4615900160.0,9462733805004.8,2015-02-03
2048.8601,2054.74,2036.72,2041.51,4141920000.0,8455771099200.0,2015-02-04
2043.45,2063.55,2043.45,2062.52,3821989888.0,7882930583797.76,2015-02-05
2062.28,2072.3999,2049.97,2055.47,4232969984.0,8700742813012.4795,2015-02-06
2053.47,2056.1599,2041.88,2046.74,3549540096.0,7264985696087.04,2015-02-09
2049.3799,2070.8601,2048.6201,2068.5901,3669850112.0,7591415610167.091,2015-02-10
2068.55,2073.48,2057.99,2068.53,3596859904.0,7440212617221.121,2015-02-11
2069.98,2088.53,2069.98,2088.48,3788349952.0,7911893107752.96,2015-02-12
2088.78,2097.03,2086.7,2096.99,3527450112.0,7397027610362.879,2015-02-13
2096.47,2101.3,2089.8,2100.3401,3361750016.0,7060818364780.441,2015-02-17
2099.1599,2100.23,2092.1499,2099.6799,3370020096.0,7075963458167.2705,2015-02-18
2099.25,2102.1299,2090.79,2097.45,3247099904.0,6810629693644.8,2015-02-19
2097.6499,2110.6101,2085.4399,2110.3,3281600000.0,6925160480000.001,2015-02-20
2109.8301,2110.05,2103.0,2109.6599,3093680128.0,6526612909468.468,2015-02-23
2109.1001,2117.9399,2105.8701,2115.48,3199840000.0,6769197523200.0,2015-02-24
2115.3,2119.5901,2109.8899,2113.8601,3312339968.0,7001823295990.477,2015-02-25
2113.9099,2113.9099,2103.76,2110.74,3408689920.0,7194858161740.799,2015-02-26
2110.8799,2112.74,2103.75,2104.5,3547379968.0,7465461142656.0,2015-02-27
2105.23,2117.52,2104.5,2117.3899,3409489920.0,7219219520759.809,2015-03-02
2115.76,2115.76,2098.26,2107.78,3262299904.0,6876210491653.121,2015-03-03
2097.3701,2101.05,2094.49,2098.53,3421110016.0,7179302001876.48,2015-03-04
2098.54,2104.25,2095.22,2101.04,3103030016.0,6519590184816.64,2015-03-05
2100.9099,2100.9099,2067.27,2071.26,3853570048.0,7981745497620.48,2015-03-06
2072.25,2083.49,2072.21,2079.4299,3349090048.0,6964197983603.636,2015-03-09
2076.1399,2076.1399,2044.16,2044.16,3668900096.0,7499818820239.36,2015-03-10
2044.6899,2050.0801,2039.6899,2040.24,3406569984.0,6950220344156.16,2015-03-11
2041.1,2066.4099,2041.1,2065.95,3405860096.0,7036336665331.199,2015-03-12
2064.5601,2064.5601,2041.17,2053.3999,3498560000.0,7183942754144.0,2015-03-13
2055.3501,2081.4099,2055.3501,2081.1899,3295600128.0,6858769700832.307,2015-03-16
2080.5901,2080.5901,2065.0801,2074.28,3221839872.0,6682998009692.161,2015-03-17
2072.8401,2106.8501,2061.23,2099.5,4128209920.0,8667176727040.0,2015-03-18
2098.6899,2098.6899,2085.5601,2089.27,3305220096.0,6905497189969.92,2015-03-19
2090.3201,2113.9199,2090.3201,2108.0601,5554120192.0,11708419167359.54,2015-03-20
2107.99,2114.8601,2104.4199,2104.4199,3267960064.0,6877160191086.873,2015-03-23
2103.9399,2107.6299,2091.5,2091.5,3189819904.0,6671508329216.0,2015-03-24
2093.1001,2097.4299,2061.05,2061.05,3521139968.0,7257245531046.4,2015-03-25
2059.9399,2067.1499,2045.5,2056.1499,3510670080.0,7218463933924.991,2015-03-26
2055.78,2062.8301,2052.96,2061.02,3008549888.0,6200681490165.76,2015-03-27
2064.1101,2088.97,2064.1101,2086.24,2917690112.0,6087001819258.879,2015-03-30
2084.05,2084.05,2067.04,2067.8899,3376549888.0,6982333410241.332,2015-03-31
2067.6299,2067.6299,2048.3799,2059.6899,3543269888.0,7298037201287.73,2015-04-01
2060.03,2072.1699,2057.3201,2066.96,3095960064.0,6399225613885.44,2015-04-02
2064.8701,2086.99,2056.52,2080.6201,3302970112.0,6872226004726.451,2015-04-06
2080.79,2089.8101,2076.1001,2076.3301,3065509888.0,6365010452302.029,2015-04-07
2076.9399,2086.6899,2073.3,2081.8999,3265329920.0,6798090033915.008,2015-04-08
2081.29,2093.3101,2074.29,2091.1799,3172359936.0,6633975333728.486,2015-04-09
2091.51,2102.6101,2091.51,2102.0601,536200000.0,1127124625620.0,2015-04-10
2102.03,2107.6499,2092.3301,2092.4299,2908420096.0,6085665170631.2705,2015-04-13
2092.28,2098.6201,2083.24,2095.8401,3301270016.0,6918934080460.441,2015-04-14
2097.8201,2111.9099,2097.8201,2106.6299,4013760000.0,8455506827424.0,2015-04-15
2105.96,2111.3,2100.02,2104.99,3434119936.0,7228788124080.64,2015-04-16
2102.5801,2102.5801,2072.3701,2081.1799,3627599872.0,7549687938848.973,2015-04-17
2084.1101,2103.9399,2084.1101,2100.3999,3000160000.0,6301535763984.0,2015-04-20
2102.8201,2109.6399,2094.3799,2097.29,3243409920.0,6802371191116.8,2015-04-21
2098.27,2109.98,2091.05,2107.96,3348480000.0,7058461900800.0,2015-04-22
2107.21,2120.49,2103.1899,2112.9299,3636669952.0,7684028678012.365,2015-04-23
2112.8,2120.9199,2112.8,2117.6899,3375780096.0,7148855413920.2295,2015-04-24
2119.29,2125.9199,2107.04,2108.9199,3438749952.0,7252048204896.845,2015-04-27
2108.3501,2116.04,2094.8899,2114.76,3546269952.0,7499509843691.5205,2015-04-28
2112.49,2113.6499,2097.4099,2106.8501,4074970112.0,8585351187964.212,2015-04-29
2105.52,2105.52,2077.5901,2085.51,4509680128.0,9404983003745.281,2015-04-30
2087.3799,2108.4099,2087.3799,2108.29,3379389952.0,7124734041902.08,2015-05-01
2110.23,2120.95,2110.23,2114.49,3091579904.0,6537114791208.959,2015-05-04
2112.6299,2115.24,2088.46,2089.46,3793949952.0,7927306666705.92,2015-05-05
2091.26,2098.4199,2067.9299,2080.1499,3792209920.0,7888365085867.008,2015-05-06
2079.96,2092.8999,2074.99,2088.0,3676640000.0,7676824320000.0,2015-05-07
2092.1299,2117.6599,2092.1299,2116.1001,3399439872.0,7193555053083.1875,2015-05-08
2115.5601,2117.6899,2104.5801,2105.3301,2992669952.0,6300558129311.155,2015-05-11
2102.8701,2105.0601,2085.5701,2099.1201,0.0,0.0,2015-05-12
2099.6201,2110.1899,2096.04,2098.48,3374259968.0,7080817057648.64,2015-05-13
2100.4299,2121.45,2100.4299,2121.1001,3225740032.0,6842117504449.203,2015-05-14
2122.0701,2123.8899,2116.8101,2122.73,3092080128.0,6563651250109.44,2015-05-15
2121.3,2131.78,2120.01,2129.2,2888189952.0,6149534045798.399,2015-05-18
2129.45,2133.02,2124.5,2127.8301,3296029952.0,7013391742367.155,2015-05-19
2127.79,2134.72,2122.5901,2125.8501,3025880064.0,6432567436642.406,2015-05-20
2125.55,2134.28,2122.95,2130.8201,3070459904.0,6542597679687.2705,2015-05-21
2130.3601,2132.1499,2126.0601,2126.0601,2571859968.0,5467928860752.077,2015-05-22
2125.3401,2125.3401,2099.1799,2104.2,3342129920.0,7032509777663.999,2015-05-26
2105.1299,2126.22,2105.1299,2123.48,3127960064.0,6642160636702.72,2015-05-27
2122.27,2122.27,2112.8601,2120.79,2980349952.0,6320696374702.08,2015-05-28
2120.6599,2120.6599,2104.8899,2107.3899,3927389952.0,8276541918206.285,2015-05-29
2108.6399,2119.1499,2102.54,2111.73,3011709952.0,6359918256936.96,2015-06-01
2110.4099,2117.5901,2099.1399,2109.6001,3049349888.0,6432908828659.789,2015-06-02
2110.6399,2121.9199,2109.6101,2114.0701,3099980032.0,6553575096248.243,2015-06-03
2112.3501,2112.8899,2093.23,2095.8401,3200049920.0,6706792944337.792,2015-06-04
2095.0901,2100.99,2085.6699,2092.8301,3243689984.0,6788492033583.719,2015-06-05
2092.3401,2093.01,2079.1101,2079.28,2917149952.0,6065571552194.561,2015-06-08
2079.0701,2085.6201,2072.1399,2080.1499,3034579968.0,6312381216977.203,2015-06-09
2081.1201,2108.5,2081.1201,2105.2,3414320128.0,7187826733465.6,2015-06-10
2106.24,2115.02,2106.24,2108.8601,3128600064.0,6597779843827.046,2015-06-11
2107.4299,2107.4299,2091.3301,2094.1101,2719399936.0,5694722871916.953,2015-06-12
2091.3401,2091.3401,2072.49,2084.4299,3061570048.0,6381628148995.636,2015-06-15
2084.26,2097.3999,2082.1001,2096.29,2919899904.0,6120956969756.16,2015-06-16
2097.3999,2106.79,2088.8601,2100.4399,3222240000.0,6768121463376.0,2015-06-17
2101.5801,2126.6499,2101.5801,2121.24,3520359936.0,7467528310640.64,2015-06-18
2121.0601,2121.6399,2109.45,2109.99,4449809920.0,9389054433100.799,2015-06-19
2112.5,2129.8701,2112.5,2122.8501,3030020096.0,6432278463795.61,2015-06-22
2123.1599,2128.03,2119.8899,2124.2,3091190016.0,6566305831987.199,2015-06-23
2123.6499,2125.1001,2108.5801,2108.5801,3102479872.0,6541827318749.748,2015-06-24
2109.96,2116.04,2101.78,2102.3101,3214609920.0,6758106902376.192,2015-06-25
2102.6201,2108.9199,2095.3799,2101.6101,5025469952.0,10561578408369.715,2015-06-26
2098.6299,2098.6299,2056.6399,2057.6399,3678960128.0,7569975149881.907,2015-06-29
2061.1899,2074.28,2056.3201,2063.1101,4078540032.0,8414477133273.522,2015-06-30
2067.0,2082.78,2067.0,2077.4199,3727259904.0,7743083897041.689,2015-07-01
2078.03,2085.0601,2071.02,2076.78,2996539904.0,6223154141829.12,2015-07-02
2073.95,2078.6101,2058.3999,2068.76,3486360064.0,7212442246000.641,2015-07-06
2069.52,2083.74,2044.02,2081.3401,4458659840.0,9279987517251.584,2015-07-07
2077.6599,2077.6599,2044.66,2046.6801,3608780032.0,7386018276771.764,2015-07-08
2049.73,2074.28,2049.73,2051.3101,3446810112.0,7070476395527.731,2015-07-09
2052.74,2081.3101,2052.74,2076.6201,3065070080.0,6364986136036.608,2015-07-10
2080.03,2100.6699,2080.03,2099.6001,3096730112.0,6501894852828.212,2015-07-13
2099.72,2111.98,2098.1799,2108.95,3002119936.0,6331320839027.199,2015-07-14
2109.01,2114.1399,2102.49,2107.3999,3261809920.0,6873937899227.008,2015-07-15
2110.55,2124.4199,2110.55,2124.29,3227079936.0,6855253637245.439,2015-07-16
2126.8,2128.9099,2119.8799,2126.6399,3362749952.0,7151358221646.285,2015-07-17
2126.8501,2132.8201,2123.6599,2128.28,3245870080.0,6908120373862.4,2015-07-20
2127.55,2128.49,2115.3999,2119.21,3343689984.0,7085981250992.64,2015-07-21
2118.21,2118.51,2110.0,2114.1499,3694070016.0,7809817754919.398,2015-07-22
2114.1599,2116.8701,2098.6299,2102.1499,3772809984.0,7931012130584.602,2015-07-23
2102.24,2106.01,2077.0901,2079.6499,3870040064.0,8048328432093.593,2015-07-24
2078.1899,2078.1899,2063.52,2067.6399,3836750080.0,7933017551736.192,2015-07-27
2070.75,2095.6001,2069.0901,2093.25,4117740032.0,8619459321984.0,2015-07-28
2094.7,2110.6001,2094.0801,2108.5701,4038899968.0,8516303709415.757,2015-07-29
2106.78,2110.48,2094.97,2108.6299,3579409920.0,7547650781668.607,2015-07-30
2111.6001,2114.24,2102.0701,2103.8401,3681339904.0,7744950511765.35,2015-07-31
2104.49,2105.7,2087.3101,2098.04,3476770048.0,7294402631505.92,2015-08-03
2097.6799,2102.51,2088.6001,2093.3201,3546710016.0,7424399365364.121,2015-08-04
2095.27,2112.6599,2095.27,2099.8401,3968679936.0,8333593273678.233,2015-08-05
2100.75,2103.3201,2075.53,2083.5601,4246569984.0,8847983780520.04,2015-08-06
2082.6101,2082.6101,2067.9099,2077.5701,3602319872.0,7484072056703.027,2015-08-07
2080.98,2105.3501,2080.98,2104.1799,3514459904.0,7395055889352.7295,2015-08-10
2102.6599,2102.6599,2076.49,2084.0701,3708879872.0,7729565645727.027,2015-08-11
2081.1001,2089.0601,2052.0901,2086.05,4269129984.0,8905618603123.201,2015-08-12
2086.1899,2092.9299,2078.26,2083.3899,3221299968.0,6711223818201.523,2015-08-13
2083.1499,2092.45,2080.6101,2091.54,2795589888.0,5847088074347.52,2015-08-14
2089.7,2102.8701,2079.3,2102.4399,2867689984.0,6029145843191.961,2015-08-17
2101.99,2103.47,2094.1399,2096.9199,2949989888.0,6185892500945.971,2015-08-18
2095.6899,2096.1699,2070.53,2079.6101,3512920064.0,7305504045587.046,2015-08-19
2076.6101,2076.6101,2035.73,2035.73,3922469888.0,7985089625098.24,2015-08-20
2034.08,2034.08,1970.89,1970.89,5018240000.0,9890399033600.0,2015-08-21
1965.15,1965.15,1867.01,1893.21,6612689920.0,12519210683443.201,2015-08-24
1898.08,1948.04,1867.08,1867.61,5183560192.0,9680868850181.12,2015-08-25
1872.75,1943.09,1872.75,1940.51,5338250240.0,10358927973222.4,2015-08-26
1942.77,1989.6,1942.77,1987.66,4976390144.0,9891371633623.041,2015-08-27
1986.0601,1993.48,1975.1899,1988.87,3949080064.0,7854206866887.68,2015-08-28
1986.73,1986.73,1965.98,1972.1801,3915099904.0,7721282120180.711,2015-08-31
1970.09,1970.09,1903.0699,1913.85,4371850240.0,8367065581824.0,2015-09-01
1916.52,1948.91,1916.52,1948.86,3742619904.0,7293842226109.439,2015-09-02
1950.79,1975.01,1944.72,1951.13,3520699904.0,6869343203691.5205,2015-09-03
1947.76,1947.76,1911.21,1921.22,3167089920.0,6084676496102.4,2015-09-04
1927.3,1970.42,1927.3,1969.41,3548649984.0,6988746764989.44,2015-09-08
1971.45,1988.63,1937.88,1942.04,3652120064.0,7092563249090.56,2015-09-09
1941.59,1965.29,1937.1899,1952.29,3626319872.0,7079628022906.88,2015-09-10
1951.45,1961.05,1939.1899,1961.05,3218589952.0,6311815825369.6,2015-09-11
1963.0601,1963.0601,1948.27,1953.03,3000199936.0,5859480481006.08,2015-09-14
1955.1,1983.1899,1954.3,1978.09,3239859968.0,6408734604101.12,2015-09-15
1978.02,1997.26,1977.9301,1995.3101,3630680064.0,7244332601567.846,2015-09-16
1995.33,2020.86,1986.73,1990.2,4183790080.0,8326579017216.0,2015-09-17
1989.66,1989.66,1953.45,1958.08,6000240128.0,11748950189834.24,2015-09-18
1960.84,1979.64,1955.8,1966.97,3269349888.0,6430713149199.36,2015-09-21
1961.39,1961.39,1929.22,1942.74,3808260096.0,7398459218903.04,2015-09-22
1943.24,1949.52,1932.5699,1938.76,3190530048.0,6185672035860.4795,2015-09-23
1934.8101,1937.17,1908.92,1932.24,4091529984.0,7905817896284.16,2015-09-24
1935.9301,1952.89,1921.5,1931.34,3721870080.0,7188196560307.199,2015-09-25
1929.1801,1929.1801,1879.21,1881.77,4326660096.0,8141779168849.92,2015-09-28
1881.9,1899.48,1871.91,1884.09,4132389888.0,7785794464081.92,2015-09-29
1887.14,1920.53,1887.14,1920.03,4525069824.0,8688269814174.72,2015-09-30
1919.65,1927.21,1900.7,1923.8199,3983600128.0,7663729199888.947,2015-10-01
1921.77,1951.36,1893.7,1951.36,4378570240.0,8544166823526.399,2015-10-02
1954.33,1989.17,1954.33,1987.05,4334490112.0,8612848577049.6,2015-10-05
1986.63,1991.62,1971.99,1979.92,4202400000.0,8320415808000.0,2015-10-06
1982.34,1999.3101,1976.4399,1995.83,4666469888.0,9313480596567.04,2015-10-07
1994.01,2016.5,1987.53,2013.4301,3939140096.0,7931183237403.29,2015-10-08
2013.73,2020.13,2007.61,2014.89,3706899968.0,7468995676523.5205,2015-10-09
2015.65,2018.66,2010.55,2017.46,2893250048.0,5837016241838.08,2015-10-12
2015.0,2022.34,2001.78,2003.6899,3401920000.0,6816392744608.0,2015-10-13
2003.66,2009.5601,1990.73,1994.24,3644590080.0,7268187321139.2,2015-10-14
1996.47,2024.15,1996.47,2023.86,3746289920.0,7581966317491.199,2015-10-15
2024.37,2033.54,2020.46,2033.11,3595429888.0,7309904459591.68,2015-10-16
2031.73,2034.45,2022.3101,2033.66,3287320064.0,6685291321354.24,2015-10-19
2033.13,2039.12,2026.61,2030.77,3331500032.0,6765510319984.64,2015-10-20
2033.47,2037.97,2017.22,2018.9399,3627790080.0,7324290141336.192,2015-10-21
2021.88,2055.2,2021.88,2052.51,4430850048.0,9094364032020.48,2015-10-22
2058.1899,2079.74,2058.1899,2075.1499,4108460032.0,8525670424558.796,2015-10-23
2075.0801,2075.1399,2066.53,2071.1799,3385799936.0,7012600772864.486,2015-10-26
2068.75,2070.3701,2058.8401,2065.8899,4216880128.0,8711610065945.908,2015-10-27
2066.48,2090.3501,2063.1101,2090.3501,4698109952.0,9820694607974.195,2015-10-28
2088.3501,2092.52,2082.6299,2089.4099,4008940032.0,8376318991367.117,2015-10-29
2090.0,2094.3201,2079.3401,2079.3601,4256199936.0,8850172324540.953,2015-10-30
2080.76,2106.2,2080.76,2104.05,3760019968.0,7911270013670.4,2015-11-02
2102.6299,2116.48,2097.51,2109.79,4272059904.0,9013149264860.16,2015-11-03
2110.6001,2114.5901,2096.98,2102.3101,4078870016.0,8575049631223.962,2015-11-04
2101.6799,2108.78,2090.4099,2099.9299,4051889920.0,8508684794516.608,2015-11-05
2098.6001,2101.9099,2083.74,2099.2,4369019904.0,9171446582476.799,2015-11-06
2096.5601,2096.5601,2068.24,2078.5801,3882350080.0,8069775617521.408,2015-11-09
2077.1899,2083.6699,2069.9099,2081.72,3821440000.0,7955168076799.999,2015-11-10
2083.4099,2086.9399,2074.8501,2075.0,3692410112.0,7661750982400.0,2015-11-11
2072.29,2072.29,2045.66,2045.97,4016369920.0,8217372365222.4,2015-11-12
2044.64,2044.64,2022.02,2023.04,4278749952.0,8656082302894.08,2015-11-13
2022.08,2053.22,2019.39,2053.1899,3741240064.0,7681476312880.153,2015-11-16
2053.6699,2066.6899,2045.9,2050.4399,4427350016.0,9078015124072.037,2015-11-17
2051.99,2085.3101,2051.99,2083.5801,3926390016.0,8180948102176.282,2015-11-18
2083.7,2086.74,2078.76,2081.24,3628110080.0,7550967822899.199,2015-11-19
2082.8201,2097.0601,2082.8201,2089.1699,3929600000.0,8209602039039.999,2015-11-20
2089.4099,2095.6101,2081.3899,2086.5901,3587980032.0,7486643613768.883,2015-11-23
2084.4199,2094.1201,2070.29,2089.1399,3884930048.0,8116162371985.716,2015-11-24
2089.3,2093.0,2086.3,2088.8701,2852940032.0,5959421129937.844,2015-11-25
2088.8201,2093.29,2084.1299,2090.1101,1466840064.0,3065857232851.0464,2015-11-27
2090.95,2093.8101,2080.4099,2080.4099,4245029888.0,8831402204791.092,2015-11-30
2082.9299,2103.3701,2082.9299,2102.6299,3712120064.0,7805214638956.313,2015-12-01
2101.71,2104.27,2077.1101,2079.51,3950640128.0,8215395652577.281,2015-12-02
2080.71,2085.0,2042.35,2049.6201,4306489856.0,8826668169303.705,2015-12-03
2051.24,2093.8401,2051.24,2091.6899,4214909952.0,8816284576007.885,2015-12-04
2090.4199,2090.4199,2066.78,2077.0701,4043820032.0,8399297678248.243,2015-12-07
2073.3899,2073.8501,2052.3201,2063.5901,4173570048.0,8612537832709.324,2015-12-08
2061.1699,2080.3301,2036.53,2047.62,4385249792.0,8979325179095.04,2015-12-09
2047.9301,2067.6499,2045.67,2052.23,3715150080.0,7624342448678.4,2015-12-10
2047.27,2047.27,2008.8,2012.37,4301060096.0,8655324305387.52,2015-12-11
2013.37,2022.92,1993.26,2021.9399,4612440064.0,9326076601760.154,2015-12-14
2025.55,2053.8701,2025.55,2043.41,4353540096.0,8896067367567.361,2015-12-15
2046.5,2076.72,2042.4301,2073.0701,4635449856.0,9609612496522.904,2015-12-16
2073.76,2076.3701,2041.66,2041.89,4327390208.0,8836054791813.121,2015-12-17
2040.8101,2040.8101,2005.33,2005.55,6683069952.0,13403230942233.6,2015-12-18
2010.27,2022.9,2005.9301,2021.15,3760280064.0,7600090051353.601,2015-12-21
2023.15,2042.74,2020.49,2038.97,3520859904.0,7178927718458.88,2015-12-22
2042.2,2064.73,2042.2,2064.29,3484090112.0,7192172377300.4795,2015-12-23
2063.52,2067.3601,2058.73,2060.99,1411859968.0,2909829275448.32,2015-12-24
2057.77,2057.77,2044.2,2056.5,2492509952.0,5125846716288.0,2015-12-28
2060.54,2081.5601,2060.54,2078.3601,2542000128.0,5283191640230.093,2015-12-29
2077.3401,2077.3401,2061.97,2063.3601,2367429888.0,4884860370446.669,2015-12-30
2060.5901,2062.54,2043.62,2043.9399,2655330048.0,5427335032776.115,2015-12-31
2038.2,2038.2,1989.6801,2012.66,4304880128.0,8664260038420.48,2016-01-04
2013.78,2021.9399,2004.17,2016.71,3706619904.0,7475177426595.84,2016-01-05
2011.71,2011.71,1979.05,1990.26,4336659968.0,8631080867911.68,2016-01-06
1985.3199,1985.3199,1938.83,1943.09,5076590080.0,9864271418547.2,2016-01-07
1985.3199,1985.3199,1918.46,1922.03,4664940032.0,8966154689704.959,2016-01-08
1926.12,1935.65,1901.1,1923.67,4607289856.0,8862905277291.52,2016-01-11
1927.83,1947.38,1914.35,1938.6801,4887260160.0,9474834015714.816,2016-01-12
1940.34,1950.33,1886.41,1890.28,5087029760.0,9615910614732.8,2016-01-13
1891.6801,1934.47,1878.9301,1921.84,5241110016.0,10072574873149.44,2016-01-14
1916.6801,1916.6801,1857.83,1880.33,5468460032.0,10282509451970.56,2016-01-15
1888.66,1901.4399,1864.6,1881.33,4928350208.0,9271853096816.639,2016-01-19
1876.1801,1876.1801,1812.29,1859.33,6416070144.0,11929591700843.52,2016-01-20
1861.46,1889.85,1848.98,1868.99,5078810112.0,9492245311226.88,2016-01-21
1877.4,1908.85,1877.4,1906.9,4901760000.0,9347166144000.0,2016-01-22
1906.28,1906.28,1875.97,1877.08,4401379840.0,8261742070067.199,2016-01-25
1878.79,1906.73,1878.79,1903.63,4357940224.0,8295905748613.12,2016-01-26
1902.52,1916.99,1872.7,1882.95,4754039808.0,8951619256473.6,2016-01-27
1885.22,1902.96,1873.65,1893.36,4693009920.0,8885557262131.2,2016-01-28
1894.0,1940.24,1894.0,1940.24,5497569792.0,10666604813230.08,2016-01-29
1936.9399,1947.2,1920.3,1939.38,4322529792.0,8383027828008.961,2016-02-01
1935.26,1935.26,1897.29,1903.03,4463190016.0,8493584496148.4795,2016-02-02
1907.0699,1918.01,1872.23,1912.53,5172950016.0,9893422094100.48,2016-02-03
1911.67,1927.35,1900.52,1915.45,5193319936.0,9947544671411.201,2016-02-04
1913.0699,1913.0699,1872.65,1880.05,4929939968.0,9268533636838.4,2016-02-05
1873.25,1873.25,1828.46,1853.4399,5636460032.0,10446839918064.078,2016-02-08
1848.46,1868.25,1834.9399,1852.21,5183220224.0,9600412331095.041,2016-02-09
1857.1,1881.6,1850.3199,1851.86,4471170048.0,8279980965089.279,2016-02-10
1847.0,1847.0,1810.1,1829.08,5500800000.0,10061403264000.0,2016-02-11
1833.4,1864.78,1833.4,1864.78,4696920064.0,8758722596945.92,2016-02-12
1871.4399,1895.77,1871.4399,1895.58,4570670080.0,8664070790246.399,2016-02-16
1898.8,1930.6801,1898.8,1926.8199,5011539968.0,9656334939987.764,2016-02-17
1927.5699,1930.0,1915.09,1917.83,4436490240.0,8508434076979.199,2016-02-18
1916.74,1918.78,1902.17,1917.78,4142850048.0,7945074965053.439,2016-02-19
1924.4399,1946.7,1924.4399,1945.5,4054710016.0,7888438336128.0,2016-02-22
1942.38,1942.38,1919.4399,1921.27,3890650112.0,7474989340682.24,2016-02-23
1917.5601,1932.08,1891.0,1929.8,4317250048.0,8331429142630.399,2016-02-24
1931.87,1951.83,1925.41,1951.7,4118210048.0,8037510550681.601,2016-02-25
1954.95,1962.96,1945.78,1948.05,4348510208.0,8471115310694.399,2016-02-26
1947.13,1958.27,1931.8101,1932.23,4588179968.0,8865418979568.64,2016-02-29
1937.09,1978.35,1937.09,1978.35,4819749888.0,9535152190924.799,2016-03-01
1976.6,1986.51,1968.8,1986.45,4666610176.0,9269987784115.201,2016-03-02
1985.6,1993.6899,1977.37,1993.4,5081699840.0,10129860461056.0,2016-03-03
1994.01,2009.13,1986.77,1999.99,6049930240.0,12099799980697.6,2016-03-04
1996.11,2006.12,1989.38,2001.76,4968180224.0,9945104445194.24,2016-03-07
1996.88,1996.88,1977.4301,1979.26,4641650176.0,9187032527349.76,2016-03-08
1981.4399,1992.6899,1979.84,1989.26,4038119936.0,8032870463887.36,2016-03-09
1990.97,2005.08,1969.25,1989.5699,4376790016.0,8707929674454.118,2016-03-10
1994.71,2022.37,1994.71,2022.1899,4078619904.0,8247743975807.77,2016-03-11
2019.27,2024.5699,2012.05,2019.64,3487849984.0,7044201341685.761,2016-03-14
2015.27,2015.9399,2005.23,2015.9301,3560280064.0,7177275745447.526,2016-03-15
2014.24,2032.02,2010.04,2027.22,4057019904.0,8224471889786.88,2016-03-16
2026.9,2046.24,2022.16,2040.59,4530480128.0,9244852444395.52,2016-03-17
2041.16,2052.3601,2041.16,2049.5801,6503139840.0,13328706003581.186,2016-03-18
2047.88,2053.9099,2043.14,2051.6001,3376600064.0,6927433028962.407,2016-03-21
2048.6399,2056.6001,2040.5699,2049.8,3418459904.0,7007159111219.2,2016-03-22
2048.55,2048.55,2034.86,2036.71,3639510016.0,7412626444687.36,2016-03-23
2032.48,2036.04,2022.49,2035.9399,3407719936.0,6937912985727.847,2016-03-24
2037.89,2042.67,2031.96,2037.05,2809090048.0,5722256882278.399,2016-03-28
2035.75,2055.9099,2028.3101,2055.01,3822330112.0,7854926603461.121,2016-03-29
2058.27,2072.21,2058.27,2063.95,3590309888.0,7410220093337.6,2016-03-30
2063.77,2067.9199,2057.46,2059.74,3715279872.0,7652510563553.279,2016-03-31
2056.6201,2075.0701,2043.98,2072.78,3749989888.0,7772904040048.641,2016-04-01
2073.1899,2074.02,2062.5701,2066.1299,3485710080.0,7201929819019.392,2016-04-04
2062.5,2062.5,2042.5601,2045.17,4154919936.0,8497517605509.12,2016-04-05
2045.5601,2067.3301,2043.09,2066.6599,3750799872.0,7751627688387.533,2016-04-06
2063.01,2063.01,2033.8,2041.91,3801250048.0,7761810485511.681,2016-04-07
2045.54,2060.6299,2041.6899,2047.6,3359529984.0,6878973595238.399,2016-04-08
2050.23,2062.9299,2041.88,2041.99,3567840000.0,7285493601600.0,2016-04-11
2043.72,2065.05,2039.74,2061.72,4239739904.0,8741156554874.879,2016-04-12
2065.9199,2083.1799,2065.9199,2082.4199,4191830016.0,8729150242735.718,2016-04-13
2082.8899,2087.8401,2078.1299,2082.78,3765870080.0,7843478885222.4,2016-04-14
2083.1001,2083.22,2076.3101,2080.73,3701449984.0,7701718025208.32,2016-04-15
2078.8301,2094.6599,2073.6499,2094.3401,3316879872.0,6946674522812.467,2016-04-18
2096.05,2104.05,2091.6799,2100.8,3896829952.0,8186460363161.601,2016-04-19
2101.52,2111.05,2096.3201,2102.3999,4184880128.0,8798291562619.188,2016-04-20
2102.0901,2103.78,2088.52,2091.48,4175290112.0,8732535763445.76,2016-04-21
2091.49,2094.3201,2081.2,2091.5801,3790579968.0,7928301628527.4375,2016-04-22
2089.3701,2089.3701,2077.52,2087.79,3319739904.0,6930919774172.16,2016-04-25
2089.8401,2096.8701,2085.8,2091.7,3557189888.0,7440574088729.6,2016-04-26
2092.3301,2099.8899,2082.3101,2095.1499,4100110080.0,8590345224100.991,2016-04-27
2090.9299,2099.3,2071.6201,2075.8101,4309839872.0,8946409135680.309,2016-04-28
2071.8201,2073.8501,2052.28,2065.3,4704719872.0,9716657951641.602,2016-04-29
2067.1699,2083.4199,2066.1101,2081.4299,3841110016.0,7995001236491.879,2016-05-02
2077.1799,2077.1799,2054.8899,2063.3701,4173390080.0,8611248306708.608,2016-05-03
2060.3,2060.3,2045.55,2051.1201,4058560000.0,8324593993056.0,2016-05-04
2052.95,2060.23,2045.77,2050.6299,4008529920.0,8220011308996.607,2016-05-05
2047.77,2057.72,2039.45,2057.1399,3796349952.0,7809622960622.285,2016-05-06
2057.55,2064.1499,2054.3101,2058.6899,3788620032.0,7799593794816.076,2016-05-09
2062.6299,2084.8701,2062.6299,2084.3899,3600199936.0,7504220384579.047,2016-05-10
2083.29,2083.29,2064.46,2064.46,3821979904.0,7890324632611.84,2016-05-11
2067.1699,2073.99,2053.1299,2064.1101,3782390016.0,7807269434164.761,2016-05-12
2062.5,2066.79,2043.13,2046.61,3579879936.0,7326618075816.96,2016-05-13
2046.53,2071.8799,2046.53,2066.6599,3501360128.0,7236120571996.468,2016-05-16
2065.04,2065.6899,2040.8199,2047.21,4108960000.0,8411904001600.0,2016-05-17
2044.38,2060.6101,2034.49,2047.63,4101319936.0,8397985740551.681,2016-05-18
2044.21,2044.21,2025.91,2040.04,3846769920.0,7847564507596.8,2016-05-19
2041.88,2058.3501,2041.88,2052.3201,3507650048.0,7198820697276.364,2016-05-20
2052.23,2055.5801,2047.26,2048.04,3055480064.0,6257745390274.56,2016-05-23
2052.6499,2079.6699,2052.6499,2076.0601,3627340032.0,7530575909567.924,2016-05-24
2078.9299,2094.73,2078.9299,2090.54,3859160064.0,8067728480194.56,2016-05-25
2091.4399,2094.3,2087.0801,2090.1001,3230990080.0,6753092689307.009,2016-05-26
2090.0601,2099.0601,2090.0601,2099.0601,3079150080.0,6463321074839.809,2016-05-27
2100.1299,2103.48,2088.6599,2096.95,4514409984.0,9466492015948.799,2016-05-31
2093.9399,2100.97,2085.1001,2099.3301,3525169920.0,7400495320670.593,2016-06-01
2097.71,2105.26,2088.5901,2105.26,3632719872.0,7647819837726.721,2016-06-02
2104.0701,2104.0701,2085.3601,2099.1299,3627780096.0,7615181670138.47,2016-06-03
2100.8301,2113.3601,2100.8301,2109.4099,3442020096.0,7260631266501.351,2016-06-06
2110.1799,2119.22,2110.1799,2112.1299,3534729984.0,7465808887632.921,2016-06-07
2112.71,2120.55,2112.71,2119.1201,3562060032.0,7548433011217.844,2016-06-08
2115.6499,2117.6399,2107.73,2115.48,3290319872.0,6960605882818.561,2016-06-09
2109.5701,2109.5701,2089.96,2096.0701,3515010048.0,7367707462812.364,2016-06-10
2091.75,2098.1201,2078.46,2079.0601,3392029952.0,7052234131208.115,2016-06-13
2076.6499,2081.3,2064.1001,2075.3201,3759770112.0,7802726484812.851,2016-06-14
2077.6001,2085.6499,2069.8,2071.5,3544719872.0,7342887214848.0,2016-06-15
2066.3601,2079.6201,2050.3701,2077.99,3628280064.0,7539529690191.359,2016-06-16
2078.2,2078.2,2062.8401,2071.22,4952629760.0,10257985811507.2,2016-06-17
2075.5801,2100.6599,2075.5801,2083.25,3467440128.0,7223544646656.0,2016-06-20
2085.1899,2093.6599,2083.02,2088.8999,3232880128.0,6753162976091.187,2016-06-21
2089.75,2099.71,2084.3601,2085.45,3168160000.0,6607039271999.999,2016-06-22
2092.8,2113.3201,2092.8,2113.3201,3297939968.0,6969602822967.757,2016-06-23
2103.8101,2103.8101,2032.5699,2037.3,7597449728.0,15478284330854.4,2016-06-24
2031.45,2031.45,1991.6801,2000.54,5431220224.0,10865373306920.959,2016-06-27
2006.67,2036.09,2006.67,2036.09,4385809920.0,8929903720012.799,2016-06-28
2042.6899,2073.1299,2042.6899,2070.77,4241740032.0,8783668006064.64,2016-06-29
2073.1699,2098.9399,2070.0,2098.8601,4622819840.0,9702652111664.383,2016-06-30
2099.3401,2108.71,2097.8999,2102.95,3458889984.0,7273872691852.8,2016-07-01
2095.05,2095.05,2080.8601,2088.55,3658380032.0,7640709615833.601,2016-07-05
2084.4299,2100.72,2074.02,2099.73,3909380096.0,8208642668974.08,2016-07-06
2100.4199,2109.0801,2089.3899,2097.8999,3604549888.0,7561984849580.211,2016-07-07
2106.97,2131.71,2106.97,2129.8999,3607500032.0,7683613957406.797,2016-07-08
2131.72,2143.1599,2131.72,2137.1599,3253339904.0,6952907583898.65,2016-07-11
2139.5,2155.3999,2139.5,2152.1399,4097819904.0,8819081718412.57,2016-07-12
2153.8101,2156.45,2146.21,2152.4299,3502320128.0,7538498562879.027,2016-07-13
2157.8799,2168.99,2157.8799,2163.75,3465609984.0,7498713602880.0,2016-07-14
2165.1299,2169.05,2155.79,2161.74,3122599936.0,6750249185648.64,2016-07-15
2162.04,2168.3501,2159.6299,2166.8899,3009309952.0,6520843340958.285,2016-07-18
2163.79,2164.6299,2159.01,2163.78,2968339968.0,6422834655959.041,2016-07-19
2166.1001,2175.6299,2164.8899,2173.02,3211859968.0,6979435947663.36,2016-07-20
2172.9099,2174.5601,2159.75,2165.1699,3438899968.0,7445802699824.5625,2016-07-21
2166.47,2175.1101,2163.24,2175.03,3023280128.0,6575724976803.841,2016-07-22
2173.71,2173.71,2161.95,2168.48,3057240064.0,6629563933982.72,2016-07-25
2168.97,2173.54,2160.1799,2169.1799,3442350080.0,7467076602299.393,2016-07-26
2169.8101,2174.98,2159.0701,2166.5801,3995500032.0,8656570858880.563,2016-07-27
2166.05,2172.8501,2159.74,2170.0601,3664240128.0,7951621298591.693,2016-07-28
2168.8301,2177.0901,2163.49,2173.6001,4038840064.0,8778823166994.407,2016-07-29
2173.1499,2178.29,2166.21,2170.8401,3505989888.0,7610943439064.908,2016-08-01
2169.9399,2170.2,2147.5801,2157.03,3848750080.0,8301869385062.4,2016-08-02
2156.8101,2163.79,2152.5601,2163.79,3786530048.0,8193255852561.92,2016-08-03
2163.51,2168.1899,2159.0701,2164.25,3709199872.0,8027635822976.0,2016-08-04
2168.79,2182.8701,2168.79,2182.8701,3663069952.0,7996005872429.235,2016-08-05
2183.76,2185.4399,2177.8501,2180.8899,3327549952.0,7257020082062.285,2016-08-08
2182.24,2187.6599,2178.6101,2181.74,3334299904.0,7274575472552.959,2016-08-09
2182.8101,2183.4099,2172.0,2175.49,3254949888.0,7081110931845.119,2016-08-10
2177.97,2188.45,2177.97,2185.79,3423160064.0,7482309036290.56,2016-08-11
2183.74,2186.28,2179.4199,2184.05,3000659968.0,6553591403110.4,2016-08-12
2186.0801,2193.8101,2186.0801,2190.1499,3078530048.0,6742442276774.195,2016-08-15
2186.24,2186.24,2178.1399,2178.1499,3196400128.0,6962238619163.187,2016-08-16
2177.8401,2183.0801,2168.5,2182.22,3388910080.0,7395347354777.6,2016-08-17
2181.8999,2187.03,2180.46,2187.02,3300570112.0,7218412846346.24,2016-08-18
2184.24,2185.0,2175.1299,2183.8701,3084800000.0,6736802484480.0,2016-08-19
2181.5801,2185.1499,2175.96,2182.6399,2777550080.0,6062391628856.192,2016-08-22
2187.8101,2193.4199,2186.8,2186.8999,3041489920.0,6651434001899.008,2016-08-23
2185.0901,2186.6599,2171.25,2175.4399,3148280064.0,6848894067600.153,2016-08-24
2173.29,2179.0,2169.74,2172.47,2969309952.0,6450736791421.439,2016-08-25
2175.1001,2187.9399,2160.3899,2169.04,3342340096.0,7249669361827.84,2016-08-26
2170.1899,2183.48,2170.1899,2180.3799,2654779904.0,5788428741605.529,2016-08-29
2179.45,2182.27,2170.4099,2176.1201,3006799872.0,6543157638136.628,2016-08-30
2173.5601,2173.79,2161.3501,2170.95,3766390016.0,8176644405235.199,2016-08-31
2171.3301,2173.5601,2157.0901,2170.8601,3392120064.0,7363818101347.046,2016-09-01
2177.49,2184.8701,2173.5901,2179.98,3091120128.0,6738580056637.44,2016-09-02
2181.6101,2186.5701,2175.1001,2186.48,3447650048.0,7538217876951.04,2016-09-06
2185.1699,2187.8701,2179.0701,2186.1599,3319419904.0,7256782685386.65,2016-09-07
2182.76,2184.9399,2177.49,2181.3,3727840000.0,8131537392000.001,2016-09-08
2169.0801,2169.0801,2127.8101,2127.8101,4233959936.0,9009062714816.154,2016-09-09
2120.8601,2163.3,2119.1201,2159.04,4010480128.0,8658787015557.12,2016-09-12
2150.47,2150.47,2120.27,2127.02,4141669888.0,8809414685173.76,2016-09-13
2127.8601,2141.3301,2119.8999,2125.77,3664100096.0,7789034061073.92,2016-09-14
2125.3601,2151.3101,2122.3601,2147.26,3373720064.0,7244254144624.641,2016-09-15
2146.48,2146.48,2131.2,2139.1599,5014360064.0,10726517973070.234,2016-09-16
2143.99,2153.6101,2135.9099,2139.1201,3163000064.0,6766037013203.687,2016-09-19
2145.9399,2150.8,2139.1699,2139.76,3140730112.0,6720408664453.121,2016-09-20
2144.5801,2165.1101,2139.5701,2163.1201,3712090112.0,8029696734278.451,2016-09-21
2170.9399,2179.99,2170.9399,2177.1799,3552829952.0,7735149959612.365,2016-09-22
2173.29,2173.75,2163.97,2164.6899,3317189888.0,7180687446935.73,2016-09-23
2158.54,2158.54,2145.04,2146.1001,3216169984.0,6902222724279.398,2016-09-26
2146.04,2161.1299,2141.55,2159.9299,3437769984.0,7425342177764.122,2016-09-27
2161.8501,2172.3999,2151.79,2171.3701,3891460096.0,8449800097797.53,2016-09-28
2168.8999,2172.6699,2145.2,2151.1299,4249220096.0,9140624400186.47,2016-09-29
2156.51,2175.3,2156.51,2168.27,4173339904.0,9048927713646.08,2016-09-30
2164.3301,2164.4099,2154.77,2161.2,3137550080.0,6780873232895.999,2016-10-03
2163.3701,2165.46,2144.01,2150.49,3750889984.0,8066251401692.159,2016-10-04
2155.1499,2163.95,2155.1499,2159.73,3906550016.0,8437093266055.68,2016-10-05
2158.22,2162.9299,2150.28,2160.77,3461550080.0,7479613566361.6,2016-10-06
2164.1899,2165.8601,2144.8501,2153.74,3619889920.0,7796301716300.799,2016-10-07
2160.3899,2169.6001,2160.3899,2163.6599,2916549888.0,6310422039015.092,2016-10-10
2161.3501,2161.5601,2128.8401,2136.73,3438269952.0,7346654554536.96,2016-10-11
2137.6699,2145.3601,2132.77,2139.1799,2977100032.0,6368552548743.757,2016-10-12
2130.26,2138.1899,2114.72,2132.55,3580450048.0,7635488749862.4,2016-10-13
2139.6799,2149.1899,2132.98,2132.98,3228150016.0,6885579421127.68,2016-10-14
2132.95,2135.6101,2124.4299,2126.5,2830390016.0,6018824369024.0,2016-10-17
2138.3101,2144.3799,2135.49,2139.6001,3169999872.0,6782532043131.1875,2016-10-18
2140.8101,2148.4399,2138.1499,2144.29,3362670080.0,7210539825843.2,2016-10-19
2142.51,2147.1799,2133.4399,2141.3401,3337169920.0,7146015770209.792,2016-10-20
2139.4299,2142.6299,2130.0901,2141.1599,3448849920.0,7384539149822.208,2016-10-21
2148.5,2154.79,2146.9099,2151.3301,3357319936.0,7222703433646.874,2016-10-24
2149.72,2151.4399,2141.9299,2143.1599,3751340032.0,8039721527847.117,2016-10-25
2136.97,2145.73,2131.5901,2139.4299,3775200000.0,8076775758480.0,2016-10-26
2144.0601,2147.1299,2132.52,2133.04,4204829952.0,8969070480814.08,2016-10-27
2132.23,2140.72,2119.3601,2126.4099,4019510016.0,8547125891171.559,2016-10-28
2129.78,2133.25,2125.53,2126.1499,3922400000.0,8339610367760.0,2016-10-31
2128.6799,2131.45,2097.8501,2111.72,4532160000.0,9570652915200.0,2016-11-01
2109.4299,2111.76,2094.0,2097.9399,4248580096.0,8913265701744.23,2016-11-02
2098.8,2102.5601,2085.23,2088.6599,3886739968.0,8118077912888.884,2016-11-03
2083.79,2099.0701,2083.79,2085.1799,3837860096.0,8002628731191.2705,2016-11-04
2100.5901,2132.0,2100.5901,2131.52,3736059904.0,7963486406574.08,2016-11-07
2129.9199,2146.8701,2123.5601,2139.5601,3916930048.0,8380507245191.886,2016-11-08
2131.5601,2170.1001,2125.3501,2163.26,6264150016.0,13550985163612.162,2016-11-09
2167.49,2182.3,2151.1699,2167.48,6451639808.0,13983800251043.84,2016-11-10
2162.71,2165.9199,2152.49,2164.45,4988049920.0,10796384649344.0,2016-11-11
2165.6399,2171.3601,2156.0801,2164.2,5367199744.0,11615693685964.799,2016-11-14
2168.29,2180.8401,2166.3799,2180.3899,4543860224.0,9907386939421.338,2016-11-15
2177.53,2179.22,2172.2,2176.9399,3830589952.0,8338964107047.884,2016-11-16
2178.6101,2188.0601,2176.6499,2187.1201,3809159936.0,8331090260140.313,2016-11-17
2186.8501,2189.8899,2180.3799,2181.8999,3572400128.0,7794619482043.187,2016-11-18
2186.4299,2198.7,2186.4299,2198.1799,3607010048.0,7928856986611.636,2016-11-21
2201.5601,2204.8,2194.51,2202.9399,3957939968.0,8719103877311.923,2016-11-22
2198.55,2204.72,2194.51,2204.72,3418639872.0,7537143698595.839,2016-11-23
2198.55,2204.72,2194.51,2204.72,0.0,0.0,2016-11-24
2206.27,2213.3501,2206.27,2213.3501,1584600064.0,3507274710114.4067,2016-11-25
2210.21,2211.1399,2200.3601,2201.72,3505649920.0,7718459541862.399,2016-11-28
2200.76,2210.46,2198.1499,2204.6599,3706560000.0,8171704198944.0,2016-11-29
2204.97,2214.1001,2198.8101,2198.8101,5533980160.0,12168171469007.617,2016-11-30
2200.1699,2202.6001,2187.4399,2191.0801,5063739904.0,11095059735230.31,2016-12-01
2191.1201,2197.95,2188.3701,2191.95,3779500032.0,8284475095142.399,2016-12-02
2200.6499,2209.4199,2199.97,2204.71,3895229952.0,8587852427473.92,2016-12-05
2207.26,2212.78,2202.21,2212.23,3855320064.0,8528854705182.72,2016-12-06
2210.72,2241.6299,2208.9299,2241.3501,4501819904.0,10090154492012.39,2016-12-07
2241.1299,2251.6899,2237.5701,2246.1899,4200580096.0,9435300585776.23,2016-12-08
2249.73,2259.8,2249.23,2259.53,3884480000.0,8777099094400.001,2016-12-09
2258.8301,2264.03,2252.3701,2256.96,4034510080.0,9105727870156.8,2016-12-12
2263.3201,2277.53,2263.3201,2271.72,3857590016.0,8763364391147.52,2016-12-13
2268.3501,2276.2,2248.4399,2253.28,4406969856.0,9930137037127.682,2016-12-14
2253.77,2272.1201,2253.77,2262.03,4168199936.0,9428593301230.08,2016-12-15
2266.8101,2268.05,2254.24,2258.0701,5920339968.0,13368542663575.756,2016-12-16
2259.24,2267.47,2258.21,2262.53,3248369920.0,7349534395097.601,2016-12-19
2266.5,2272.5601,2266.1399,2270.76,3298779904.0,7490737454807.041,2016-12-20
2270.54,2271.23,2265.1499,2265.1799,2852229888.0,6460813812476.852,2016-12-21
2262.9299,2263.1799,2256.0801,2260.96,2876320000.0,6503244467200.0,2016-12-22
2260.25,2263.79,2258.8401,2263.79,2020550016.0,4574100920720.64,2016-12-23
2266.23,2273.8201,2266.1499,2268.8799,1987079936.0,4508445726483.687,2016-12-27
2270.23,2271.3101,2249.1101,2249.9199,2392359936.0,5382618227969.126,2016-12-28
2249.5,2254.51,2244.5601,2249.26,2336369920.0,5255103406259.2,2016-12-29
2251.6101,2253.5801,2233.6201,2238.8301,2670899968.0,5979691242447.4375,2016-12-30
2251.5701,2263.8799,2245.1299,2257.8301,3770530048.0,8513216235328.846,2017-01-03
2261.6001,2272.8201,2261.6001,2270.75,3764890112.0,8549124221824.0,2017-01-04
2268.1799,2271.5,2260.45,2269.0,3761819904.0,8535569362176.0,2017-01-05
2271.1399,2282.1001,2264.0601,2276.98,3339889920.0,7604862550041.6,2017-01-06
2273.5901,2275.49,2268.8999,2268.8999,3217609984.0,7300434970936.602,2017-01-09
2269.72,2279.27,2265.27,2268.8999,3638789888.0,8256050013004.211,2017-01-10
2268.6001,2275.3201,2260.8301,2275.3201,3620410112.0,8237591898076.851,2017-01-11
2271.1399,2271.78,2254.25,2270.4399,3462129920.0,7860557909351.808,2017-01-12
2272.74,2278.6799,2271.51,2274.6399,3081270016.0,7008779721067.239,2017-01-13
2269.1399,2272.0801,2262.8101,2267.8899,3584989952.0,8130362503742.285,2017-01-17
2269.1399,2272.01,2263.3501,2271.8899,3315249920.0,7531882809223.809,2017-01-18
2271.8999,2274.3301,2258.4099,2263.6899,3165969920.0,7166774131607.808,2017-01-19
2269.96,2276.96,2265.01,2271.3101,3524969984.0,8006299926856.039,2017-01-20
2267.78,2271.78,2257.02,2265.2,3152709888.0,7141518438297.6,2017-01-23
2267.8799,2284.6299,2266.6799,2280.0701,3810959872.0,8689255656447.027,2017-01-24
2288.8799,2299.55,2288.8799,2298.3701,3846020096.0,8839577592645.53,2017-01-25
2298.6299,2300.99,2294.0801,2296.6799,3610360064.0,8291841390751.514,2017-01-26
2299.02,2299.02,2291.6201,2294.6899,3135889920.0,7195894926935.808,2017-01-27
2286.01,2286.01,2268.04,2280.8999,3591269888.0,8191327128412.211,2017-01-30
2274.02,2279.0901,2267.21,2278.8701,4087450112.0,9314767845478.451,2017-01-31
2285.5901,2289.1399,2272.4399,2279.55,3916610048.0,8928108434918.4,2017-02-01
2276.6899,2283.97,2271.6499,2280.8501,3807709952.0,8684815624790.195,2017-02-02
2288.54,2298.3101,2287.8799,2297.4199,3597969920.0,8266047693809.407,2017-02-03
2294.28,2296.1799,2288.5701,2292.5601,3109050112.0,7127684235671.731,2017-02-06
2295.8701,2299.3999,2290.1599,2293.0801,3448689920.0,7908122226622.593,2017-02-07
2289.55,2295.9099,2285.3799,2294.6699,3609740032.0,8283161798255.437,2017-02-08
2296.7,2311.0801,2296.6101,2307.8701,3677939968.0,8488207681742.157,2017-02-09
2312.27,2319.23,2311.1001,2316.1001,3475020032.0,8048494243617.203,2017-02-10
2321.72,2331.5801,2321.4199,2328.25,3349730048.0,7799008984256.0,2017-02-13
2326.1201,2337.5801,2322.1699,2337.5801,3520910080.0,8230409336897.408,2017-02-14
2335.5801,2351.3,2334.8101,2349.25,3775589888.0,8869804544384.0,2017-02-15
2349.6399,2351.3101,2338.8701,2347.22,3672369920.0,8619860123622.399,2017-02-16
2343.01,2351.1599,2339.5801,2351.1599,3513060096.0,8259766024005.351,2017-02-17
2354.9099,2366.71,2354.9099,2365.3799,3579780096.0,8467539885498.47,2017-02-21
2361.1101,2365.1299,2358.3401,2362.8201,3468669952.0,8195843082851.635,2017-02-22
2367.5,2368.26,2355.0901,2363.8101,4015259904.0,9491311915200.23,2017-02-23
2355.73,2367.3401,2352.8701,2367.3401,3831569920.0,9070629117569.791,2017-02-24
2365.23,2371.54,2361.8701,2369.73,3582609920.0,8489818205721.6,2017-02-27
2366.0801,2367.79,2358.96,2363.6399,4210139904.0,9951254661676.57,2017-02-28
2380.1299,2400.98,2380.1299,2395.96,4345180160.0,10410877856153.6,2017-03-01
2394.75,2394.75,2380.1699,2381.9199,3821319936.0,9102077999825.125,2017-03-02
2380.9199,2383.8899,2375.3899,2383.1201,3555259904.0,8472611337946.471,2017-03-03
2375.23,2378.8,2367.98,2375.3101,3232699904.0,7678664732240.23,2017-03-06
2370.74,2375.1201,2365.51,2368.3899,3518390016.0,8332919378155.239,2017-03-07
2369.8101,2373.0901,2361.01,2362.98,3812100096.0,9007916284846.08,2017-03-08
2363.49,2369.0801,2354.54,2364.8701,3716339968.0,8788661271758.157,2017-03-09
2372.52,2376.8601,2363.04,2372.6001,3432950016.0,8145017551256.602,2017-03-10
2371.5601,2374.4199,2368.52,2373.47,3133900032.0,7438217708951.039,2017-03-13
2368.55,2368.55,2358.1799,2365.45,3172630016.0,7504697671347.199,2017-03-14
2370.3401,2390.01,2368.9399,2385.26,3906840064.0,9318829331056.64,2017-03-15
2387.71,2388.1001,2377.1799,2381.3799,3365659904.0,8014914845621.529,2017-03-16
2383.71,2385.71,2377.6399,2378.25,5178039808.0,12314673173376.0,2017-03-17
2378.24,2379.55,2369.6599,2373.47,3054929920.0,7250784517222.399,2017-03-20
2379.3201,2381.9299,2341.8999,2344.02,4265590016.0,9998628309304.32,2017-03-21
2343.0,2351.8101,2336.45,2348.45,3572730112.0,8390378031526.399,2017-03-22
2345.97,2358.9199,2342.1299,2345.96,3260600064.0,7649237326141.44,2017-03-23
2350.4199,2356.22,2335.74,2343.98,2975130112.0,6973645479925.76,2017-03-24
2329.1101,2344.8999,2322.25,2341.5901,3240229888.0,7587290227464.908,2017-03-27
2339.79,2363.78,2337.6299,2358.5701,3367780096.0,7943145437800.7295,2017-03-28
2356.54,2363.3601,2352.9399,2361.1299,3106939904.0,7335888704837.529,2017-03-29
2361.3101,2370.4199,2358.5801,2368.0601,3158419968.0,7479328305264.077,2017-03-30
2364.8201,2370.3501,2362.6001,2362.72,3354109952.0,7924822665789.439,2017-03-31
2362.3401,2365.8701,2344.73,2358.8401,3416399872.0,8058741015708.467,2017-04-03
2354.76,2360.53,2350.72,2360.1599,3206240000.0,7567239077776.0,2017-04-04
2366.5901,2378.3601,2350.52,2352.95,3770520064.0,8871845184588.799,2017-04-05
2353.79,2364.1599,2348.8999,2357.49,3201920000.0,7548494380799.999,2017-04-06
2356.5901,2363.76,2350.74,2355.54,3053149952.0,7191816837934.08,2017-04-07
2357.1599,2366.3701,2351.5,2357.1599,2785410048.0,6565656870202.676,2017-04-10
2353.9199,2355.22,2337.25,2353.78,3117420032.0,7337720922920.961,2017-04-11
2352.1499,2352.72,2341.1799,2344.9299,3196950016.0,7496623681323.879,2017-04-12
2341.98,2348.26,2328.95,2328.95,3143889920.0,7321962429183.999,2017-04-13
2332.6201,2349.1399,2332.51,2349.01,2824709888.0,6635271774010.881,2017-04-17
2342.53,2348.3501,2334.54,2342.1899,3269839872.0,7658585922815.692,2017-04-18
2346.79,2352.6299,2335.05,2338.1699,3519899904.0,8230124006545.689,2017-04-19
2342.6899,2361.3701,2340.9099,2355.8401,3647419904.0,8592738071381.35,2017-04-20
2354.74,2356.1799,2344.51,2348.6899,3503360000.0,8228306248063.999,2017-04-21
2370.3301,2376.98,2369.1899,2374.1499,3690650112.0,8762156594339.788,2017-04-24
2381.51,2392.48,2381.1499,2388.6101,3995239936.0,9543070463052.953,2017-04-25
2388.98,2398.1599,2386.78,2387.45,4105920000.0,9802678704000.0,2017-04-26
2389.7,2392.1001,2382.6799,2388.77,4098459904.0,9790278064878.08,2017-04-27
2393.6799,2393.6799,2382.3601,2384.2,3718269952.0,8865099219558.398,2017-04-28
2388.5,2394.49,2384.8301,2388.3301,3199239936.0,7640841036270.874,2017-05-01
2391.05,2392.9299,2385.8201,2391.1699,3813680128.0,9119157130301.746,2017-05-02
2386.5,2389.8201,2379.75,2388.1299,3893989888.0,9299353681830.451,2017-05-03
2389.79,2391.4299,2380.3501,2389.52,4362540032.0,10424376657264.64,2017-05-04
2392.3701,2399.29,2389.3799,2399.29,3540140032.0,8493822577377.28,2017-05-05
2399.9399,2401.3601,2393.9199,2399.3799,3429440000.0,8228529404256.0,2017-05-08
2401.5801,2403.8701,2392.4399,2396.9199,3653590016.0,8757362615791.718,2017-05-09
2396.79,2399.74,2392.79,2399.6299,3643529984.0,8743123491152.921,2017-05-10
2394.8401,2395.72,2381.74,2394.4399,3727419904.0,8925082942191.77,2017-05-11
2392.4399,2392.4399,2387.1899,2390.8999,3305629952.0,7903430321673.805,2017-05-12
2393.98,2404.05,2393.9399,2402.3201,3473600000.0,8344699099360.0,2017-05-15
2404.55,2405.77,2396.05,2400.6699,3420790000.0,8212187587221.0,2017-05-16
2382.95,2384.8701,2356.21,2357.03,4163000000.0,9812315890000.0,2017-05-17
2354.6899,2375.74,2352.72,2365.72,4319420000.0,10218538282400.0,2017-05-18
2371.3701,2389.0601,2370.4299,2381.73,3825160000.0,9110498326800.0,2017-05-19
2387.21,2395.46,2386.9199,2394.02,3172830000.0,7595818476600.0,2017-05-22
2397.04,2400.8501,2393.8799,2398.4199,3213570000.0,7707490238043.0,2017-05-23
2401.4099,2405.5801,2397.99,2404.3899,3389900000.0,8150641322010.0,2017-05-24
2409.54,2418.71,2408.01,2415.0701,3535390000.0,8538214680839.0,2017-05-25
2414.5,2416.6799,2412.2,2415.8201,2805040000.0,6776472013304.0,2017-05-26
2411.6699,2415.26,2409.4299,2412.9099,3203160000.0,7728936475284.0,2017-05-30
2415.6299,2415.99,2403.5901,2411.8101,4516110000.0,10891999710711.0,2017-05-31
2415.6499,2430.0601,2413.54,2430.0601,3857140000.0,9373082014114.0,2017-06-01
2431.28,2440.23,2427.71,2439.0701,3461680000.0,8443280183768.0,2017-06-02
2437.8301,2439.55,2434.3201,2436.1001,2912600000.0,7095385151260.0,2017-06-05
2431.9199,2436.21,2428.1201,2429.3301,3357840000.0,8157301782984.0,2017-06-06
2432.03,2435.28,2424.75,2433.1399,3572300000.0,8691905664770.0,2017-06-07
2434.27,2439.27,2427.9399,2433.79,3728860000.0,9075262179400.0,2017-06-08
2436.3899,2446.2,2415.7,2431.77,4027340000.0,9793564591800.0,2017-06-09
2425.8799,2430.3799,2419.97,2429.3899,4027750000.0,9784975169725.0,2017-06-12
2434.1499,2441.49,2431.28,2440.3501,3275500000.0,7993366752550.0,2017-06-13
2443.75,2443.75,2428.3401,2437.9199,3555590000.0,8668243617241.0,2017-06-14
2424.1399,2433.95,2418.53,2432.46,3353050000.0,8156160003000.0,2017-06-15
2431.24,2433.1499,2422.8799,2433.1499,5284720000.0,12858515939528.0,2017-06-16
2442.55,2453.8201,2441.79,2453.46,3264700000.0,8009810862000.0,2017-06-19
2450.6599,2450.6599,2436.6001,2437.03,3416510000.0,8326137365300.001,2017-06-20
2439.3101,2442.23,2430.74,2435.6101,3594820000.0,8755579899682.0,2017-06-21
2437.3999,2441.6201,2433.27,2434.5,3468210000.0,8443357245000.0,2017-06-22
2434.6499,2441.3999,2431.1101,2438.3,5278330000.0,12870152039000.0,2017-06-23
2443.3201,2450.4199,2437.03,2439.0701,3238970000.0,7900074881797.0,2017-06-26
2436.3401,2440.1499,2419.3799,2419.3799,3563910000.0,8622452219409.0,2017-06-27
2428.7,2442.97,2428.02,2440.6899,3500800000.0,8544367201919.999,2017-06-28
2442.3799,2442.73,2405.7,2419.7,3900280000.0,9437507516000.0,2017-06-29
2429.2,2432.71,2421.6499,2423.4099,3361590000.0,8146510485741.0,2017-06-30
2431.3899,2439.1699,2428.6899,2429.01,1962290000.0,4766422032900.0,2017-07-03
2430.78,2434.8999,2422.05,2432.54,3367220000.0,8190897338800.0,2017-07-05
2423.4399,2424.28,2407.7,2409.75,3364520000.0,8107652070000.0,2017-07-06
2413.52,2426.9199,2413.52,2425.1799,2901330000.0,7036247199267.0,2017-07-07
2424.51,2432.0,2422.27,2427.4299,2999130000.0,7280177835987.0,2017-07-10
2427.3501,2429.3,2412.79,2425.53,3106750000.0,7535515327500.001,2017-07-11
2435.75,2445.76,2435.75,2443.25,3171620000.0,7749060565000.0,2017-07-12
2444.99,2449.3201,2441.6899,2447.8301,3067670000.0,7509134962867.0,2017-07-13
2449.1599,2463.54,2446.6899,2459.27,2736640000.0,6730136652800.0,2017-07-14
2459.5,2462.8201,2457.1599,2459.1399,2793170000.0,6868795794483.0,2017-07-17
2455.8799,2460.9199,2450.3401,2460.6101,2962130000.0,7288646995513.0,2017-07-18
2463.8501,2473.8301,2463.8501,2473.8301,3059760000.0,7569326386776.0,2017-07-19
2475.5601,2477.6201,2468.4299,2473.45,3182780000.0,7872447190999.999,2017-07-20
2467.3999,2472.54,2465.0601,2472.54,3059570000.0,7564909207800.0,2017-07-21
2472.04,2473.1001,2466.3201,2469.9099,3010240000.0,7435021577376.0,2017-07-24
2477.8799,2481.24,2474.9099,2477.0801,4108060000.0,10175993675606.0,2017-07-25
2479.97,2481.6899,2474.9399,2477.8301,3557020000.0,8813691222302.0,2017-07-26
2482.76,2484.04,2459.9299,2475.4199,3995520000.0,9890589718848.0,2017-07-27
2469.1201,2473.53,2464.6599,2472.1001,3294770000.0,8145001246477.0,2017-07-28
2475.9399,2477.96,2468.53,2470.3,3469210000.0,8569989463000.001,2017-07-31
2477.1001,2478.51,2471.1399,2476.3501,3460860000.0,8570301007086.0,2017-08-01
2480.3799,2480.3799,2466.48,2477.5701,3478580000.0,8618425798458.0,2017-08-02
2476.03,2476.03,2468.8501,2472.1599,3645020000.0,9011072278698.0,2017-08-03
2476.8799,2480.0,2472.0801,2476.8301,3235140000.0,8012892129714.0,2017-08-04
2477.1399,2480.95,2475.8799,2480.9099,2931780000.0,7273482026622.0,2017-08-07
2478.3501,2490.8701,2470.3201,2474.9199,3344640000.0,8277716094336.0,2017-08-08
2465.3501,2474.4099,2462.0801,2474.02,3308060000.0,8184206601200.0,2017-08-09
2465.3799,2465.3799,2437.75,2438.21,3621070000.0,8828929084700.0,2017-08-10
2441.04,2448.0901,2437.8501,2441.3201,3159930000.0,7714400623593.0,2017-08-11
2454.96,2468.22,2454.96,2465.8401,2822550000.0,6959956974255.0,2017-08-14
2468.6599,2468.8999,2461.6101,2464.6101,2913100000.0,7179655682310.0,2017-08-15
2468.6299,2474.9299,2463.8601,2468.1101,2953650000.0,7289933396865.0,2017-08-16
2462.95,2465.02,2430.01,2430.01,3142620000.0,7636598026200.001,2017-08-17
2427.6399,2440.27,2420.6899,2425.55,3415680000.0,8284902624000.001,2017-08-18
2425.5,2430.5801,2417.3501,2428.3701,2788150000.0,6770660094315.0,2017-08-21
2433.75,2454.77,2433.6699,2452.51,2777490000.0,6811821999900.001,2017-08-22
2444.8799,2448.9099,2441.4199,2444.04,2785290000.0,6807360171600.0,2017-08-23
2447.9099,2450.3899,2436.1899,2438.97,2846590000.0,6942747612299.999,2017-08-24
2444.72,2453.96,2442.22,2443.05,2588780000.0,6324518979000.0,2017-08-25
2447.3501,2449.1201,2439.03,2444.24,2677700000.0,6544941447999.999,2017-08-28
2431.9399,2449.1899,2428.2,2446.3,2737580000.0,6696941954000.001,2017-08-29
2446.0601,2460.3101,2443.77,2457.5901,2633660000.0,6472456742766.0,2017-08-30
2462.6499,2475.01,2462.6499,2471.6101,3348110000.0,8275222491911.0,2017-08-31
2474.4199,2480.3799,2473.8501,2476.55,2710730000.0,6713258381500.001,2017-09-01
2470.3501,2471.97,2446.55,2457.8501,3490260000.0,8578535890026.0,2017-09-05
2463.8301,2469.6399,2459.2,2465.54,3374410000.0,8319742831400.0,2017-09-06
2468.0601,2468.6201,2460.29,2465.1001,3353930000.0,8267773178393.0,2017-09-07
2462.25,2467.1101,2459.3999,2461.4299,3302490000.0,8128847630451.0,2017-09-08
2474.52,2488.95,2474.52,2488.1101,3291760000.0,8190261302776.0,2017-09-11
2491.9399,2496.77,2490.3701,2496.48,3230920000.0,8065927161600.0,2017-09-12
2493.8899,2498.3701,2492.1399,2498.3701,3368050000.0,8414635415305.0,2017-09-13
2494.5601,2498.4299,2491.3501,2495.6201,3414460000.0,8521195006646.0,2017-09-14
2495.6699,2500.2,2493.1599,2500.1699,4853170000.0,12133749553583.0,2017-09-15
2502.51,2508.3201,2499.9199,2503.8799,3194300000.0,7998143564570.0,2017-09-18
2506.29,2507.8401,2503.1899,2506.6499,3249100000.0,8144356190090.0,2017-09-19
2506.8401,2508.8501,2496.6699,2508.24,3530010000.0,8854112282400.0,2017-09-20
2507.1599,2507.1599,2499.0,2500.6001,2930860000.0,7328908809086.0,2017-09-21
2497.26,2503.47,2496.54,2502.21,2865960000.0,7171233771600.0,2017-09-22
2499.3899,2502.54,2488.03,2496.6599,3297890000.0,8233709717611.0,2017-09-25
2501.04,2503.51,2495.1201,2496.8401,3043110000.0,7598159076711.0,2017-09-26
2503.3,2511.75,2495.9099,2507.05,3456030000.0,8664440011500.001,2017-09-27
2503.4099,2510.8101,2502.9299,2510.0701,3168620000.0,7953458320262.0,2017-09-28
2509.96,2519.4399,2507.99,2519.3501,3211920000.0,8091950973192.0,2017-09-29
2521.2,2529.23,2520.3999,2529.1201,3199730000.0,8092501457573.0,2017-10-02
2530.3401,2535.1299,2528.8501,2534.5801,3068850000.0,7778246139885.0,2017-10-03
2533.48,2540.53,2531.8,2537.73,3017120000.0,7656635937600.0,2017-10-04
2540.8601,2552.51,2540.02,2552.0701,3045120000.0,7771359702912.0,2017-10-05
2547.4399,2549.4099,2543.79,2549.3201,2884570000.0,7353692280857.0,2017-10-06
2551.3899,2551.8201,2541.6001,2544.73,2483970000.0,6321032978100.0,2017-10-09
2549.99,2555.23,2544.8601,2550.6399,2960500000.0,7551169423950.0,2017-10-10
2550.6201,2555.24,2547.95,2555.24,2976090000.0,7604624211599.999,2017-10-11
2552.8799,2555.3301,2548.3101,2550.9299,3151510000.0,8039281089149.0,2017-10-12
2555.6599,2557.6499,2552.0901,2553.1899,3149440000.0,8041118398656.0,2017-10-13
2555.5701,2559.47,2552.6399,2557.6399,2916020000.0,7458129101198.0,2017-10-16
2557.1699,2559.71,2554.6899,2559.3601,2889390000.0,7394989479339.0,2017-10-17
2562.8701,2564.1101,2559.6699,2561.26,2998090000.0,7678887993400.001,2017-10-18
2553.3899,2562.3601,2547.9199,2562.1001,2990710000.0,7662498390071.0,2017-10-19
2567.5601,2575.4399,2567.5601,2575.1799,3384650000.0,8716082648535.0,2017-10-20
2578.0801,2578.29,2564.3301,2565.0801,3211710000.0,8238293407971.0,2017-10-23
2568.6599,2572.1799,2565.5801,2569.1299,3427330000.0,8805255980167.0,2017-10-24
2566.52,2567.3999,2544.0,2557.1499,3874510000.0,9907702859049.0,2017-10-25
2560.0801,2567.0701,2559.8,2560.3999,3869050000.0,9906315233095.0,2017-10-26
2570.26,2582.98,2565.9399,2581.0701,3887110000.0,10032903396411.0,2017-10-27
2577.75,2580.03,2568.25,2572.8301,3658870000.0,9413650867987.0,2017-10-30
2575.99,2578.29,2572.1499,2575.26,3827230000.0,9856112329800.0,2017-10-31
2583.21,2588.3999,2574.9199,2579.3601,3813180000.0,9835564346118.0,2017-11-01
2579.46,2581.1101,2566.1699,2579.8501,4048270000.0,10443929764327.0,2017-11-02
2581.9299,2588.4199,2576.77,2587.8401,3567710000.0,9232663003171.0,2017-11-03
2587.47,2593.3799,2585.6599,2591.1299,3539080000.0,9170216006492.0,2017-11-06
2592.1101,2597.02,2584.3501,2590.6399,3809650000.0,9869431295035.0,2017-11-07
2588.71,2595.47,2585.02,2594.3799,3899360000.0,10116421206864.0,2017-11-08
2584.0,2586.5,2566.3301,2584.6201,3831610000.0,9903256221361.0,2017-11-09
2580.1799,2583.8101,2575.5701,2582.3,3486910000.0,9004247693000.0,2017-11-10
2576.53,2587.6599,2574.48,2584.8401,3402930000.0,8796029921493.0,2017-11-13
2577.75,2579.6599,2566.5601,2578.8701,3641760000.0,9391625975376.0,2017-11-14
2569.45,2572.8401,2557.45,2564.6201,3558890000.0,9127200827689.0,2017-11-15
2572.95,2590.0901,2572.95,2585.6399,3312710000.0,8565475153129.0,2017-11-16
2582.9399,2583.96,2577.6201,2578.8501,3300160000.0,8510617946016.0,2017-11-17
2579.49,2584.6399,2578.24,2582.1399,3003540000.0,7755560475246.0,2017-11-20
2589.1699,2601.1899,2589.1699,2599.03,3332720000.0,8661839261600.001,2017-11-21
2600.3101,2600.9399,2595.23,2597.0801,2762950000.0,7175602462295.0,2017-11-22
2600.4199,2604.21,2600.4199,2602.4199,1349780000.0,3512694332622.0,2017-11-24
2602.6599,2606.4099,2598.8701,2601.4199,3006860000.0,7822105440514.0,2017-11-27
2605.9399,2627.6899,2605.4399,2627.04,3488420000.0,9164218876800.0,2017-11-28
2627.8201,2634.8899,2620.3201,2626.0701,4078280000.0,10709849167428.0,2017-11-29
2633.9299,2657.74,2633.9299,2647.5801,4938490000.0,13075047848049.0,2017-11-30
2645.1001,2650.6201,2605.52,2642.22,3942320000.0,10416476750400.0,2017-12-01
2657.1899,2665.1899,2639.03,2639.4399,4023150000.0,10618862633685.0,2017-12-04
2639.78,2648.72,2627.73,2629.5701,3539040000.0,9306153766704.0,2017-12-05
2626.24,2634.4099,2624.75,2629.27,3229000000.0,8489912830000.0,2017-12-06
2628.3799,2640.99,2626.53,2636.98,3292400000.0,8681992952000.0,2017-12-07
2646.21,2651.6499,2644.1001,2651.5,3106150000.0,8235956725000.0,2017-12-08
2652.1899,2660.3301,2651.47,2659.99,3091950000.0,8224556080499.999,2017-12-11
2661.73,2669.72,2659.78,2664.1101,3555680000.0,9472723000368.0,2017-12-12
2667.5901,2671.8799,2662.8501,2662.8501,3542370000.0,9432800308737.0,2017-12-13
2665.8701,2668.0901,2652.01,2652.01,3430030000.0,9096473860300.0,2017-12-14
2660.6299,2679.6299,2659.1399,2675.8101,5723920000.0,15316122947592.0,2017-12-15
2685.9199,2694.97,2685.9199,2690.1599,3724660000.0,10019930973134.0,2017-12-18
2692.71,2694.4399,2680.74,2681.47,3368590000.0,9032773027300.0,2017-12-19
2688.1799,2691.01,2676.1101,2679.25,3241030000.0,8683529627500.0,2017-12-20
2683.02,2692.6399,2682.3999,2684.5701,3273390000.0,8787644919639.0,2017-12-21
2684.22,2685.3501,2678.1299,2683.3401,2399830000.0,6439560072183.0,2017-12-22
2679.0901,2682.74,2677.96,2680.5,1968780000.0,5277314790000.0,2017-12-26
2682.1001,2685.6399,2678.9099,2682.6201,2202080000.0,5907344069808.0,2017-12-27
2686.1001,2687.6599,2682.6899,2687.54,2153330000.0,5787160508200.0,2017-12-28
2689.1499,2692.1201,2673.6101,2673.6101,2443490000.0,6532939543249.0,2017-12-29
2683.73,2695.8899,2682.3601,2695.8101,3367250000.0,9077466559225.0,2018-01-02
2697.8501,2714.3701,2697.77,2713.0601,3538660000.0,9600597253466.0,2018-01-03
2719.3101,2729.29,2719.0701,2723.99,3695260000.0,10065851287400.0,2018-01-04
2731.3301,2743.45,2727.9199,2743.1499,3236620000.0,8878533829338.0,2018-01-05
2742.6699,2748.51,2737.6001,2747.71,3242650000.0,8909861831500.0,2018-01-08
2751.1499,2759.1399,2747.8601,2751.29,3453480000.0,9501524989200.0,2018-01-09
2745.55,2750.8,2736.0601,2748.23,3576350000.0,9828632360500.0,2018-01-10
2752.97,2767.5601,2752.78,2767.5601,3641320000.0,10077571943332.0,2018-01-11
2770.1799,2787.8501,2769.6399,2786.24,3573970000.0,9957938172800.0,2018-01-12
2798.96,2807.54,2768.6399,2776.4199,4325970000.0,12010709194803.0,2018-01-16
2784.99,2807.04,2778.3799,2802.5601,3778050000.0,10588212185805.0,2018-01-17
2802.3999,2805.8301,2792.5601,2798.03,3681470000.0,10300863504100.0,2018-01-18
2802.6001,2810.3301,2798.0801,2810.3,3639430000.0,10227890129000.0,2018-01-19
2809.1599,2833.03,2808.1201,2832.97,3471780000.0,9835448586600.0,2018-01-22
2835.05,2842.24,2830.5901,2839.1299,3519650000.0,9992743552535.0,2018-01-23
2845.4199,2852.97,2824.8101,2837.54,4014070000.0,11390084187800.0,2018-01-24
2846.24,2848.5601,2830.9399,2839.25,3835150000.0,10888949637500.0,2018-01-25
2847.48,2872.8701,2846.1799,2872.8701,3443230000.0,9891952514423.0,2018-01-26
2867.23,2870.6201,2851.48,2853.53,3573830000.0,10198031119900.0,2018-01-29
2832.74,2837.75,2818.27,2822.4299,3990650000.0,11263329880435.0,2018-01-30
2832.4099,2839.26,2813.04,2823.8101,4261280000.0,12033045502928.0,2018-01-31
2816.45,2835.96,2812.7,2821.98,3938450000.0,11114227131000.0,2018-02-01
2808.9199,2808.9199,2759.97,2762.1299,4301130000.0,11880279776787.0,2018-02-02
2741.0601,2763.3899,2638.1699,2648.9399,5283460000.0,13995568004054.0,2018-02-05
2614.78,2701.04,2593.0701,2695.1399,5891660000.0,15878847943234.0,2018-02-06
2690.95,2727.6699,2681.3301,2681.6599,4626570000.0,12406887243543.0,2018-02-07
2685.01,2685.27,2580.5601,2581.0,5305440000.0,13693340640000.0,2018-02-08
2601.78,2638.6699,2532.6899,2619.55,5680070000.0,14879227368500.002,2018-02-09
2636.75,2672.6101,2622.45,2656.0,4055790000.0,10772178240000.0,2018-02-12
2646.27,2668.8401,2637.0801,2662.9399,3472870000.0,9248044090513.0,2018-02-13
2651.21,2702.1001,2648.8701,2698.6299,4003740000.0,10804612475826.0,2018-02-14
2713.46,2731.51,2689.8201,2731.2,3684910000.0,10064226192000.0,2018-02-15
2727.1399,2754.4199,2725.1101,2732.22,3637460000.0,9938340961200.0,2018-02-16
2722.99,2737.6001,2706.76,2716.26,3627610000.0,9853531938600.0,2018-02-20
2720.53,2747.75,2701.29,2701.3301,3779400000.0,10209406979940.0,2018-02-21
2710.4199,2731.26,2697.77,2703.96,3701270000.0,10008086029200.0,2018-02-22
2715.8,2747.76,2713.74,2747.3,3189190000.0,8761661687000.001,2018-02-23
2757.3701,2780.6399,2753.78,2779.6001,3424650000.0,9519157482465.0,2018-02-26
2780.45,2789.1499,2744.22,2744.28,3745080000.0,10277548142400.0,2018-02-27
2753.78,2761.52,2713.54,2713.8301,4230660000.0,11481292450866.0,2018-02-28
2715.22,2730.8899,2659.6499,2677.6699,4503970000.0,12060144899503.0,2018-03-01
2658.8899,2696.25,2647.3201,2691.25,3882450000.0,10448643562500.0,2018-03-02
2681.0601,2728.0901,2675.75,2720.9399,3710810000.0,10096890990319.0,2018-03-05
2730.1799,2732.0801,2711.26,2728.1201,3370690000.0,9195647139869.0,2018-03-06
2710.1799,2730.6001,2701.74,2726.8,3393270000.0,9252768636000.0,2018-03-07
2732.75,2740.45,2722.6499,2738.97,3212320000.0,8798448110400.0,2018-03-08
2752.9099,2786.5701,2751.54,2786.5701,3364100000.0,9374300473410.0,2018-03-09
2790.54,2796.98,2779.26,2783.02,3185020000.0,8863974360400.0,2018-03-12
2792.3101,2801.8999,2758.6799,2765.3101,3301650000.0,9130086091665.0,2018-03-13
2774.0601,2777.1101,2744.3799,2749.48,3391360000.0,9324476492800.0,2018-03-14
2754.27,2763.03,2741.47,2747.3301,3500330000.0,9616561968933.0,2018-03-15
2750.5701,2761.8501,2749.97,2752.01,5372340000.0,14784733403400.002,2018-03-16
2741.3799,2741.3799,2694.5901,2712.9199,3282130000.0,8904155791387.0,2018-03-19
2715.05,2724.22,2710.05,2716.9399,3261030000.0,8860022522097.0,2018-03-20
2714.99,2739.1399,2709.79,2711.9299,3415510000.0,9262623692749.0,2018-03-21
2691.3601,2695.6799,2641.5901,2643.6899,3739800000.0,9886871488020.0,2018-03-22
2646.71,2657.6699,2585.8899,2588.26,3815080000.0,9874418960800.0,2018-03-23
2619.3501,2661.3601,2601.8101,2658.55,3511100000.0,9334434905000.0,2018-03-26
2667.5701,2674.78,2596.1201,2612.6201,3706350000.0,9683284507635.0,2018-03-27
2611.3,2632.6499,2593.0601,2605.0,3864500000.0,10067022500000.0,2018-03-28
2614.4099,2659.0701,2609.72,2640.8701,3565990000.0,9417316367899.0,2018-03-29
2633.45,2638.3,2553.8,2581.8799,3598520000.0,9290946457748.0,2018-04-02
2592.1699,2619.1399,2575.49,2614.45,3392810000.0,8870332104500.0,2018-04-03
2584.04,2649.8601,2573.6101,2644.6899,3350340000.0,8860610359566.0,2018-04-04
2657.3601,2672.0801,2649.5801,2662.8401,3178970000.0,8465088792697.0,2018-04-05
2645.8201,2656.8799,2586.27,2604.47,3299700000.0,8593969658999.999,2018-04-06
2617.1799,2653.55,2610.79,2613.1599,3062960000.0,8004004247304.0,2018-04-09
2638.4099,2665.45,2635.78,2656.8701,3543930000.0,9415761653493.0,2018-04-10
2643.8899,2661.4299,2639.25,2642.1899,3020760000.0,7981421562324.0,2018-04-11
2653.8301,2674.72,2653.8301,2663.99,3021320000.0,8048766266799.999,2018-04-12
2676.8999,2680.26,2645.05,2656.3,2960910000.0,7865065233000.001,2018-04-13
2670.1001,2686.49,2665.1599,2677.8401,3019700000.0,8086273749970.0,2018-04-16
2692.74,2713.3401,2692.05,2706.3899,3234360000.0,8753439236964.0,2018-04-17
2710.1101,2717.49,2703.6299,2708.6399,3383410000.0,9164439324059.0,2018-04-18
2701.1599,2702.8401,2681.8999,2693.1299,3349370000.0,9020288493163.0,2018-04-19
2692.5601,2693.9399,2660.6101,2670.1399,3388590000.0,9048009363741.0,2018-04-20
2675.3999,2682.8601,2657.99,2670.29,3017480000.0,8057546669200.0,2018-04-23
2680.8,2683.55,2617.3201,2634.5601,3706740000.0,9765629305074.0,2018-04-24
2634.9199,2645.3,2612.6699,2639.3999,2203579981.0,5816128781493.401,2018-04-25
2651.6499,2676.48,2647.1599,2666.9399,2543293987.0,6782812211360.381,2018-04-26
2675.47,2677.3501,2659.01,2669.9099,2104565445.0,5619000116803.405,2018-04-27
2675.05,2682.9199,2648.04,2648.05,2335651561.0,6184922116106.051,2018-04-30
2643.6399,2655.27,2625.4099,2654.8,2185437868.0,5801900451966.4,2018-05-01
2654.24,2660.8701,2631.7,2635.6699,2303620157.0,6071582308838.174,2018-05-02
2628.0801,2637.1399,2594.6201,2629.73,2395693075.0,6300025950119.75,2018-05-03
2621.45,2670.9299,2615.3201,2663.4199,1915006736.0,5100467049296.446,2018-05-04
2669.3601,2683.3501,2664.7,2672.6299,1911248453.0,5108059761816.545,2018-05-07
2670.26,2676.3401,2655.2,2671.9199,2106585852.0,5628628659017.255,2018-05-08
2678.1201,2701.27,2674.1399,2697.79,2083097634.0,5619759966028.86,2018-05-09
2705.02,2726.1101,2704.54,2723.0701,1835353794.0,4997797039362.959,2018-05-10
2722.7,2732.8601,2717.45,2727.72,1796034174.0,4899078337103.279,2018-05-11
2733.3701,2742.1001,2725.47,2730.1299,1820433208.0,4970019132113.719,2018-05-14
2718.5901,2718.5901,2701.9099,2711.45,1964096382.0,5325549134973.899,2018-05-15
2712.6201,2727.76,2712.1699,2722.46,1844279675.0,5020977644000.5,2018-05-16
2719.71,2731.96,2711.3601,2720.1299,1863613028.0,5069269519492.337,2018-05-17
2717.3501,2719.5,2709.1799,2712.97,1956929148.0,5309090070649.56,2018-05-18
2725.95,2739.1899,2725.7,2733.01,1789869036.0,4891729974078.36,2018-05-21
2738.3401,2742.24,2721.8799,2724.4399,1907818881.0,5197737881369.752,2018-05-22
2713.98,2733.3301,2709.54,2733.29,2030186160.0,5549087529266.4,2018-05-23
2730.9399,2731.97,2707.3799,2727.76,1965051549.0,5360189013300.24,2018-05-24
2723.6001,2727.3601,2714.99,2721.3301,1683086480.0,4580233898927.048,2018-05-25
2705.1101,2710.6699,2676.8101,2689.8601,2250972365.0,6054800750816.136,2018-05-29
2702.4299,2729.3401,2702.4299,2724.01,2032100556.0,5535462235549.561,2018-05-30
2720.98,2722.5,2700.6799,2705.27,2746987187.0,7431342027375.49,2018-05-31
2718.7,2736.9299,2718.7,2734.6201,1995116170.0,5455884780317.018,2018-06-01
2741.6699,2749.1599,2740.54,2746.8701,1974155386.0,5422748402557.358,2018-06-04
2748.46,2752.6101,2739.51,2748.8,1982320693.0,5449003120918.4,2018-06-05
2753.25,2772.3899,2748.46,2772.3501,2130321313.0,5905996505127.682,2018-06-06
2774.8401,2779.8999,2760.1599,2770.3701,2139133019.0,5926190155760.332,2018-06-07
2765.8401,2779.3899,2763.5901,2779.03,1813371531.0,5039413885794.931,2018-06-08
2780.1799,2790.21,2780.1699,2782.0,1917077606.0,5333309899892.0,2018-06-11
2785.6001,2789.8,2778.78,2786.8501,1989893988.0,5545536259447.199,2018-06-12
2787.9399,2791.47,2774.6499,2775.6299,2422913937.0,6725112368663.916,2018-06-13
2783.21,2789.0601,2776.52,2782.49,2271012002.0,6319068185444.9795,2018-06-14
2777.78,2782.8101,2761.73,2779.6599,3501178338.0,9732085028887.246,2018-06-15
2765.79,2774.99,2757.1201,2773.75,2029883491.0,5630389333161.25,2018-06-18
2752.01,2765.05,2743.1899,2762.5901,2214221500.0,6116986395107.149,2018-06-19
2769.73,2774.8601,2763.9099,2767.3201,2184211754.0,6044413089500.455,2018-06-20
2769.28,2769.28,2744.3899,2749.76,2149437119.0,5910436212341.44,2018-06-21
2760.79,2764.1699,2752.6799,2754.8799,2887234463.0,7953984188705.993,2018-06-22
2742.9399,2742.9399,2698.6699,2717.0701,2396997400.0,6512809965317.74,2018-06-25
2722.1201,2732.9099,2715.6001,2723.0601,2192526142.0,5970380455487.135,2018-06-26
2728.45,2746.0901,2699.3799,2699.6299,2277333138.0,6147956631605.626,2018-06-27
2698.6899,2724.3401,2691.99,2716.3101,2123739786.0,5768735830483.639,2018-06-28
2727.1299,2743.26,2718.03,2718.3701,2247611935.0,6109841080507.144,2018-06-29
2704.95,2727.26,2698.95,2726.71,1774974648.0,4839841122448.08,2018-07-02
2733.27,2736.5801,2711.1599,2713.22,1148652871.0,3116547942654.6196,2018-07-03
2724.1899,2737.8301,2716.02,2736.6101,1709735880.0,4678880477540.388,2018-07-05
2737.6799,2764.4099,2733.52,2759.8201,1570610299.0,4334601872447.21,2018-07-06
2768.51,2784.6499,2768.51,2784.1699,1859165478.0,5176232562966.712,2018-07-09
2788.5601,2795.5801,2786.24,2793.8401,1743427932.0,4870858867881.673,2018-07-10
2779.8201,2785.9099,2770.77,2774.02,1806015298.0,5009922556957.96,2018-07-11
2783.1399,2799.22,2781.53,2798.29,1862928000.0,5213012793120.0,2018-07-12
2796.9299,2804.53,2791.6899,2801.3101,1757998396.0,4924698662498.6,2018-07-13
2801.4299,2803.71,2793.3899,2798.4299,1791632454.0,5013757829083.975,2018-07-16
2789.3401,2814.1899,2789.24,2809.55,1848700381.0,5194016155438.551,2018-07-17
2811.3501,2816.76,2805.8899,2815.6201,1946267157.0,5479948927219.056,2018-07-18
2809.3701,2812.05,2799.77,2804.49,2110255100.0,5918189325399.0,2018-07-19
2804.55,2809.7,2800.01,2801.8301,2082882088.0,5835881728909.249,2018-07-20
2799.1699,2808.6101,2795.1399,2806.98,1863978314.0,5232149847831.72,2018-07-23
2820.6799,2829.99,2811.1201,2820.3999,2183986783.0,6159716104374.521,2018-07-24
2817.73,2848.03,2817.73,2846.0701,2288128263.0,6512173434289.236,2018-07-25
2835.49,2845.5701,2835.26,2837.4399,2578242516.0,7315608186774.788,2018-07-26
2842.3501,2843.1699,2808.3401,2818.8201,2343658703.0,6606352259556.33,2018-07-27
2819.0,2821.74,2798.1101,2802.6001,2240038041.0,6277930837710.404,2018-07-30
2809.73,2824.46,2808.0601,2816.29,2449761064.0,6899237586932.56,2018-07-31
2821.1699,2825.8301,2805.8501,2813.3601,2200609136.0,6191105938917.873,2018-08-01
2800.48,2829.9099,2796.3401,2827.22,2040386957.0,5768622812569.54,2018-08-02
2829.6201,2840.3799,2827.3701,2840.3501,1829936668.0,5197660797947.467,2018-08-03
2840.29,2853.29,2835.98,2850.3999,1755402887.0,5003600213564.511,2018-08-06
2855.9199,2863.4299,2855.9199,2858.45,1792641161.0,5124175126660.449,2018-08-07
2856.79,2862.4399,2853.0901,2857.7,1624654644.0,4642775576158.8,2018-08-08
2857.1899,2862.48,2851.98,2853.5801,1670803074.0,4767770402985.228,2018-08-09
2839.6399,2842.2,2825.8101,2833.28,1817775083.0,5150265787162.24,2018-08-10
2835.46,2843.3999,2819.8799,2821.9299,1852090896.0,5226470676940.19,2018-08-13
2827.8799,2843.1101,2826.5801,2839.96,1733260850.0,4922391483566.0,2018-08-14
2827.95,2827.95,2802.49,2818.3701,2170175043.0,6116356452957.414,2018-08-15
2831.4399,2850.49,2831.4399,2840.6899,1990092035.0,5653234343894.946,2018-08-16
2838.3201,2855.6299,2833.73,2850.1299,1897228859.0,5407348698178.784,2018-08-17
2853.9299,2859.76,2850.6201,2857.05,1673590011.0,4781530340927.551,2018-08-20
2861.51,2873.23,2861.3201,2862.96,1897094700.0,5431306242312.0,2018-08-21
2860.99,2867.54,2856.05,2861.8201,1583705458.0,4532280112184.105,2018-08-22
2860.29,2868.78,2854.03,2856.98,1653913646.0,4725198208349.08,2018-08-23
2862.3501,2876.1599,2862.3501,2874.6899,1675497534.0,4816535838464.706,2018-08-24
2884.6899,2898.25,2884.6899,2896.74,2055945918.0,5955540778507.319,2018-08-27
2901.45,2903.77,2893.5,2897.52,1788301628.0,5181639733162.56,2018-08-28
2900.6201,2916.5,2898.3999,2914.04,1761496009.0,5133069830066.36,2018-08-29
2908.9399,2912.46,2895.22,2901.1299,1725979535.0,5007290835776.597,2018-08-30
2898.3701,2906.3201,2891.73,2901.52,1806136650.0,5240541612708.0,2018-08-31
2896.96,2900.1799,2885.1299,2896.72,1952726439.0,5656501730380.08,2018-09-04
2891.5901,2894.21,2876.9199,2888.6001,2277718447.0,6579417733776.045,2018-09-05
2888.6399,2892.05,2867.29,2878.05,2025172933.0,5828548959820.65,2018-09-06
2868.26,2883.8101,2864.1201,2871.6799,1942169500.0,5577289115543.05,2018-09-07
2881.3899,2886.9299,2875.9399,2877.1299,1762586061.0,5071189057426.324,2018-09-10
2871.5701,2892.52,2866.78,2887.8899,1880844233.0,5431671063953.947,2018-09-11
2888.29,2894.6499,2879.2,2888.9199,2063572613.0,5961495986790.698,2018-09-12
2896.8501,2906.76,2896.3899,2904.1799,2167357831.0,6294397048897.797,2018-09-13
2906.3799,2908.3,2895.77,2904.98,1896515785.0,5509340425109.3,2018-09-14
2903.8301,2904.6499,2886.1599,2888.8,1855645865.0,5360589774812.0,2018-09-17
2890.74,2911.1699,2890.4299,2904.3101,1947735430.0,5656827681476.844,2018-09-18
2906.6001,2912.3601,2903.8201,2907.95,1942348471.0,5648252236244.449,2018-09-19
2919.73,2934.8,2919.73,2930.75,2102348032.0,6161456494784.0,2018-09-20
2936.76,2940.9099,2927.1101,2929.6699,3900791977.0,11428032841178.393,2018-09-21
2921.8301,2923.79,2912.6299,2919.3701,2105481492.0,6146679713848.189,2018-09-24
2921.75,2923.95,2913.7,2915.5601,2034744657.0,5932420335637.386,2018-09-25
2916.98,2931.1499,2903.28,2905.97,2053174998.0,5966464948938.06,2018-09-26
2911.6499,2927.22,2909.27,2914.0,1803057925.0,5254110793450.0,2018-09-27
2910.03,2920.53,2907.5,2913.98,2193939787.0,6393096660522.26,2018-09-28
2926.29,2937.0601,2917.9099,2924.5901,2148843589.0,6284486686837.869,2018-10-01
2923.8,2931.4199,2919.3701,2923.4299,2060042938.0,6022391120233.046,2018-10-02
2931.6899,2939.8601,2921.3601,2925.51,2101579719.0,6148192483731.69,2018-10-03
2919.3501,2919.78,2883.9199,2901.6101,2105861176.0,6110388057479.478,2018-10-04
2902.54,2909.6399,2869.29,2885.5701,2091494758.0,6035154737991.535,2018-10-05
2877.53,2889.45,2862.0801,2884.4299,2013126777.0,5806723068069.433,2018-10-08
2882.51,2894.8301,2874.27,2880.3401,2136559731.0,6154018669244.513,2018-10-09
2873.8999,2874.02,2784.8601,2785.6799,2895006266.0,8064560765570.254,2018-10-10
2776.8701,2795.1399,2710.51,2728.3701,2147463514.0,5859075242438.531,2018-10-11
2770.54,2775.77,2729.4399,2767.1299,2147168245.0,5941493451070.025,2018-10-12
2763.8301,2775.99,2749.03,2750.79,2023151751.0,5565265605133.29,2018-10-15
2767.05,2813.46,2766.9099,2809.9199,2137274737.0,6005570815263.566,2018-10-16
2811.6699,2816.9399,2781.8101,2809.21,2120418821.0,5956701756141.41,2018-10-17
2802.0,2806.04,2755.1799,2759.71,1302772928.0,3595275477130.88,2018-10-18
2775.6599,2797.77,2760.27,2767.78,2467481149.0,6829444974579.221,2018-10-19
2773.9399,2778.9399,2749.22,2755.8799,2145854246.0,5913716584881.056,2018-10-22
2721.03,2753.5901,2691.4299,2740.6899,2810569394.0,7702899151384.92,2018-10-23
2737.8701,2742.5901,2651.8899,2656.1001,2147332195.0,5703529257872.72,2018-10-24
2674.8799,2722.7,2667.8401,2705.5701,2147419527.0,5809994064407.343,2018-10-25
2667.8601,2692.3799,2628.1599,2658.6899,2147473303.0,5709465581205.739,2018-10-26
2682.6499,2706.8501,2603.54,2641.25,2147273855.0,5671487069518.75,2018-10-29
2640.6799,2685.4299,2635.3401,2682.6299,2147380842.0,5760628053436.376,2018-10-30
2705.6001,2736.6899,2705.6001,2711.74,2147473372.0,5823389441787.279,2018-10-31
2717.5801,2741.6699,2708.8501,2740.3701,2147405477.0,5884685761747.038,2018-11-01
2745.45,2756.55,2700.4399,2723.0601,2147405764.0,5847514954458.417,2018-11-02
2726.3701,2744.27,2717.9399,2738.3101,2147459458.0,5880409923181.926,2018-11-05
2738.3999,2756.8201,2737.0801,2755.45,2102933250.0,5794527423712.5,2018-11-06
2774.1299,2815.1499,2774.1299,2813.8899,2123490483.0,5975268422859.822,2018-11-07
2806.3799,2814.75,2794.99,2806.8301,2147351020.0,6027249478201.702,2018-11-08
2794.1001,2794.1001,2764.24,2781.01,2147174097.0,5971312635497.971,2018-11-09
2773.9299,2775.99,2722.0,2726.22,2131253635.0,5810266284809.699,2018-11-12
2730.05,2754.6001,2714.98,2722.1799,2142608408.0,5832565541828.6,2018-11-13
2737.8999,2746.8,2685.75,2701.5801,2147409163.0,5801397861318.457,2018-11-14
2693.52,2735.3799,2670.75,2730.2,2146808184.0,5861215703956.8,2018-11-15
2718.54,2746.75,2712.1599,2736.27,2147360083.0,5875756974310.41,2018-11-16
2730.74,2733.1599,2681.0901,2690.73,2147399029.0,5778070989301.17,2018-11-19
2654.6001,2669.4399,2631.52,2641.8899,2147447046.0,5673318661612.235,2018-11-20
2657.74,2670.73,2649.8201,2649.9299,2052551182.0,5439116748462.142,2018-11-21
2633.3601,2647.55,2631.0901,2632.5601,988954529.0,2603482233759.693,2018-11-23
2649.97,2674.3501,2649.97,2673.45,2147097362.0,5740157442438.899,2018-11-26
2663.75,2682.53,2655.8899,2682.1699,2147396906.0,5759683344626.329,2018-11-27
2691.45,2744.0,2684.3799,2743.79,2135243012.0,5858658423895.4795,2018-11-28
2736.97,2753.75,2722.9399,2737.76,2102760317.0,5756853085469.921,2018-11-29
2737.76,2760.8799,2732.76,2760.1699,2101760265.0,5801215420469.023,2018-11-30
2790.5,2800.1799,2773.3799,2790.3701,2147397473.0,5992033701474.758,2018-12-03
2782.4299,2785.9299,2697.1799,2700.0601,2147238652.0,5797673409442.985,2018-12-04
2663.51,2696.1499,2621.53,2695.95,2147436616.0,5789381744905.199,2018-12-06
2691.26,2708.54,2623.1399,2633.0801,2147023553.0,5653284991635.596,2018-12-07
2630.8601,2647.51,2583.23,2637.72,2147439615.0,5664344421277.8,2018-12-10
2664.4399,2674.3501,2621.3,2636.78,2147418269.0,5662269543333.82,2018-12-11
2658.23,2685.4399,2650.26,2651.0701,2144827198.0,5686087254284.58,2018-12-12
2658.7,2670.1899,2637.27,2650.54,2146130844.0,5688405647255.76,2018-12-13
2629.6799,2635.0701,2593.8401,2599.95,2146785104.0,5581533931144.8,2018-12-14
2590.75,2601.1299,2530.54,2545.9399,2147144208.0,5466500110201.099,2018-12-17
2559.8999,2573.99,2528.71,2546.1599,2147357028.0,5467514355676.777,2018-12-18
2547.05,2585.29,2488.96,2506.96,2147475000.0,5383633926000.0,2018-12-19
2496.77,2509.6299,2441.1799,2467.4199,2147382307.0,5298493837199.709,2018-12-20
2465.3799,2504.4099,2408.55,2416.6201,651893388.0,1575378664497.899,2018-12-21
2400.5601,2410.3401,2351.1001,2351.1001,1711551684.0,4024029335407.5684,2018-12-24
2363.1201,2467.76,2346.5801,2467.7,2731627234.0,6740836525341.8,2018-12-26
2442.5,2489.1001,2397.9399,2488.8301,2552054898.0,6351631046994.83,2018-12-27
2498.77,2520.27,2472.8899,2485.74,3702620000.0,9203750638800.0,2018-12-28
2498.9399,2509.24,2482.8201,2506.8501,1998138057.0,5009032588004.256,2018-12-31
2476.96,2519.49,2467.47,2510.03,2233765369.0,5606818089151.07,2019-01-02
2491.9199,2493.1399,2443.96,2447.8899,2754752741.0,6743331411691.216,2019-01-03
2474.3301,2538.0701,2474.3301,2531.9399,2661709794.0,6739289229649.38,2019-01-04
2535.6101,2566.1599,2524.5601,2549.6899,2526552370.0,6441925059610.0625,2019-01-07
2568.1101,2579.8201,2547.5601,2574.4099,2458286256.0,6328636474480.335,2019-01-08
2580.0,2595.3201,2568.8899,2584.96,2463516870.0,6368092568275.2,2019-01-09
2573.51,2597.8201,2562.02,2596.6399,2330498011.0,6051464122233.239,2019-01-10
2588.1101,2596.27,2577.3999,2596.26,2063515116.0,5357421755066.16,2019-01-11
2580.3101,2589.3201,2570.4099,2582.6101,2242883039.0,5792492389640.094,2019-01-14
2585.1001,2613.0801,2585.1001,2610.3,2299611814.0,6002676718084.2,2019-01-15
2614.75,2625.76,2612.6799,2616.1001,2417328891.0,6323974353477.989,2019-01-16
2609.28,2645.0601,2606.3601,2635.96,2450727381.0,6460019347220.76,2019-01-17
2651.27,2675.47,2647.5801,2670.71,2617844977.0,6991504758523.67,2019-01-18
2657.8799,2657.8799,2617.27,2632.8999,2590517040.0,6820572055564.296,2019-01-22
2643.48,2653.1899,2612.8601,2638.7,2239098706.0,5908309755522.199,2019-01-23
2638.8401,2647.2,2627.01,2642.3301,2434655642.0,6433163885991.425,2019-01-24
2657.4399,2672.3799,2657.3301,2664.76,2499715080.0,6661140756580.801,2019-01-25
2644.97,2644.97,2624.0601,2643.8501,2284154065.0,6038960953165.657,2019-01-28
2644.8899,2650.9299,2631.05,2640.0,2148988595.0,5673329890800.0,2019-01-29
2653.6201,2690.4399,2648.3401,2681.05,2544657931.0,6822355145907.551,2019-01-30
2685.49,2708.95,2678.6499,2704.1001,3383825891.0,9150203930235.69,2019-01-31
2702.3201,2716.6599,2696.8799,2706.53,2431455095.0,6580806158270.351,2019-02-01
2706.49,2724.99,2698.75,2724.8701,2070561799.0,5642011936297.311,2019-02-04
2728.3401,2738.98,2724.03,2737.7,2145938634.0,5874936198301.8,2019-02-05
2735.05,2738.0801,2724.1499,2731.6101,2056291740.0,5616987285530.574,2019-02-06
2717.53,2719.3201,2687.26,2706.05,2449415197.0,6628239993841.851,2019-02-07
2692.3601,2708.0701,2681.8301,2707.8799,2219273583.0,6009526328006.682,2019-02-08
2712.3999,2718.05,2703.79,2709.8,1977782524.0,5359395083535.2,2019-02-11
2722.6101,2748.1899,2722.6101,2744.73,2290316191.0,6286299558923.43,2019-02-12
2750.3,2761.8501,2748.6299,2753.03,2141980853.0,5896937547734.591,2019-02-13
2743.5,2757.8999,2731.23,2745.73,2141245049.0,5879280768390.7705,2019-02-14
2760.24,2775.6599,2760.24,2775.6001,2385153253.0,6620231607542.126,2019-02-15
2769.28,2787.3301,2767.29,2779.76,1984414955.0,5516197315310.801,2019-02-19
2779.05,2789.8799,2774.0601,2784.7,2139229517.0,5957112435989.899,2019-02-20
2780.24,2781.5801,2764.55,2774.8799,1979489005.0,5492844252245.499,2019-02-21
2780.6699,2794.2,2779.1101,2792.6699,2087754963.0,5830410443745.714,2019-02-22
2804.3501,2813.49,2794.99,2796.1101,2303642371.0,6441237700341.047,2019-02-25
2792.3601,2803.1201,2789.47,2793.8999,2033263150.0,5680733711458.685,2019-02-26
2787.5,2795.76,2775.1299,2792.3799,2053868016.0,5735179765131.278,2019-02-27
2788.1101,2793.73,2782.51,2784.49,2492903684.0,6941465379061.159,2019-02-28
2798.22,2808.02,2787.3799,2803.6899,2250380361.0,6309368689294.054,2019-03-01
2814.3701,2816.8799,2767.6599,2792.8101,2245925091.0,6272442277988.22,2019-03-04
2794.4099,2796.4399,2782.97,2789.6499,2118384032.0,5909549803030.396,2019-03-05
2790.27,2790.27,2768.6899,2771.45,2078054031.0,5759222844214.949,2019-03-06
2766.53,2767.25,2739.0901,2748.9299,2280991903.0,6270286843814.6,2019-03-07
2730.79,2744.1299,2722.27,2743.0701,1971521128.0,5408020657735.072,2019-03-08
2747.6101,2784.0,2747.6101,2783.3,2054706192.0,5718863744193.601,2019-03-11
2787.3401,2798.3201,2786.73,2791.52,1995476094.0,5570411425922.88,2019-03-12
2799.78,2821.24,2799.78,2810.9199,2162511945.0,6078647860188.205,2019-03-13
2810.3799,2815.0,2803.46,2808.48,2052995330.0,5765796324398.4,2019-03-14
2810.79,2830.73,2810.79,2822.48,3734916446.0,10541726970506.08,2019-03-15
2822.6101,2835.4099,2821.99,2832.9399,2031400901.0,5754836665338.85,2019-03-18
2840.76,2852.4199,2823.27,2832.5701,2243489044.0,6354839985711.984,2019-03-19
2831.3401,2843.54,2812.4299,2824.23,2289335844.0,6465610970700.12,2019-03-20
2819.72,2860.3101,2817.3799,2854.8799,2323248426.0,6632595234094.037,2019-03-21
2844.52,2846.1599,2800.47,2800.71,2485350165.0,6960745060617.15,2019-03-22
2796.01,2809.79,2785.02,2798.3601,1931448289.0,5404887827150.869,2019-03-25
2812.6599,2829.8701,2803.99,2818.46,1911821679.0,5388392929394.34,2019-03-26
2819.72,2825.5601,2787.72,2805.3701,1918159251.0,5381146609793.795,2019-03-27
2809.3999,2819.71,2798.77,2815.4399,1774788228.0,4996809591161.497,2019-03-28
2828.27,2836.03,2819.23,2834.3999,2184384245.0,6191418485589.575,2019-03-29
2848.6299,2869.3999,2848.6299,2867.1899,2065945466.0,5923457974065.993,2019-04-01
2868.24,2872.8999,2858.75,2867.24,1874915359.0,5375832313939.159,2019-04-02
2876.0901,2885.25,2865.1699,2873.3999,2216125460.0,6367814675151.454,2019-04-03
2873.99,2881.28,2867.1399,2879.3899,1740949270.0,5012871744450.373,2019-04-04
2884.1599,2893.24,2882.99,2892.74,1747286390.0,5054445231808.6,2019-04-05
2888.46,2895.95,2880.78,2895.77,1744343429.0,5051217371395.33,2019-04-08
2886.5801,2886.8799,2873.3301,2878.2,1712480401.0,4928861090158.199,2019-04-09
2881.3701,2889.71,2879.1299,2888.21,1595773627.0,4608929347237.67,2019-04-10
2891.9199,2893.4199,2881.99,2888.3201,1625618352.0,4695306161010.475,2019-04-11
2900.8601,2910.54,2898.3701,2907.4099,2175148651.0,6324048721889.045,2019-04-12
2908.3201,2909.6001,2896.48,2905.5801,1719879708.0,4997248253958.611,2019-04-15
2912.26,2916.0601,2900.71,2907.0601,2059164390.0,5986114637509.839,2019-04-16
2916.04,2918.0,2895.45,2900.45,2310102579.0,6700337025260.55,2019-04-17
2904.8101,2908.3999,2891.8999,2905.03,2079240009.0,6040254603345.2705,2019-04-18
2898.78,2909.51,2896.3501,2907.97,1747453728.0,5081543017412.159,2019-04-22
2909.99,2936.3101,2908.53,2933.6799,2171881377.0,6371604740889.223,2019-04-23
2934.0,2936.8301,2926.05,2927.25,2035575785.0,5958639216641.25,2019-04-24
2928.99,2933.1001,2912.8401,2926.1699,2089426293.0,6114016326845.181,2019-04-25
2925.8101,2939.8799,2917.5601,2939.8799,2080498109.0,6116414572637.109,2019-04-26
2940.5801,2949.52,2939.3501,2943.03,1848856715.0,5441240777946.45,2019-04-29
2937.1399,2948.22,2924.1101,2945.8301,2364280370.0,6964768278785.138,2019-04-30
2952.3301,2954.1299,2923.3601,2923.73,2227214304.0,6511773277033.92,2019-05-01
2922.1599,2931.6799,2900.5,2917.52,2136002298.0,6231829424460.96,2019-05-02
2929.21,2947.8501,2929.21,2945.6399,1880651493.0,5539722075775.371,2019-05-03
2908.8899,2937.3201,2898.21,2932.47,1857443096.0,5446896155727.119,2019-05-06
2913.03,2913.03,2862.6001,2884.05,2283553857.0,6585883501280.851,2019-05-07
2879.6101,2897.96,2873.28,2879.4199,1919367284.0,5526664352958.552,2019-05-08
2859.8401,2875.97,2836.3999,2870.72,2122567271.0,6093296316205.119,2019-05-09
2863.1001,2891.3101,2825.3899,2881.3999,2004542780.0,5775889365837.722,2019-05-10
2840.1899,2840.1899,2801.4299,2811.8701,2324156702.0,6535226738068.41,2019-05-13
2820.1201,2852.54,2820.1201,2834.4099,1947348885.0,5519584958397.962,2019-05-14
2820.3799,2858.6799,2815.0801,2850.96,1877762469.0,5353425688620.24,2019-05-15
2855.8,2892.1499,2855.8,2876.3201,1925487672.0,5538318893275.807,2019-05-16
2858.6001,2885.48,2854.23,2859.53,1887749622.0,5398076676597.66,2019-05-17
2841.9399,2853.8601,2831.29,2840.23,1899719090.0,5395639150990.7,2019-05-20
2854.02,2868.8799,2854.02,2864.3601,1802041253.0,5161695063647.205,2019-05-21
2856.0601,2865.47,2851.1101,2856.27,1794215276.0,5124763266380.52,2019-05-22
2836.7,2836.7,2805.49,2822.24,2225395776.0,6280600974858.239,2019-05-23
2832.4099,2841.3601,2820.1899,2826.0601,1601399137.0,4525650205250.134,2019-05-24
2830.03,2840.51,2801.5801,2802.3899,2487317339.0,6970432988908.477,2019-05-28
2790.25,2792.03,2766.0601,2783.02,2100549012.0,5845869911376.24,2019-05-29
2786.9399,2799.0,2776.74,2788.8601,1757961173.0,4902707772728.897,2019-05-30
2766.1499,2768.98,2750.52,2752.0601,2206214289.0,6071634316806.77,2019-05-31
2751.53,2763.0701,2728.8101,2744.45,2421191119.0,6644837966539.55,2019-06-03
2762.6399,2804.49,2762.6399,2803.27,2294213172.0,6431298958672.44,2019-06-04
2818.0901,2827.28,2800.9199,2826.1499,2031189576.0,5740446217093.442,2019-06-05
2828.51,2852.1001,2822.45,2843.49,1949547652.0,5543519252985.4795,2019-06-06
2852.8701,2884.97,2852.8701,2873.3401,1848513805.0,5311408841310.08,2019-06-07
2885.8301,2904.77,2885.51,2886.73,1854780007.0,5354249089607.11,2019-06-10
2903.27,2910.6101,2878.53,2885.72,2038179621.0,5881615695912.119,2019-06-11
2882.73,2888.5701,2874.6799,2879.8401,1618915586.0,4662218023077.799,2019-06-12
2886.24,2895.24,2881.99,2891.6399,1638957193.0,4739274013670.801,2019-06-13
2886.8201,2894.45,2879.6201,2886.98,1562976924.0,4512283120049.5205,2019-06-14
2889.75,2897.27,2887.3,2889.6699,1579314342.0,4563697116715.706,2019-06-17
2906.71,2930.79,2905.4399,2917.75,2003753210.0,5846450928477.5,2019-06-18
2920.55,2931.74,2911.4299,2926.46,1864220237.0,5455565954771.0205,2019-06-19
2949.6001,2958.0601,2931.5,2954.1799,2057677854.0,6078750556961.935,2019-06-20
2952.71,2964.1499,2946.8701,2950.46,3033185232.0,8949291699606.72,2019-06-21
2951.4199,2954.9199,2944.05,2945.3501,1733220416.0,5104940925587.642,2019-06-24
2945.78,2946.52,2916.01,2917.3799,2020032887.0,5893203341872.771,2019-06-25
2926.0701,2932.5901,2912.99,2913.78,2005584141.0,5843830958362.98,2019-06-26
2919.6599,2929.3,2918.5701,2924.9199,1725782515.0,5047775621195.548,2019-06-27
2932.9399,2943.98,2929.05,2941.76,2959726110.0,8706803881353.601,2019-06-28
2971.4099,2977.9299,2952.22,2964.3301,2042077046.0,6053390453976.885,2019-07-01
2964.6599,2973.21,2955.9199,2973.01,1656797094.0,4925674328432.94,2019-07-02
2978.0801,2995.8401,2977.96,2995.8201,1076119406.0,3223860146494.8604,2019-07-03
2984.25,2994.03,2967.97,2990.4099,1287369510.0,3849762527662.149,2019-07-05
2979.77,2980.76,2970.0901,2975.95,1554002628.0,4624634120796.6,2019-07-08
2965.52,2981.8999,2963.4399,2979.6299,1636493097.0,4876143762964.8,2019-07-09
2989.3,3002.98,2984.6201,2993.0701,1643619368.0,4919467986141.696,2019-07-10
2999.6201,3002.3301,2988.8,2999.9099,1731135974.0,5193251946648.743,2019-07-11
3003.3601,3013.9199,3001.8701,3013.77,1609598303.0,4850959077632.31,2019-07-12
3017.8,3017.8,3008.77,3014.3,1604048494.0,4835083375464.2,2019-07-15
3012.1299,3015.02,3001.1499,3004.04,1742567428.0,5234742256409.12,2019-07-16
3005.1001,3005.26,2984.25,2984.4199,1743301026.0,5202742273684.817,2019-07-17
2978.8701,2998.28,2973.0901,2995.1101,1793633457.0,5372129682758.615,2019-07-18
3004.26,3006.02,2975.8601,2976.6101,1872665473.0,5574194960853.077,2019-07-19
2981.9299,2990.71,2976.6499,2985.03,1667005218.0,4976060585886.54,2019-07-22
2994.74,3005.8999,2988.5601,3005.47,1870688759.0,5622298944511.7295,2019-07-23
2998.77,3019.5901,2996.8201,3019.5601,1925226952.0,5813338487703.815,2019-07-24
3016.26,3016.3101,2997.24,3003.6699,1977743265.0,5940487915008.224,2019-07-25
3013.25,3027.98,3012.5901,3025.8601,1807302584.0,5468644777552.498,2019-07-26
3024.47,3025.6101,3014.3,3020.97,1761304156.0,5320847016151.319,2019-07-29
3007.6599,3017.1899,3000.9399,3013.1799,1837519861.0,5536777911015.994,2019-07-30
3016.22,3017.3999,2958.0801,2980.3799,2731633880.0,8141306710111.012,2019-07-31
2980.3201,3013.5901,2945.23,2953.5601,2707086272.0,7995542000236.947,2019-08-01
2943.8999,2945.5,2914.1101,2932.05,2210278484.0,6480647029012.2,2019-08-02
2898.0701,2898.0701,2822.1201,2844.74,2614970778.0,7438911971007.72,2019-08-05
2861.1799,2884.3999,2847.4199,2881.77,2177203736.0,6274200410292.72,2019-08-06
2858.6499,2892.1699,2825.71,2883.98,2360893677.0,6808770146594.46,2019-08-07
2896.21,2938.72,2894.47,2938.0901,2209464226.0,6491604968714.763,2019-08-08
2930.51,2935.75,2900.1499,2918.6499,1888617136.0,5512212215124.687,2019-08-09
2907.0701,2907.5801,2873.1399,2883.0901,1440439051.0,4152915567591.495,2019-08-12
2880.72,2943.3101,2877.05,2926.3201,2129331307.0,6231105003233.37,2019-08-13
2894.1499,2894.1499,2839.6399,2840.6001,2543385216.0,7224740298908.122,2019-08-14
2846.2,2856.6699,2825.51,2847.6001,2421109975.0,6894353006920.998,2019-08-15
2864.74,2893.6299,2864.74,2888.6799,2063083134.0,5959586781214.807,2019-08-16
2913.48,2931.0,2913.48,2923.6499,1779496092.0,5202623571426.19,2019-08-19
2919.01,2923.6299,2899.6001,2900.51,1678619163.0,4868851668473.13,2019-08-20
2922.04,2928.73,2917.9099,2924.4299,1587398599.0,4642235926133.71,2019-08-21
2930.9399,2939.0801,2904.51,2922.95,1586736328.0,4637950949927.6,2019-08-22
2911.0701,2927.01,2834.97,2847.1101,2353651930.0,6701106181787.493,2019-08-23
2866.7,2879.27,2856.0,2878.3799,1594021309.0,4588198895997.289,2019-08-26
2893.1399,2898.79,2860.5901,2869.1599,1949097485.0,5592272345152.852,2019-08-27
2861.28,2890.03,2853.05,2887.9399,1657199496.0,4785892546758.29,2019-08-28
2910.3701,2930.5,2905.6699,2924.5801,1620492414.0,4739259866185.361,2019-08-29
2937.0901,2940.4299,2913.3201,2926.46,1609574623.0,4710355751224.58,2019-08-30
2909.01,2914.3899,2891.8501,2906.27,1709526221.0,4968344770305.67,2019-09-03
2924.6699,2938.8401,2921.8601,2937.78,1638025756.0,4812159305461.681,2019-09-04
2960.6001,2985.8601,2960.6001,2976.0,1985626103.0,5909223282528.0,2019-09-05
2980.3301,2985.03,2972.51,2978.71,1660754923.0,4946907296689.33,2019-09-06
2988.4299,2989.4299,2969.3899,2978.4299,2109065868.0,6281704842320.653,2019-09-09
2971.01,2979.3899,2957.01,2979.3899,2313900765.0,6894012568843.273,2019-09-10
2981.4099,3000.9299,2975.3101,3000.9299,2023030989.0,6070974183516.671,2019-09-11
3009.0801,3020.74,3000.9199,3009.5701,2110912839.0,6352940163960.514,2019-09-12
3012.21,3017.3301,3002.8999,3007.3899,1885111636.0,5669265694478.877,2019-09-13
2996.4099,3002.1899,2990.6699,2997.96,1865797043.0,5593584903032.28,2019-09-16
2995.6699,3006.21,2993.73,3005.7,1835650335.0,5517414211909.5,2019-09-17
3001.5,3007.8301,2978.5701,3006.73,1711314786.0,5145461506509.78,2019-09-18
3010.3601,3021.99,3003.1599,3006.79,1552070564.0,4666750251129.56,2019-09-19
3008.4199,3016.3701,2984.6799,2992.0701,3239391426.0,9692486227930.963,2019-09-20
2983.5,2999.1499,2982.23,2991.78,1584858670.0,4741548471732.601,2019-09-23
3002.4299,3007.98,2957.73,2966.6001,2022515176.0,5999993723373.118,2019-09-24
2968.3501,2989.8201,2952.8601,2984.8701,1755735859.0,5240643469026.916,2019-09-25
2985.73,2987.28,2963.71,2977.6201,1589729661.0,4733610992159.786,2019-09-26
2985.47,2987.3101,2945.53,2961.79,1770249086.0,5243106040423.939,2019-09-27
2967.0701,2983.8501,2967.0701,2976.74,1663001742.0,4950323805481.08,2019-09-30
2983.6899,2992.53,2938.7,2940.25,1889536812.0,5555710611483.0,2019-10-01
2924.78,2924.78,2874.9299,2887.6101,2132408795.0,6157565173770.829,2019-10-02
2885.3799,2911.1299,2855.9399,2910.6299,1879070945.0,5469280076738.255,2019-10-03
2918.5601,2953.74,2918.5601,2952.01,1598498926.0,4718784814541.261,2019-10-04
2944.23,2959.75,2935.6799,2938.79,1497859583.0,4401894763924.57,2019-10-07
2920.3999,2925.47,2892.6599,2893.0601,1831153664.0,5297637602287.207,2019-10-08
2911.1001,2929.3201,2907.4099,2919.3999,1409636911.0,4115293857009.709,2019-10-09
2918.55,2948.46,2917.1201,2938.1299,1630780755.0,4791445696610.074,2019-10-10
2963.0701,2993.28,2963.0701,2970.27,1952864648.0,5800535278014.96,2019-10-11
2965.8101,2972.8401,2962.9399,2966.1499,1332783825.0,3953236609245.367,2019-10-14
2973.6101,3003.28,2973.6101,2995.6799,1676566148.0,5022455510584.025,2019-10-15
2989.6799,2997.54,2985.2,2989.6899,1740299314.0,5202955282042.729,2019-10-16
3000.77,3008.29,2991.79,2997.95,1623369261.0,4866779876014.949,2019-10-17
2996.8401,3000.0,2976.3101,2986.2,1986308651.0,5931514893616.199,2019-10-18
2996.48,3007.3301,2995.3501,3006.72,1749381230.0,5259899531865.6,2019-10-21
3010.73,3014.5701,2995.04,2995.99,1843264600.0,5522402308954.0,2019-10-22
2994.01,3004.78,2991.21,3004.52,1760876330.0,5290588151011.6,2019-10-23
3014.78,3016.0701,3000.4199,3010.29,1935918850.0,5827677154966.5,2019-10-24
3003.3201,3027.3899,3001.9399,3022.55,1773425903.0,5360268463112.65,2019-10-25
3032.1201,3044.0801,3032.1201,3039.4199,1871168000.0,5687265255443.2,2019-10-28
3035.3899,3047.8701,3034.8101,3036.8899,1811955801.0,5502710271303.311,2019-10-29
3039.74,3050.1001,3025.96,3046.77,1968172946.0,5996570286684.42,2019-10-30
3046.8999,3046.8999,3023.1899,3037.5601,2207521396.0,6705478912385.9,2019-10-31
3050.72,3066.95,3050.72,3066.9099,1950717139.0,5982673705698.776,2019-11-01
3078.96,3085.2,3074.8701,3078.27,2114369155.0,6508599138761.85,2019-11-04
3080.8,3083.95,3072.1499,3074.6201,2249853337.0,6917444291992.273,2019-11-05
3075.1001,3078.3401,3065.8899,3076.78,2022311721.0,6222208256938.381,2019-11-06
3087.02,3097.77,3080.23,3085.1799,2160097121.0,6664288219757.068,2019-11-07
3081.25,3093.0901,3073.5801,3093.0801,1681254206.0,5200253927619.9,2019-11-08
3080.3301,3088.3301,3075.8201,3087.01,1407760565.0,4345770941760.6504,2019-11-11
3089.28,3102.6101,3084.73,3091.8401,1682131599.0,5200881931265.319,2019-11-12
3084.1799,3098.0601,3078.8,3094.04,1716744635.0,5311676570475.4,2019-11-13
3090.75,3098.2,3083.26,3096.6299,1658728244.0,5136467476344.8955,2019-11-14
3107.9199,3120.46,3104.6001,3120.46,1868559515.0,5830765224176.9,2019-11-15
3117.9099,3124.1699,3112.0601,3122.03,1834376060.0,5726977090601.801,2019-11-18
3127.45,3127.6399,3113.47,3120.1799,1924172382.0,6003763990451.521,2019-11-19
3114.6599,3118.97,3091.4099,3108.46,2372417263.0,7374564165344.98,2019-11-20
3108.49,3110.1101,3094.55,3103.54,1862138394.0,5779220991314.76,2019-11-21
3111.4099,3112.8701,3099.26,3110.29,1626733207.0,5059612026400.03,2019-11-22
3117.4399,3133.8301,3117.4399,3133.6399,1904704053.0,5968656618172.515,2019-11-25
3134.8501,3142.6899,3131.0,3140.52,2493336600.0,7830373459032.0,2019-11-26
3145.49,3154.26,3143.4099,3153.6299,1493045171.0,4708511893316.213,2019-11-27
3147.1799,3150.3,3139.3401,3140.98,830224239.0,2607717730214.22,2019-11-29
3143.8501,3144.3101,3110.78,3113.8701,1786642208.0,5563371750889.181,2019-12-02
3087.4099,3094.97,3070.3301,3093.2,1991484979.0,6160061337042.8,2019-12-03
3103.5,3119.3799,3102.53,3112.76,1791049394.0,5575106911667.44,2019-12-04
3119.21,3119.45,3103.76,3117.4299,1645721930.0,5130422751667.707,2019-12-05
3134.6201,3150.6001,3134.6201,3145.9099,1699014299.0,5344945903465.66,2019-12-06
3141.8601,3148.8701,3135.46,3135.96,1596216273.0,5005670383477.08,2019-12-09
3135.3601,3142.1201,3126.0901,3132.52,1662835229.0,5208864611547.08,2019-12-10
3135.75,3143.98,3133.21,3141.6299,1711032900.0,5375432118523.71,2019-12-11
3141.23,3176.28,3138.47,3168.5701,2217305086.0,7025686598077.528,2019-12-12
3166.6499,3182.6799,3156.51,3168.8,1956819988.0,6200771177974.4,2019-12-13
3183.6299,3197.71,3183.6299,3191.45,2164545446.0,6908038563636.699,2019-12-16
3195.3999,3198.22,3191.03,3192.52,1971590974.0,6294343616314.4795,2019-12-17
3195.21,3198.48,3191.1399,3191.1399,2109637089.0,6732147089227.751,2019-12-18
3192.3201,3205.48,3192.3201,3205.3701,1923928144.0,6166901747326.095,2019-12-19
3223.3301,3225.6499,3216.03,3221.22,3697537000.0,11910580135140.0,2019-12-20
3226.05,3227.78,3222.3,3224.01,1580052417.0,5094104792932.17,2019-12-23
3225.45,3226.4299,3220.51,3223.3799,589329805.0,1899633847907.9194,2019-12-24
3227.2,3240.0801,3227.2,3239.9099,1047945052.0,3395247548630.815,2019-12-26
3247.23,3247.9299,3234.3701,3240.02,1110175743.0,3596991610834.86,2019-12-27
3240.0901,3240.9199,3216.5701,3221.29,1198740754.0,3861491603452.66,2019-12-30
3215.1799,3231.72,3212.03,3230.78,1285724433.0,4153892783647.74,2019-12-31
3244.6699,3258.1399,3235.53,3257.8501,1827686033.0,5954327125377.653,2020-01-02
3226.3601,3246.1499,3222.3401,3234.8501,1733947876.0,5609061460073.388,2020-01-03
3217.55,3246.8401,3214.6399,3246.28,1872802967.0,6079642815712.761,2020-01-06
3241.8601,3244.9099,3232.4299,3237.1799,1892856394.0,6127516672243.281,2020-01-07
3238.5901,3267.0701,3236.6699,3253.05,1956336829.0,6364061521578.45,2020-01-08
3266.03,3275.5801,3263.6699,3274.7,1839202233.0,6022835552405.1,2020-01-09
3281.8101,3282.99,3260.8601,3265.3501,1631680402.0,5328007763838.74,2020-01-10
3271.1299,3288.1299,3268.4299,3288.1299,1765159091.0,5804072385373.921,2020-01-13
3285.3501,3294.25,3277.1899,3283.1499,1969901450.0,6467481748577.3545,2020-01-14
3282.27,3298.6599,3280.6899,3289.29,1807140795.0,5944210145585.55,2020-01-15
3302.97,3317.1101,3302.8201,3316.8101,1795632375.0,5955771597286.987,2020-01-16
3323.6599,3329.8799,3318.8601,3329.6201,2148780812.0,7154623782129.521,2020-01-17
3321.03,3329.79,3316.6101,3320.79,2190847523.0,7275344545903.17,2020-01-21
3330.02,3337.77,3320.04,3321.75,1852031183.0,6151984582130.25,2020-01-22
3315.77,3326.8799,3301.8701,3325.54,2034159847.0,6764679937592.38,2020-01-23
3333.1001,3333.1799,3281.53,3295.47,2106787710.0,6942855694673.699,2020-01-24
3247.1599,3258.8501,3234.5,3243.6299,2136117899.0,6928775887121.58,2020-01-27
3255.3501,3285.78,3253.22,3276.24,2023968804.0,6631007554416.96,2020-01-28
3289.46,3293.47,3271.8899,3273.3999,2124923928.0,6955725773422.807,2020-01-29
3256.45,3285.9099,3242.8,3283.6599,2253788999.0,7400676559077.44,2020-01-30
3282.3301,3282.3301,3214.6799,3225.52,2678835839.0,8640638575411.28,2020-01-31
3235.6599,3268.4399,3235.6599,3248.9199,2113052898.0,6865139610064.87,2020-02-03
3280.6101,3306.9199,3280.6101,3297.5901,2140871720.0,7059717389241.972,2020-02-04
3324.9099,3337.5801,3313.75,3334.6899,2252878600.0,7512651513346.14,2020-02-05
3344.9199,3347.96,3334.3899,3345.78,1953737177.0,6536774772063.061,2020-02-06
3335.54,3341.4199,3322.1201,3327.71,1851359693.0,6160788163993.03,2020-02-07
3318.28,3352.26,3317.77,3352.0901,1735188706.0,5816508883014.41,2020-02-10
3365.8701,3375.6299,3352.72,3357.75,1879876062.0,6312153847180.5,2020-02-11
3370.5,3381.47,3369.72,3379.45,2006519340.0,6780931783563.0,2020-02-12
3365.8999,3385.0901,3360.52,3373.9399,1909388714.0,6442162766774.288,2020-02-13
3378.0801,3380.6899,3366.1499,3380.1599,1667357285.0,5635934233729.872,2020-02-14
3369.04,3375.01,3355.6101,3370.29,1914015420.0,6450787029871.8,2020-02-18
3380.3899,3393.52,3378.8301,3386.1499,1725813319.0,5843862597550.518,2020-02-19
3380.45,3389.1499,3341.02,3373.23,2028505820.0,6842616687198.6,2020-02-20
3360.5,3360.76,3328.45,3337.75,2118610218.0,7071391255129.5,2020-02-21
3257.6101,3259.8101,3214.6499,3225.8899,2745642954.0,8857141874314.766,2020-02-24
3238.9399,3246.99,3118.77,3128.21,3132889940.0,9800337639207.4,2020-02-25
3139.8999,3182.51,3108.99,3116.3899,2992301140.0,9325177050454.486,2020-02-26
3062.54,3097.0701,2977.3899,2978.76,3935257829.0,11722188610712.041,2020-02-27
2916.8999,2959.72,2855.8401,2954.22,5142324277.0,15191557225598.94,2020-02-28
2974.28,3090.96,2945.1899,3090.23,3819116740.0,11801949123450.2,2020-03-02
3096.46,3136.72,2976.6299,3003.3701,3871212179.0,11626682909164.45,2020-03-03
3045.75,3130.97,3034.3799,3130.1201,3078036175.0,9634622899894.617,2020-03-04
3075.7,3083.04,2999.8301,3023.9399,3234688726.0,9781504302631.566,2020-03-05
2954.2,2985.9299,2901.54,2972.3701,3910119484.0,11622322241669.03,2020-03-06
2863.8899,2863.8899,2734.4299,2746.5601,4706064078.0,12925487824678.088,2020-03-09
2813.48,2882.5901,2734.0,2882.23,4346012322.0,12526207094838.06,2020-03-10
2825.6001,2825.6001,2707.22,2741.3799,4241642899.0,11627954586296.33,2020-03-11
2630.8601,2660.95,2478.8601,2480.6399,5218633781.0,12945551180636.463,2020-03-12
2569.99,2711.3301,2492.3701,2711.02,5003636035.0,13564957363605.7,2020-03-13
2508.5901,2562.98,2380.9399,2386.1299,4650983384.0,11097850516965.582,2020-03-16
2425.6599,2553.9299,2367.04,2529.1899,4826351185.0,12206758670955.031,2020-03-17
2436.5,2453.5701,2280.52,2398.1001,5196783768.0,12462407673719.178,2020-03-18
2393.48,2466.97,2319.78,2409.3899,4557744384.0,10981383285591.322,2020-03-19
2431.9399,2453.01,2295.5601,2304.9199,5303923234.0,12225118210118.955,2020-03-20
2290.71,2300.73,2191.8601,2237.3999,4617078431.0,10330250819811.557,2020-03-23
2344.4399,2449.71,2344.4399,2447.3301,4718870107.0,11548632850851.322,2020-03-24
2457.77,2571.4199,2407.53,2475.5601,4881201399.0,12083707423428.58,2020-03-25
2501.29,2637.01,2500.72,2630.0701,4340887034.0,11416837195601.084,2020-03-26
2555.8701,2615.9099,2520.02,2541.47,3590712059.0,9125686976586.729,2020-03-27
2558.98,2631.8,2545.28,2626.6499,3370871942.0,8854100449367.105,2020-03-30
2614.6899,2641.3899,2571.1499,2584.5901,3991878975.0,10317370879183.146,2020-03-31
2498.0801,2522.75,2447.49,2470.5,3666502398.0,9058094174259.0,2020-04-01
2458.54,2533.22,2455.79,2526.8999,3870184448.0,9779568694632.754,2020-04-02
2514.9199,2538.1799,2459.96,2488.6499,3593003494.0,8941727786042.75,2020-04-03
2578.28,2676.8501,2574.5701,2663.6799,4022970312.0,10715905158371.129,2020-04-06
2738.6499,2756.8899,2657.6699,2659.4099,4218972836.0,11219978127889.477,2020-04-07
2685.0,2760.75,2663.3,2749.98,3343867617.0,9195569069397.66,2020-04-08
2776.99,2818.5701,2762.3601,2789.8201,4359302597.0,12161670007092.799,2020-04-09
2782.46,2782.46,2721.1699,2761.6299,2900380791.0,8009778313811.251,2020-04-13
2805.1001,2851.8501,2805.1001,2846.0601,3113388741.0,8860891471549.334,2020-04-14
2795.6399,2801.8799,2761.54,2783.3601,3123468178.0,8693736700264.897,2020-04-15
2799.3401,2806.51,2764.3201,2799.55,3185793737.0,8918788856418.35,2020-04-16
2842.4299,2879.22,2830.8799,2874.5601,3554592893.0,10217890901961.37,2020-04-17
2845.6201,2868.98,2820.4299,2823.1599,2935031893.0,8286064345538.691,2020-04-20
2784.8101,2785.54,2727.1001,2736.5601,3096009723.0,8472416677173.853,2020-04-21
2787.8899,2815.1001,2775.95,2799.3101,2779868449.0,7781713825957.035,2020-04-22
2810.4199,2844.8999,2794.26,2797.8,2919383742.0,8167851833367.601,2020-04-23
2812.6399,2842.71,2791.76,2836.74,2882793416.0,8177735394903.84,2020-04-24
2854.6499,2887.72,2852.8899,2878.48,2795944244.0,8048069587469.12,2020-04-27
2909.96,2921.1499,2860.71,2863.3899,3237748798.0,9270937206930.34,2020-04-28
2918.46,2954.8601,2912.1599,2939.51,3862944848.0,11355165010144.48,2020-04-29
2930.9099,2930.9099,2892.47,2912.4299,3721235517.0,10837837584652.758,2020-04-30
2869.0901,2869.0901,2821.6101,2830.71,2914265069.0,8249439273468.99,2020-05-01
2815.01,2844.24,2797.8501,2842.74,2877617866.0,8180319412392.84,2020-05-04
2868.8799,2898.23,2863.55,2868.4399,2974283010.0,8531552059776.099,2020-05-05
2883.1399,2891.1101,2847.6499,2848.4199,2855444097.0,8133503789232.33,2020-05-06
2878.26,2901.9199,2876.48,2881.1899,2831489254.0,8158058240583.334,2020-05-07
2908.8301,2932.1599,2902.8799,2929.8,2617877855.0,7669858539579.0,2020-05-08
2915.46,2944.25,2903.4399,2930.3201,2609806690.0,7647569000821.469,2020-05-11
2939.5,2945.8201,2869.5901,2870.1201,2668655086.0,7659360602295.829,2020-05-12
2865.8601,2874.1399,2793.1499,2820.0,3551451164.0,10015092282480.0,2020-05-13
2794.54,2852.8,2766.6399,2852.5,3348510295.0,9551625616487.5,2020-05-14
2829.95,2865.01,2816.78,2863.7,3306748591.0,9469535940046.7,2020-05-15
2913.8601,2968.0901,2913.8601,2953.9099,3642081510.0,10758380628995.95,2020-05-18
2948.5901,2964.21,2922.3501,2922.9399,2858250798.0,8354495301681.04,2020-05-19
2953.6299,2980.29,2953.6299,2971.6101,2849677238.0,8468129662180.903,2020-05-20
2969.95,2978.5,2938.5701,2948.51,2780244068.0,8197577436938.681,2020-05-21
2948.05,2956.76,2933.5901,2955.45,2185305113.0,6458559996215.85,2020-05-22
3004.0801,3021.72,2988.1699,2991.77,3355998857.0,10040376700406.89,2020-05-26
3015.6499,3036.25,2969.75,3036.1299,3661742868.0,11117527007646.553,2020-05-27
3046.6101,3068.6699,3023.3999,3029.73,3140297035.0,9514252135850.55,2020-05-28
3025.1699,3049.1699,2998.6101,3044.3101,4381828887.0,13339645937165.86,2020-05-29
3038.78,3062.1799,3031.54,3055.73,2501351434.0,7643454617416.82,2020-06-01
3064.78,3081.0701,3051.6399,3080.8201,2807173294.0,8648395908338.409,2020-06-02
3098.8999,3130.9399,3098.8999,3122.8701,3160241158.0,9869022621107.576,2020-06-03
3111.5601,3128.9099,3090.4099,3112.3501,3738795746.0,11636441313942.676,2020-06-04
3163.8401,3211.72,3163.8401,3193.9299,4795458701.0,15316358929339.06,2020-06-05
3199.9199,3233.1299,3196.0,3232.3899,3698462911.0,11954874159041.0,2020-06-08
3213.3201,3222.71,3193.1101,3207.1799,3156921516.0,10124815231992.729,2020-06-09
3213.4199,3223.27,3181.49,3190.1399,3568860875.0,11385165474886.412,2020-06-10
3123.53,3123.53,2999.49,3002.1001,4123277874.0,12378492917863.188,2020-06-11
3071.04,3088.4199,2984.47,3041.3101,3385763024.0,10297155281097.742,2020-06-12
2993.76,3079.76,2965.6599,3066.5901,3208913333.0,9840421858735.803,2020-06-15
3131.0,3153.45,3076.0601,3124.74,3286788794.0,10270360416163.559,2020-06-16
3136.1299,3141.1599,3108.03,3113.49,2483191141.0,7731390785592.09,2020-06-17
3101.6399,3120.0,3093.51,3115.3401,2399667782.0,7475781267942.658,2020-06-18
3140.29,3155.53,3083.1101,3097.74,4992776964.0,15466324912461.36,2020-06-19
3094.4199,3120.9199,3079.3899,3117.8601,2559744788.0,7980926140688.158,2020-06-22
3138.7,3154.8999,3127.1201,3131.29,2719245393.0,8514745906646.97,2020-06-23
3114.3999,3115.01,3032.1299,3050.3301,3203219699.0,9770877464772.64,2020-06-24
3046.6001,3086.25,3024.01,3083.76,2707762288.0,8350089033242.881,2020-06-25
3073.2,3073.73,3004.6299,3009.05,4385258096.0,13195460873768.8,2020-06-26
3018.5901,3053.8899,2999.74,3053.24,2633408640.0,8040428595993.6,2020-06-29
3050.2,3111.51,3047.8301,3100.29,2757387711.0,8548701546536.189,2020-06-30
3105.9199,3128.4399,3101.1699,3115.8601,2697727407.0,8405741188147.761,2020-07-01
3143.6399,3165.8101,3124.52,3130.01,2326767585.0,7282805808725.851,2020-07-02
3155.29,3182.5901,3155.29,3179.72,2380431984.0,7569107188164.4795,2020-07-06
3166.4399,3184.1499,3142.9299,3145.3201,2287837089.0,7195979981557.188,2020-07-07
3153.0701,3171.8,3136.53,3169.9399,2390189825.0,7576758094841.518,2020-07-08
3176.1699,3179.78,3115.7,3152.05,2597178292.0,8186435835298.601,2020-07-09
3152.47,3186.8201,3136.22,3185.04,2407407212.0,7667688266508.4795,2020-07-10
3205.0801,3235.3201,3149.4299,3155.22,2695331634.0,8504364278229.4795,2020-07-13
3141.1101,3200.95,3127.6599,3197.52,2628539056.0,8404806202341.12,2020-07-14
3225.98,3238.28,3200.76,3226.5601,2841976156.0,9169806870100.977,2020-07-15
3208.3601,3220.3899,3198.5901,3215.5701,2209581968.0,7105065709799.957,2020-07-16
3224.21,3233.52,3205.6499,3224.73,2219971191.0,7158807698753.43,2020-07-17
3224.29,3258.6101,3215.1599,3251.8401,2171757450.0,7062207963383.745,2020-07-20
3268.52,3277.29,3247.77,3257.3,2472394555.0,8053330784001.5,2020-07-21
3254.8601,3279.3201,3253.1001,3276.02,2412594515.0,7903707883030.3,2020-07-22
3271.6399,3279.99,3222.6599,3235.6599,2737810512.0,8858623687476.87,2020-07-23
3218.5801,3227.26,3200.05,3215.6299,2460013758.0,7910493794636.164,2020-07-24
3219.8401,3241.4299,3214.25,3239.4099,2355910999.0,7631761413679.49,2020-07-27
3234.27,3243.72,3216.1699,3218.4399,2235534686.0,7194934031256.371,2020-07-28
3227.22,3264.74,3227.22,3258.4399,2467083167.0,8038842227971.163,2020-07-29
3231.76,3250.9199,3204.1299,3246.22,2425538883.0,7873832832772.26,2020-07-30
3270.45,3272.1699,3220.26,3271.1201,3065634931.0,10028060042056.213,2020-07-31
3288.26,3302.73,3284.53,3294.6101,2378355795.0,7835755023600.529,2020-08-03
3289.9199,3306.8401,3286.3701,3306.51,2404966031.0,7952044231161.811,2020-08-04
3317.3701,3330.77,3317.3701,3327.77,2446007003.0,8139748724373.31,2020-08-05
3323.1699,3351.03,3318.1399,3349.1599,2414278723.0,8085805486494.808,2020-08-06
3340.05,3352.54,3328.72,3351.28,2282910037.0,7650670748797.36,2020-08-07
3356.04,3363.29,3335.4399,3360.47,2566548632.0,8624809681377.039,2020-08-10
3370.3401,3381.01,3326.4399,3333.6899,2900493747.0,9669346709387.055,2020-08-11
3355.46,3387.8899,3355.46,3380.3501,2245003448.0,7588897629947.1455,2020-08-12
3372.95,3387.24,3363.3501,3373.4299,1964512010.0,6627143553443.1,2020-08-13
3368.6599,3378.51,3361.6399,3372.8501,1711020614.0,5771016049031.962,2020-08-14
3380.8601,3387.5901,3379.22,3381.99,1951691959.0,6600602688418.409,2020-08-17
3387.04,3395.0601,3370.1499,3389.78,1794617543.0,6083358654910.54,2020-08-18
3392.51,3399.54,3369.6599,3374.8501,2018139580.0,6810918563376.958,2020-08-19
3360.48,3390.8,3354.6899,3385.51,1832094273.0,6202573482184.23,2020-08-20
3386.01,3399.96,3379.3101,3397.1599,1994452682.0,6775474673737.852,2020-08-21
3418.0901,3432.0901,3413.1299,3431.28,2271749784.0,7795009598843.5205,2020-08-24
3435.95,3444.21,3425.8401,3443.6201,2040869584.0,7027979520941.039,2020-08-25
3449.97,3481.0701,3444.1499,3478.73,2003087362.0,6968200098810.26,2020-08-26
3485.1399,3501.3799,3468.3501,3484.55,2317902466.0,8076847037900.301,2020-08-27
3494.6899,3509.23,3484.3201,3508.01,2044015618.0,7170427228100.181,2020-08-28
3509.73,3514.77,3493.25,3500.3101,2543021541.0,8901363984479.865,2020-08-31
3507.4399,3528.03,3494.6001,3526.6499,2245334277.0,7918507903448.622,2020-09-01
3543.76,3588.1101,3535.23,3580.8401,2581524590.0,9244026771008.059,2020-09-02
3564.74,3564.8501,3427.4099,3455.0601,3193601820.0,11034086223569.383,2020-09-03
3453.6001,3479.1499,3349.6299,3426.96,3044871716.0,10434653575863.36,2020-09-04
3371.8799,3379.97,3329.27,3331.8401,3066119495.0,10215819884832.75,2020-09-08
3369.8201,3424.77,3366.8401,3398.96,2508541279.0,8526431465669.84,2020-09-09
3412.5601,3425.55,3329.25,3339.1899,2574758180.0,8597606509598.382,2020-09-10
3352.7,3368.95,3310.47,3340.97,2352258971.0,7858826654341.869,2020-09-11
3363.5601,3402.9299,3363.5601,3383.54,2363165480.0,7995864928199.2,2020-09-14
3407.73,3419.48,3389.25,3401.2,2482004565.0,8441793926478.0,2020-09-15
3411.23,3428.9199,3384.45,3385.49,2843660468.0,9627184077809.32,2020-09-16
3346.8601,3375.1699,3328.8201,3357.01,2740864793.0,9201110518748.93,2020-09-17
3357.3799,3362.27,3292.3999,3319.47,4087680041.0,13568931265698.27,2020-09-18
3285.5701,3285.5701,3229.1001,3281.0601,2973366814.0,9755795216079.521,2020-09-21
3295.75,3320.3101,3270.95,3315.5701,2364817767.0,7840719080213.967,2020-09-22
3320.1101,3323.3501,3232.5701,3236.9199,2462124190.0,7969698786882.381,2020-09-23
3226.1399,3278.7,3209.45,3246.5901,2386884281.0,7749234876540.218,2020-09-24
3236.6599,3306.8799,3228.4399,3298.46,2180313684.0,7191677474126.64,2020-09-25
3333.8999,3360.74,3332.9099,3351.6001,2221021352.0,7443975385465.335,2020-09-28
3350.9199,3357.9199,3327.54,3335.47,1945022669.0,6487564761769.43,2020-09-29
3341.21,3393.5601,3340.47,3363.0,2616747156.0,8800120685628.0,2020-09-30
3385.8701,3397.1799,3361.3899,3380.8,2355862321.0,7964699334836.801,2020-10-01
3338.9399,3369.1001,3323.6899,3348.4399,2350090813.0,7869137846872.639,2020-10-02
3367.27,3409.5701,3367.27,3408.6299,2040147536.0,6954107891620.926,2020-10-05
3408.74,3431.5601,3354.54,3360.95,2549972990.0,8570331720740.5,2020-10-06
3384.5601,3426.26,3384.5601,3419.45,2074262423.0,7092836642327.35,2020-10-07
3434.28,3447.28,3428.1499,3446.8301,2088859740.0,7199944626510.174,2020-10-08
3459.6699,3482.3401,3458.0701,3477.1299,2227950074.0,7746871818012.612,2020-10-09
3500.02,3549.8501,3499.6101,3534.22,2243800302.0,7930083903334.439,2020-10-12
3534.01,3534.01,3500.8601,3511.9299,2357875709.0,8280694202920.799,2020-10-13
3515.47,3527.9399,3480.55,3488.6699,2183733760.0,7618326238125.823,2020-10-14
3453.72,3489.0801,3440.8899,3483.3401,2009665085.0,7000346978150.408,2020-10-15
3493.5,3515.76,3480.45,3483.8101,2221194565.0,7738220059612.106,2020-10-16
3493.6599,3502.4199,3419.9299,3426.9199,2190496245.0,7506655172865.775,2020-10-19
3439.3799,3476.9299,3435.6499,3443.1201,2113617250.0,7277438037181.726,2020-10-20
3439.9099,3464.8601,3433.0601,3435.5601,2069874908.0,7111179645915.971,2020-10-21
3438.5,3460.53,3415.3401,3453.49,2386790971.0,8242758750438.789,2020-10-22
3464.8999,3466.46,3440.45,3465.3899,2161970435.0,7492070509547.606,2020-10-23
3441.4199,3441.4199,3364.8601,3400.97,2434639909.0,8280137291311.7295,2020-10-26
3403.1499,3409.51,3388.71,3390.6799,2377161312.0,8060193079656.029,2020-10-27
3342.48,3342.48,3268.8899,3271.03,3147816269.0,10296601450387.07,2020-10-28
3277.1699,3341.05,3259.8201,3310.1101,2740394478.0,9071007439612.027,2020-10-29
3293.5901,3304.9299,3233.9399,3269.96,3007795216.0,9835370044511.36,2020-10-30
3296.2,3330.1399,3279.74,3310.24,2527875581.0,8367874863249.439,2020-11-02
3336.25,3389.49,3336.25,3369.1599,2329419282.0,7848186035201.192,2020-11-03
3406.46,3486.25,3405.1699,3443.4399,2903448029.0,9997848790634.957,2020-11-04
3485.74,3529.05,3485.74,3510.45,2557809196.0,8979061292098.2,2020-11-05
3508.3401,3521.5801,3484.3401,3509.4399,2167666491.0,7607295273408.391,2020-11-06
3583.04,3645.99,3547.48,3550.5,5064547274.0,17981675096337.0,2020-11-09
3543.26,3557.22,3511.9099,3545.53,3448216386.0,12225754643054.58,2020-11-10
3563.22,3581.1599,3557.0,3572.6599,2507688888.0,8959119531833.191,2020-11-11
3562.6699,3569.02,3518.5801,3537.01,2402811380.0,8498767879173.801,2020-11-12
3552.5701,3593.6599,3552.5701,3585.1499,2273000532.0,8149047629999.746,2020-11-13
3600.1599,3628.51,3600.1599,3626.9099,2859253753.0,10370255743367.855,2020-11-16
3610.3101,3623.1101,3588.6799,3609.53,2404417306.0,8678816398526.181,2020-11-17
3612.0901,3619.0901,3567.3301,3567.79,2683278560.0,9573374413582.4,2020-11-18
3559.4099,3585.22,3543.8401,3581.8701,2276561473.0,8154347470950.657,2020-11-19
3579.3101,3581.23,3556.8501,3557.54,2224931806.0,7915283897117.24,2020-11-20
3566.8201,3589.8101,3552.77,3577.5901,2513050446.0,8990664396410.184,2020-11-23
3594.52,3642.3101,3594.52,3635.4099,3188008724.0,11589718476515.969,2020-11-24
3635.5,3635.5,3617.76,3629.6499,2321815046.0,8427375749532.3955,2020-11-25
3638.55,3644.3101,3629.3301,3638.3501,1218009418.0,4431544687781.242,2020-11-27
3634.1799,3634.1799,3594.3899,3621.6299,3647661568.0,13210480199749.684,2020-11-30
3645.8701,3678.45,3645.8701,3662.45,2636959816.0,9657733478109.2,2020-12-01
3653.78,3670.96,3644.8401,3669.01,2374370502.0,8711589115543.0205,2020-12-02
3668.28,3682.73,3657.1699,3666.72,2643146959.0,9691679817504.479,2020-12-03
3670.9399,3699.2,3670.9399,3699.1201,2556167753.0,9455571514094.135,2020-12-04
3694.73,3697.4099,3678.8799,3691.96,2342275038.0,8647585749294.48,2020-12-07
3683.05,3708.45,3678.8301,3702.25,2268154082.0,8397273450084.5,2020-12-08
3705.98,3712.3899,3660.54,3672.8201,2749560079.0,10098639524308.787,2020-12-09
3659.1299,3678.49,3645.1799,3668.1001,2390202914.0,8767503547863.691,2020-12-10
3656.0801,3665.9099,3633.3999,3663.46,2311662756.0,8468684040095.76,2020-12-11
3675.27,3697.6101,3645.8401,3647.49,2508893728.0,9151164783942.719,2020-12-14
3666.4099,3695.29,3659.6201,3694.6201,2512243045.0,9281783650142.205,2020-12-15
3696.25,3711.27,3688.5701,3701.1699,2245020783.0,8309203346914.031,2020-12-16
3713.6499,3725.1201,3710.8701,3722.48,2195077598.0,8171132457003.04,2020-12-17
3722.3899,3726.7,3685.8401,3709.4099,4274404736.0,15855519244325.287,2020-12-18
3684.28,3702.8999,3636.48,3694.9199,2644225553.0,9770201615868.205,2020-12-21
3698.0801,3698.26,3676.1599,3687.26,2173874864.0,8015641831032.641,2020-12-22
3693.4199,3711.24,3689.28,3690.01,1825277116.0,6735290810811.16,2020-12-23
3694.03,3703.8201,3689.3201,3703.0601,806346710.0,2985950328567.271,2020-12-24
3723.03,3740.51,3723.03,3735.3601,1651103623.0,6167466594319.643,2020-12-28
3750.01,3756.1201,3723.3101,3727.04,1639530130.0,6110594375715.2,2020-12-29
3736.1899,3744.6299,3730.21,3732.04,1559438081.0,5819885295815.24,2020-12-30
3733.27,3760.2,3726.8799,3756.0701,1661516485.0,6240772389965.599,2020-12-31
3764.6101,3769.99,3662.71,3700.6499,2732813113.0,10113184573342.139,2021-01-04
3698.02,3737.8301,3695.0701,3726.8601,2352635300.0,8767942629421.529,2021-01-05
3712.2,3783.04,3705.3401,3748.1399,3171958843.0,11888945500606.137,2021-01-06
3764.71,3811.55,3764.71,3803.79,2571777491.0,9782501502490.89,2021-01-07
3815.05,3826.6899,3783.6001,3824.6799,2381318227.0,9107779958310.537,2021-01-08
3803.1399,3817.8601,3789.02,3799.6101,2319343591.0,8812601333733.87,2021-01-11
3801.6201,3810.78,3776.51,3801.1899,2629158679.0,9993931416112.143,2021-01-12
3802.23,3820.96,3791.5,3809.8401,2333148908.0,8888924268969.611,2021-01-13
3814.98,3823.6001,3792.8601,3795.54,2708312930.0,10279510058332.2,2021-01-14
3788.73,3788.73,3749.6201,3768.25,2744945352.0,10343640322674.0,2021-01-15
3781.8799,3804.53,3780.3701,3798.9099,2461801091.0,9352160536430.701,2021-01-19
3816.22,3859.75,3816.22,3851.8501,2344848584.0,9032005252765.258,2021-01-20
3857.46,3861.45,3845.05,3853.0701,2571609185.0,9908590459608.87,2021-01-21
3844.24,3852.3101,3830.4099,3841.47,2287817476.0,8788582199529.72,2021-01-22
3851.6799,3859.23,3797.1599,3855.3601,2785380610.0,10738645267107.66,2021-01-25
3862.96,3870.8999,3847.78,3849.6201,2557931593.0,9847064874837.82,2021-01-26
3836.8301,3836.8301,3732.48,3750.77,3797984292.0,14245365542904.84,2021-01-27
3755.75,3830.5,3755.75,3787.3799,3250270662.0,12310009774818.494,2021-01-28
3778.05,3778.05,3694.1201,3714.24,3311608119.0,12300107339914.559,2021-01-29
3731.1699,3784.3201,3725.6201,3773.8601,2442012605.0,9215813933706.56,2021-02-01
3791.8401,3843.0901,3791.8401,3826.3101,2415359604.0,9241914847917.201,2021-02-02
3840.27,3847.51,3816.6799,3830.1699,2264656289.0,8674018351973.501,2021-02-03
3836.6599,3872.4199,3836.6599,3871.74,2363442591.0,9150635217278.34,2021-02-04
3878.3,3894.5601,3874.9299,3886.8301,2127359020.0,8268683072442.502,2021-02-05
3892.5901,3915.77,3892.5901,3915.5901,2160498978.0,8459628409316.918,2021-02-08
3910.49,3918.3501,3902.6399,3911.23,2063161038.0,8069497346656.74,2021-02-09
3920.78,3931.5,3884.9399,3909.8799,2281972857.0,8922239805929.875,2021-02-10
3916.3999,3925.99,3890.3899,3916.3799,2125420320.0,8323953420299.567,2021-02-11
3911.6499,3937.23,3905.78,3934.8301,1813489527.0,7135773176874.363,2021-02-12
3939.6101,3950.4299,3923.8501,3932.5901,2292435291.0,9015208330277.219,2021-02-16
3918.5,3933.6101,3900.4299,3931.3301,2132045229.0,8381773583329.093,2021-02-17
3915.8601,3921.98,3885.03,3913.97,2006038034.0,7851572683934.9795,2021-02-18
3921.1599,3930.4099,3903.0701,3906.71,2302434831.0,8994945178616.01,2021-02-19
3885.55,3902.9199,3874.71,3876.5,2750709131.0,10663123946321.5,2021-02-22
3857.0701,3895.98,3805.5901,3881.3701,2945010328.0,11430675031290.393,2021-02-23
3873.71,3928.6499,3859.6001,3925.4299,2782650674.0,10923100156974.752,2021-02-24
3915.8,3925.02,3814.04,3829.3401,2924106301.0,11197397515081.97,2021-02-25
3839.6599,3861.0801,3789.54,3811.1499,3120007466.0,11890816142045.152,2021-02-26
3842.51,3914.5,3842.51,3901.8201,2406150594.0,9388366751296.139,2021-03-01
3903.6399,3906.4099,3868.5701,3870.29,2284948535.0,8843413465525.15,2021-03-02
3863.99,3874.47,3818.8601,3819.72,2719094648.0,10386180208858.559,2021-03-03
3818.53,3843.6699,3723.3401,3768.47,3443249365.0,12975781934521.549,2021-03-04
3793.5801,3851.6899,3730.1899,3841.9399,3325429131.0,12776098863011.227,2021-03-05
3844.3899,3881.0601,3819.25,3821.3501,2991626851.0,11432053566231.535,2021-03-08
3851.9299,3903.76,3851.9299,3875.4399,2779403380.0,10771410757046.861,2021-03-09
3891.99,3917.3501,3885.73,3898.8101,2661222204.0,10375600007299.46,2021-03-10
3915.54,3960.27,3915.54,3939.3401,2572183377.0,10132705121569.518,2021-03-11
3924.52,3944.99,3915.21,3943.3401,2272145272.0,8959841564103.008,2021-03-12
3942.96,3970.0801,3923.54,3968.9399,2393691238.0,9500416662778.596,2021-03-15
3973.5901,3981.04,3953.4399,3962.71,2367135990.0,9380273458932.9,2021-03-16
3949.5701,3983.8701,3935.74,3974.1201,2447967771.0,9728517922883.297,2021-03-17
3953.5,3969.6201,3910.8601,3915.46,2682168535.0,10501923612051.1,2021-03-18
3913.1399,3930.1201,3886.75,3913.1001,4639551690.0,18155030182094.168,2021-03-19
3916.48,3955.3101,3914.1599,3940.5901,2299904600.0,9062981297704.459,2021-03-22
3937.6001,3949.1299,3901.5701,3910.52,2496096710.0,9761036106389.2,2021-03-23
3919.9299,3942.0801,3889.0701,3889.1399,2416790107.0,9399234835058.969,2021-03-24
3879.3401,3919.54,3853.5,3909.52,2395034696.0,9363436044705.92,2021-03-25
3917.1201,3978.1899,3917.1201,3974.54,2645398600.0,10514242551644.0,2021-03-26
3969.3101,3981.8301,3943.25,3971.0901,2412905878.0,9581866644357.607,2021-03-29
3963.3401,3968.01,3944.3501,3958.55,2115041068.0,8372495819731.4,2021-03-30
3967.25,3994.4099,3966.98,3972.8899,2416599388.0,9600883300931.38,2021-03-31
3992.78,4020.6299,3992.78,4019.8701,2165457735.0,8704858801740.224,2021-04-01
4034.4399,4083.4199,4034.4399,4077.9099,2223788819.0,9068410440509.408,2021-04-05
4075.5701,4086.23,4068.1399,4073.9399,2124244001.0,8654042393009.54,2021-04-06
4074.29,4083.1299,4068.3101,4079.95,1955731172.0,7979285395201.399,2021-04-07
4089.95,4098.1899,4082.54,4097.1699,2012015761.0,8243570414294.794,2021-04-08
4096.1099,4129.48,4095.51,4128.7998,1880537184.0,7764361549191.763,2021-04-09
4124.71,4131.7598,4114.8198,4127.9902,1922133084.0,7934546533847.777,2021-04-12
4130.1001,4148.0,4124.4302,4141.5898,2062045139.0,8540145114821.981,2021-04-13
4141.5801,4151.6899,4120.8701,4124.6602,2091873846.0,8628268796017.13,2021-04-14
4139.7598,4173.4902,4139.7598,4170.4199,2125394410.0,8863787142812.758,2021-04-15
4174.1401,4191.3101,4170.75,4185.4702,2210303327.0,9251158708119.355,2021-04-16
4179.7998,4180.8101,4150.4702,4163.2598,1985488530.0,8266104580310.094,2021-04-19
4159.1802,4159.1802,4118.3799,4134.9399,2289514630.0,9467005395220.738,2021-04-20
4128.4199,4175.02,4126.3501,4173.4199,2101637987.0,8771017797541.741,2021-04-21
4170.46,4179.5698,4123.6899,4134.98,2377341016.0,9830257554339.68,2021-04-22
4138.7798,4194.1699,4138.7798,4180.1699,2012547159.0,8412789056382.313,2021-04-23
4185.0298,4194.1899,4182.3599,4187.6201,1901562105.0,7963019692296.311,2021-04-26
4188.25,4193.3501,4176.2202,4186.7202,2021543400.0,8463636587956.68,2021-04-27
4185.1401,4201.5298,4181.7798,4183.1802,2133550302.0,8925025379030.42,2021-04-28
4206.1401,4218.7798,4176.8101,4211.4702,2500478173.0,10530689311339.943,2021-04-29
4198.1001,4198.1001,4174.8501,4181.1699,2420629283.0,10121062297138.182,2021-04-30
4191.98,4209.3901,4188.0298,4192.6602,2181608893.0,9146744777647.158,2021-05-03
4179.04,4179.04,4128.5898,4164.6602,2550622792.0,10622477227055.28,2021-05-04
4177.0601,4187.7202,4160.9399,4167.5898,1759870682.0,7334419103622.243,2021-05-05
4169.1401,4202.7002,4147.3301,4201.6201,2242910204.0,9423856595621.5,2021-05-06
4210.3398,4238.04,4201.6401,4232.6001,2053400580.0,8691223500248.058,2021-05-07
4228.29,4236.3901,4188.1299,4188.4302,2292348676.0,9601342423488.414,2021-05-10
4150.3398,4162.04,4111.5298,4152.1001,2438056257.0,10123053628495.324,2021-05-11
4130.5498,4134.73,4056.8799,4063.04,2397533113.0,9741272939443.52,2021-05-12
4074.99,4131.5801,4074.99,4112.5,2164189997.0,8900231362662.5,2021-05-13
4129.5801,4183.1299,4129.5801,4173.8501,1908121895.0,7964214762257.938,2021-05-14
4169.9199,4171.9199,4142.6899,4163.29,2269453944.0,9448394910515.76,2021-05-17
4165.9399,4169.1499,4125.9902,4127.8301,2327082665.0,9605801869775.217,2021-05-18
4098.4502,4116.9302,4061.4099,4115.6802,2403523216.0,9892132910331.523,2021-05-19
4121.9702,4172.7998,4121.9702,4159.1201,2161065812.0,8988132256112.021,2021-05-20
4168.6099,4188.7202,4151.7202,4155.8599,2164681522.0,8996113133550.77,2021-05-21
4170.1602,4209.52,4170.1602,4197.0498,1848072307.0,7756451506479.889,2021-05-24
4205.9399,4213.4199,4182.52,4188.1299,2109359204.0,8834270352112.6,2021-05-25
4191.5898,4202.6099,4184.1099,4195.9902,2055014683.0,8622821470724.107,2021-05-26
4201.9399,4213.3799,4197.7798,4200.8799,3394898011.0,14261558816959.879,2021-05-27
4210.77,4218.3599,4203.5698,4204.1099,1960313488.0,8241373342004.332,2021-05-28
4216.52,4234.1201,4197.5898,4202.04,2099602956.0,8822615605230.24,2021-06-01
4206.8198,4217.3701,4198.27,4208.1201,2030572039.0,8544891011813.884,2021-06-02
4191.4302,4204.3901,4167.9302,4192.8501,2198642276.0,9218577486790.826,2021-06-03
4206.0498,4233.4502,4206.0498,4229.8901,1877134142.0,7940071123617.794,2021-06-04
4229.3398,4232.3398,4215.6602,4226.52,1744943901.0,7375040296454.5205,2021-06-07
4233.8101,4236.7402,4208.4102,4227.2598,2120873562.0,8965483549525.406,2021-06-08
4232.9902,4237.0898,4218.7402,4219.5498,1801224829.0,7600357866961.983,2021-06-09
4228.5601,4249.7402,4220.3398,4239.1802,1952649620.0,8277633606641.523,2021-06-10
4242.8999,4248.3799,4232.25,4247.4399,1685005426.0,7156959278108.897,2021-06-11
4248.3101,4255.5898,4234.0698,4255.1499,1853004003.0,7884809798065.051,2021-06-14
4255.2798,4257.1602,4238.3501,4246.5898,1826798681.0,7757664645388.054,2021-06-15
4248.8701,4251.8901,4202.4502,4223.7002,2216468754.0,9361699519563.55,2021-06-16
4220.3701,4232.29,4196.0498,4221.8599,2580213530.0,10893300035744.447,2021-06-17
4204.7798,4204.7798,4164.3999,4166.4502,3619215887.0,15079282756234.328,2021-06-18
4173.3999,4226.2402,4173.3999,4224.79,2043051632.0,8631464104357.28,2021-06-21
4224.6099,4255.8398,4217.27,4246.4399,1783455277.0,7573335648118.353,2021-06-22
4249.27,4256.6001,4241.4302,4241.8398,1774854375.0,7528647927079.125,2021-06-23
4256.9702,4271.2798,4256.9702,4266.4902,1865796107.0,7960400805713.651,2021-06-24
4274.4502,4286.1201,4271.1602,4280.7002,2749763844.0,11770914636963.57,2021-06-25
4284.8999,4292.1401,4274.6699,4290.6099,1985885279.0,8520659038341.663,2021-06-28
4293.21,4300.52,4287.04,4291.7998,1809396449.0,7765567317938.91,2021-06-29
4290.6499,4302.4302,4287.96,4297.5,1952341627.0,8390188142032.5,2021-06-30
4300.73,4320.6602,4300.73,4319.9399,1820621751.0,7864976544952.766,2021-07-01
4326.6001,4355.4302,4326.6001,4352.3398,1530898435.0,6662990188408.213,2021-07-02
4356.46,4356.46,4314.3701,4343.54,2055747651.0,8929222152024.54,2021-07-06
4351.0098,4361.8799,4329.79,4358.1299,1935638439.0,8435763756595.226,2021-07-07
4321.0698,4330.8799,4289.3701,4320.8198,2059555951.0,8898970132288.63,2021-07-08
4329.3799,4371.6001,4329.3799,4369.5498,1795028029.0,7843464365111.344,2021-07-09
4372.4102,4386.6802,4364.0298,4384.6299,1709935073.0,7497432448134.482,2021-07-12
4381.0698,4392.3701,4366.9199,4369.21,1761859660.0,7697934845068.6,2021-07-13
4380.1099,4393.6802,4362.3599,4374.2998,2019584457.0,8834267886338.209,2021-07-14
4369.02,4369.02,4340.7002,4360.0298,1986589168.0,8661587972837.207,2021-07-15
4367.4302,4375.0898,4322.5298,4327.1602,2027107750.0,8771619976911.551,2021-07-16
4296.3999,4296.3999,4233.1299,4258.4902,2840163205.0,12094807174893.092,2021-07-19
4265.1099,4336.8398,4262.0498,4323.0601,2426517077.0,10489979157547.326,2021-07-20
4331.1299,4359.7002,4331.1299,4358.6899,2136773867.0,9313534672676.844,2021-07-21
4361.27,4369.8701,4350.0601,4367.48,1843552391.0,8051678196644.679,2021-07-22
4381.2002,4415.1802,4381.2002,4411.79,1777378786.0,7841421954286.939,2021-07-23
4409.5801,4422.73,4405.4502,4422.2998,1802326237.0,7970426957419.853,2021-07-26
4416.3799,4416.3799,4372.5098,4401.46,2073481035.0,9126343836311.1,2021-07-27
4402.9502,4415.4702,4387.0098,4400.6401,2092509494.0,9208381188927.11,2021-07-28
4403.5898,4429.9702,4403.5898,4419.1499,2009413486.0,8879899405715.553,2021-07-29
4395.1201,4412.25,4389.6499,4395.2598,2246066583.0,9872046160383.264,2021-07-30
4406.8599,4422.1802,4384.8101,4387.1602,1981527662.0,8693279293925.453,2021-08-02
4392.7402,4423.79,4373.0,4423.1499,2204134922.0,9749219159830.809,2021-08-03
4415.9502,4416.1699,4400.23,4402.6602,2321431128.0,10220472434286.707,2021-08-04
4408.8599,4429.7598,4408.8599,4429.1001,1965926802.0,8707286595330.88,2021-08-05
4429.0698,4440.8198,4429.0698,4436.52,1834529765.0,8138927993017.801,2021-08-06
4437.77,4439.3901,4424.7402,4432.3501,1717390769.0,7612077146716.227,2021-08-09
4435.79,4445.21,4430.0298,4436.75,1914891754.0,8495895989559.5,2021-08-10
4442.1802,4449.4399,4436.4199,4447.7002,1872240608.0,8327164926649.722,2021-08-11
4446.0801,4461.77,4435.96,4460.8301,1636025079.0,7298029916758.078,2021-08-12
4464.8398,4468.3701,4460.8198,4468.0,1537574221.0,6869881619428.0,2021-08-13
4461.6499,4480.2598,4437.6602,4479.71,1733040764.0,7763520040898.44,2021-08-16
4462.1201,4462.1201,4417.8301,4448.0801,1912467005.0,8506806426847.101,2021-08-17
4440.9399,4454.3198,4397.5898,4400.27,1892720844.0,8328482748227.881,2021-08-18
4382.4399,4418.6099,4367.73,4405.7998,2207012168.0,9723653768371.967,2021-08-19
4410.5601,4444.3501,4406.7998,4441.6699,1813100785.0,8053195182400.871,2021-08-20
4450.29,4489.8799,4450.29,4479.5298,1854459169.0,8307105110418.736,2021-08-23
4484.3999,4492.8101,4482.2798,4486.23,1735648535.0,7786518527173.049,2021-08-24
4490.4502,4501.71,4485.6602,4496.1899,1771232714.0,7963798639236.389,2021-08-25
4493.75,4495.8999,4468.9902,4470.0,1641318926.0,7336695599220.0,2021-08-26
4474.1001,4513.3301,4474.1001,4509.3701,1668129894.0,7522215066919.77,2021-08-27
4513.7598,4537.3599,4513.7598,4528.79,1566528934.0,7094480571009.86,2021-08-30
4529.75,4531.3901,4515.7998,4522.6802,2161738713.0,9776852874858.582,2021-08-31
4528.7998,4537.1099,4522.02,4524.0898,1933543912.0,8747526290131.297,2021-09-01
4534.48,4545.8501,4524.6602,4536.9502,1782042940.0,8085040073041.589,2021-09-02
4532.4199,4541.4502,4521.2998,4535.4302,1533435199.0,6954788311287.609,2021-09-03
4535.3799,4535.3799,4513.0,4520.0298,1781738536.0,8053511278528.373,2021-09-07
4518.0898,4521.79,4493.9502,4514.0698,1784366123.0,8054753227977.386,2021-09-08
4513.02,4529.8999,4492.0698,4493.2798,1818751701.0,8172160279318.94,2021-09-09
4506.9199,4520.4702,4457.6602,4458.5801,1848742163.0,8242765017982.757,2021-09-10
4474.8101,4492.9902,4445.7002,4468.73,2065690411.0,9231012710348.03,2021-09-13
4479.3301,4485.6802,4435.46,4443.0498,2024366588.0,8994361563940.082,2021-09-14
4447.4902,4486.8701,4438.3701,4480.7002,2126050597.0,9526195335188.02,2021-09-15
4477.0898,4485.8701,4443.7998,4473.75,1831249340.0,8192551734825.0,2021-09-16
4469.7402,4471.52,4427.7598,4432.9902,3786002045.0,16783309962664.959,2021-09-17
4402.9502,4402.9502,4305.9102,4357.73,2598257340.0,11322503958238.2,2021-09-20
4374.4502,4394.8701,4347.96,4354.1899,1914740490.0,8337143702679.052,2021-09-21
4367.4302,4416.75,4367.4302,4395.6401,2003483511.0,8806592460640.39,2021-09-22
4406.75,4465.3999,4406.75,4448.98,1967079545.0,8751497554114.1,2021-09-23
4438.04,4463.1201,4430.27,4455.48,1686869239.0,7515812156979.72,2021-09-24
4442.1201,4457.2998,4436.1899,4443.1099,2043570002.0,9079806107229.22,2021-09-27
4419.54,4419.54,4346.3301,4352.6299,2385159271.0,10381715559216.803,2021-09-28
4362.4102,4385.5698,4355.0801,4359.46,1897856436.0,8273629218484.561,2021-09-29
4370.6699,4382.5498,4306.2402,4307.54,2283948567.0,9838199810295.18,2021-09-30
4317.1602,4375.1899,4288.52,4357.04,2207766762.0,9619328092704.48,2021-10-01
4348.8398,4355.5098,4278.9399,4300.46,2438454602.0,10486476477716.92,2021-10-04
4309.8701,4369.23,4309.8701,4345.7202,2029396101.0,8819187629916.94,2021-10-05
4319.5698,4365.5698,4290.4902,4363.5498,2060091362.0,8989311250636.826,2021-10-06
4383.73,4429.9702,4383.73,4399.7598,1949574511.0,8577659560602.457,2021-10-07
4406.5098,4412.02,4386.2202,4391.3398,1694086877.0,7439311127627.804,2021-10-08
4385.4399,4415.8799,4360.5898,4361.1899,1695135230.0,7392806644210.178,2021-10-11
4368.3101,4374.8901,4342.0898,4350.6499,1962095507.0,8536390621320.0,2021-10-12
4358.0098,4372.8701,4329.9199,4363.7998,1939400307.0,8463154671806.538,2021-10-13
4386.75,4439.73,4386.75,4438.2598,1945034682.0,8632569238726.383,2021-10-14
4447.6899,4475.8198,4447.6899,4471.3701,2052344490.0,9176791787485.75,2021-10-15
4463.7202,4488.75,4447.4702,4486.46,1871564386.0,8396698755213.561,2021-10-18
4497.3398,4520.3999,4496.4102,4519.6299,1701419593.0,7689786864968.631,2021-10-19
4524.4199,4540.8701,4524.3999,4536.1899,1837718278.0,8336239091708.993,2021-10-20
4532.2402,4551.4399,4526.8901,4549.7798,1898355743.0,8637100612715.392,2021-10-21
4546.1201,4559.6699,4524.0,4544.8999,1818770978.0,8266132036035.103,2021-10-22
4553.6899,4572.6201,4537.3599,4566.48,1849566005.0,8446006170512.399,2021-10-25
4578.6899,4598.5298,4569.1699,4574.79,2016844141.0,9226638407805.39,2021-10-26
4580.2202,4584.5698,4551.6602,4551.6802,2243579417.0,10212056009486.443,2021-10-27
4562.8398,4597.5498,4562.8398,4596.4199,2177360109.0,10008061334473.77,2021-10-28
4572.8701,4608.0801,4567.5898,4605.3799,2346010507.0,10804269634126.61,2021-10-29
4610.6201,4620.3398,4595.0601,4613.6699,2030764459.0,9369276858478.084,2021-11-01
4613.3398,4635.1499,4613.3398,4630.6499,2146673642.0,9940494085659.938,2021-11-02
4630.6499,4663.46,4621.1899,4660.5698,2150893424.0,10024388934912.996,2021-11-03
4662.9302,4683.0,4662.5898,4680.0601,2557600204.0,11969722666492.26,2021-11-04
4699.2598,4718.5,4681.3198,4697.5298,2595129726.0,12190699222750.836,2021-11-05
4701.48,4714.9199,4694.3901,4701.7002,2205667465.0,10370387161323.994,2021-11-08
4707.25,4708.5298,4670.8701,4685.25,2067398485.0,9686278751846.25,2021-11-09
4670.2598,4684.8501,4630.8599,4646.71,2141662928.0,9951686544166.88,2021-11-10
4659.3901,4664.5498,4648.3101,4649.27,1728459268.0,8036073820934.36,2021-11-11
4655.2402,4688.4702,4650.77,4682.8501,1871664497.0,8764724276942.899,2021-11-12
4689.2998,4697.4199,4672.8599,4682.7998,1829912903.0,8569115776185.819,2021-11-15
4679.4199,4714.9502,4679.4199,4700.8999,1929154513.0,9068762257246.25,2021-11-16
4701.5,4701.5,4684.4102,4688.6699,2057331087.0,9646146341951.182,2021-11-17
4700.7202,4708.7998,4672.7798,4704.54,2223166797.0,10458977123158.38,2021-11-18
4708.4399,4717.75,4694.2202,4697.96,2442415234.0,11474369072722.64,2021-11-19
4712.0,4743.8301,4682.1699,4682.9399,2466151901.0,11548841136653.75,2021-11-22
4678.48,4699.3901,4652.6602,4690.7002,2228891377.0,10455061227872.176,2021-11-23
4675.7798,4702.8701,4659.8901,4701.46,1851488563.0,8704699419401.98,2021-11-24
4664.6299,4664.6299,4585.4302,4594.6201,2092256245.0,9613122597627.525,2021-11-26
4628.75,4672.9502,4625.2598,4655.27,2497291810.0,11625567644338.701,2021-11-29
4640.25,4646.02,4560.0,4567.0,4068050909.0,18578788501403.0,2021-11-30
4602.8198,4652.9399,4510.27,4513.04,3044911758.0,13741808560324.32,2021-12-01
4504.73,4595.46,4504.73,4577.1001,2801048502.0,12820679378609.049,2021-12-02
4589.4902,4608.0298,4495.1201,4538.4302,2714489531.0,12319521265074.236,2021-12-03
4548.3701,4612.6001,4540.5098,4591.6699,2582324931.0,11857183657692.277,2021-12-06
4631.9702,4694.04,4631.9702,4686.75,2484136202.0,11642525344723.5,2021-12-07
4690.8599,4705.0601,4674.52,4701.21,2163749157.0,10172239174379.97,2021-12-08
4691.0,4695.2598,4665.98,4667.4502,1992702933.0,9300841703171.438,2021-12-09
4687.6401,4713.5698,4670.2402,4712.02,2117224176.0,9976402661795.521,2021-12-10
4710.2998,4710.2998,4667.6001,4668.9702,2426214754.0,11327924385226.33,2021-12-13
4642.9902,4660.4702,4606.52,4634.0898,2454381353.0,11373823593247.498,2021-12-14
4636.46,4712.6001,4611.2202,4709.8501,2561140199.0,12062586422374.17,2021-12-15
4719.1299,4731.9902,4651.8901,4668.6699,2745738309.0,12818945796505.2,2021-12-16
4652.5,4666.7002,4600.2202,4620.6401,4578985102.0,21157842179603.79,2021-12-17
4587.8999,4587.8999,4531.1001,4568.02,2433981932.0,11118478145014.64,2021-12-20
4594.96,4651.1401,4583.1602,4649.23,2260147801.0,10507946960843.229,2021-12-21
4650.3599,4697.6699,4645.5298,4696.5601,1844650487.0,8663511875689.769,2021-12-22
4703.96,4740.7402,4703.96,4725.79,1594292367.0,7534290925044.93,2021-12-23
4733.9902,4791.4902,4733.9902,4791.1899,1505328608.0,7212315222830.659,2021-12-27
4795.4902,4807.02,4780.04,4786.3501,1425097588.0,6821015982833.559,2021-12-28
4788.6401,4804.0601,4778.0801,4793.0601,1354785822.0,6493569867473.901,2021-12-29
4794.23,4808.9302,4775.3301,4778.73,1353705656.0,6468993829496.88,2021-12-30
4775.21,4786.8301,4765.75,4766.1802,1340241237.0,6387831247012.907,2021-12-31
4778.1401,4796.6401,4758.1699,4796.5601,2209533436.0,10598159918733.502,2022-01-03
4804.5098,4818.6201,4774.27,4793.54,2813805151.0,13488087543524.54,2022-01-04
4787.9902,4797.7002,4699.4399,4700.5801,2803729359.0,13179154430701.156,2022-01-05
4693.3901,4725.0098,4671.2598,4696.0498,2379822969.0,11175767177607.855,2022-01-06
4697.6602,4707.9502,4662.7402,4677.0298,2416096517.0,11300155409685.207,2022-01-07
4655.3398,4673.02,4582.2402,4670.29,2675794222.0,12496734997064.38,2022-01-10
4669.1401,4714.1299,4638.27,4713.0698,2243982613.0,10576046685055.389,2022-01-11
4728.5898,4748.8301,4706.71,4726.3501,2117378610.0,10007472605111.36,2022-01-12
4733.5601,4744.1299,4650.29,4659.0298,2374649453.0,11063562566080.7,2022-01-13
4637.9902,4665.1299,4614.75,4662.8501,2521962210.0,11759531743094.72,2022-01-14
4632.2402,4632.2402,4568.7002,4577.1099,2737269947.0,12528785373386.176,2022-01-18
4588.0298,4611.5498,4530.2002,4532.7598,2483432324.0,11256802204247.775,2022-01-19
4547.3501,4602.1099,4477.9502,4482.73,2541011404.0,11390668051052.918,2022-01-20
4471.3799,4494.52,4395.3398,4397.9399,3196964549.0,14060057948932.605,2022-01-21
4356.3198,4417.3501,4222.6201,4410.1299,3891581863.0,17162381532314.004,2022-01-24
4366.6401,4411.0098,4287.1099,4356.4502,3056989211.0,13317621259658.793,2022-01-25
4408.4302,4453.23,4304.7998,4349.9302,3230985115.0,14054559727488.973,2022-01-26
4380.5801,4428.7402,4309.5,4326.5098,3040759928.0,13155877627939.293,2022-01-27
4336.1899,4432.7202,4292.46,4431.8501,2913164357.0,12910707746886.885,2022-01-28
4431.79,4516.8901,4414.02,4515.5498,2963155477.0,13380276121536.254,2022-01-31
4519.5698,4550.4902,4483.5298,4546.54,2712733572.0,12333551694440.88,2022-02-01
4566.3901,4595.3101,4544.3198,4589.3799,2903950893.0,13327333858921.25,2022-02-02
4535.4102,4542.8799,4470.3901,4477.4399,2686460186.0,12028464026557.822,2022-02-03
4482.79,4539.6602,4451.5,4500.5298,2640944042.0,11885647361153.453,2022-02-04
4505.75,4521.8599,4471.4702,4483.8701,2363931782.0,10599563035749.518,2022-02-07
4480.02,4531.3198,4465.3999,4521.54,2531697878.0,11447173223292.12,2022-02-08
4547.0,4590.0298,4547.0,4587.1802,2416698650.0,11085832196646.729,2022-02-09
4553.2402,4588.9199,4484.3101,4504.0801,2689893702.0,12115496694293.531,2022-02-10
4506.27,4526.3301,4401.4102,4418.6401,2874706879.0,12702295091295.246,2022-02-11
4412.6099,4426.2202,4364.8398,4401.6699,2511711808.0,11055726262748.18,2022-02-14
4429.2798,4472.77,4429.2798,4471.0698,2322886082.0,10385785810070.523,2022-02-15
4455.75,4489.5498,4429.6802,4475.0098,2334610255.0,10447403770305.498,2022-02-16
4456.0601,4456.0601,4373.8101,4380.2598,2324909984.0,10183709741533.842,2022-02-17
4384.5698,4394.6001,4327.2202,4348.8701,2583639757.0,11235913688388.566,2022-02-18
4332.7402,4362.1201,4267.1099,4304.7598,2749521278.0,11836028666779.023,2022-02-22
4324.9302,4341.5098,4221.5098,4225.5,2512417692.0,10616220957546.0,2022-02-23
4155.77,4294.73,4114.6499,4288.7002,3565761089.0,15292480295546.52,2022-02-24
4298.3799,4385.3398,4286.8301,4384.6499,2707792618.0,11872722631734.44,2022-02-25
4354.1699,4388.8398,4315.1201,4373.9399,3219433340.0,14081607941216.268,2022-02-28
4363.1401,4378.4502,4279.54,4306.2598,3144859781.0,13542583251557.104,2022-03-01
4322.5601,4401.48,4322.5601,4386.54,2867998095.0,12580588363641.3,2022-03-02
4401.3101,4416.7798,4345.5601,4363.4902,2619510815.0,11430209770046.514,2022-03-03
4342.1201,4342.1201,4284.98,4328.8701,2997073880.0,12973943506622.988,2022-03-04
4327.0098,4327.0098,4199.8501,4201.0898,3513066861.0,14758709356465.117,2022-03-07
4202.6602,4276.9399,4157.8701,4170.7002,3639337569.0,15178585926895.814,2022-03-08
4223.1001,4299.3999,4223.1001,4277.8799,3021442270.0,12925367155843.373,2022-03-09
4252.5498,4268.2798,4209.7998,4259.52,2581145823.0,10994442255984.96,2022-03-10
4279.5,4291.0098,4200.4902,4204.3101,2338436067.0,9831510374692.377,2022-03-11
4202.75,4247.5698,4161.7202,4173.1099,2684510912.0,11202759063525.23,2022-03-14
4188.8198,4271.0498,4187.8999,4262.4502,2636945250.0,11239847808251.55,2022-03-15
4288.1401,4358.8999,4251.9902,4357.8599,2926597551.0,12753702110941.105,2022-03-16
4345.1099,4412.6699,4335.6499,4411.6699,2432766777.0,10732563963810.912,2022-03-17
4407.3398,4465.3999,4390.5698,4463.1201,4233761021.0,18895783911421.62,2022-03-18
4462.3999,4481.75,4424.2998,4461.1802,2469825123.0,11018334936190.164,2022-03-21
4469.1001,4522.0,4469.1001,4511.6099,2340975844.0,10561569793451.256,2022-03-22
4493.1001,4501.0698,4455.8101,4456.2402,2184940313.0,9736618857391.184,2022-03-23
4469.98,4520.5801,4465.1699,4520.1602,2073153516.0,9370986011513.264,2022-03-24
4522.9102,4546.0298,4501.0698,4543.0601,2000935720.0,9090371232196.771,2022-03-25
4541.0898,4575.6499,4517.6899,4575.52,2019462647.0,9240091730601.441,2022-03-28
4602.8599,4637.2998,4589.6602,4631.6001,2443956070.0,11319427178207.605,2022-03-29
4624.2002,4627.77,4581.3198,4602.4502,2083192942.0,9587791772546.488,2022-03-30
4599.02,4603.0698,4530.4102,4530.4102,2628843804.0,11909740783848.402,2022-03-31
4540.3198,4548.7002,4507.5698,4545.8599,2346497965.0,10666851004525.104,2022-04-01
4547.9702,4583.5,4539.21,4582.6401,2278755223.0,10442715063004.242,2022-04-04
4572.4502,4593.4502,4514.1699,4525.1201,2425248378.0,10974540182780.197,2022-04-05
4494.1699,4503.9399,4450.04,4481.1499,2720107863.0,12189211078271.664,2022-04-06
4474.6499,4521.1602,4450.2998,4500.21,2596329084.0,11684026107107.64,2022-04-07
4494.1499,4520.4102,4474.6001,4488.2798,2254633200.0,10119424647969.361,2022-04-08
4462.6401,4464.3501,4408.3799,4412.5298,2403901042.0,10607284984076.053,2022-04-11
4437.5898,4471.0,4381.3398,4397.4502,2208449999.0,9711548889792.55,2022-04-12
4394.2998,4453.9199,4392.7002,4446.5898,2169384807.0,9646364355081.168,2022-04-13
4449.1201,4460.46,4390.77,4392.5898,2470867311.0,10853506547452.027,2022-04-14
4385.6299,4410.3101,4370.2998,4391.6899,2020686695.0,8874229349495.88,2022-04-18
4390.6299,4471.0298,4390.6299,4462.21,2198810594.0,9811554620652.74,2022-04-19
4472.2598,4488.29,4448.7598,4459.4502,2356777275.0,10509930890354.205,2022-04-20
4489.1699,4512.9399,4384.4702,4393.6602,2637237706.0,11587126346791.502,2022-04-21
4385.8301,4385.8301,4267.6201,4271.7798,2520690116.0,10767833119588.457,2022-04-22
4255.3398,4299.02,4200.8198,4296.1201,2839258641.0,12197796116698.785,2022-04-25
4278.1401,4278.1401,4175.04,4175.2002,2637223814.0,11010937395657.562,2022-04-26
4186.52,4240.71,4162.8999,4183.96,2636232457.0,11029891150789.72,2022-04-27
4222.5801,4308.4502,4188.6299,4287.5,2749225700.0,11787305188750.0,2022-04-28
4253.75,4269.6802,4124.2798,4131.9302,2848565077.0,11770072068321.625,2022-04-29
4130.6099,4169.8101,4062.51,4155.3799,2744837614.0,11405843049979.559,2022-05-02
4159.7798,4200.1001,4147.0801,4175.48,2494450424.0,10415527856403.52,2022-05-03
4181.1802,4307.6602,4148.9102,4300.1699,2872026663.0,12350202608230.043,2022-05-04
4270.4302,4270.4302,4106.0098,4146.8701,2869932437.0,11901237012015.434,2022-05-05
4128.1699,4157.6899,4067.9099,4123.3398,2737830988.0,11289007478493.723,2022-05-06
4081.27,4081.27,3975.48,3991.24,3073865158.0,12268533573215.92,2022-05-09
4035.1799,4068.8201,3958.1699,4001.05,2918622876.0,11677556058019.8,2022-05-10
3990.0801,4049.0901,3928.8201,3935.1799,2763949436.0,10876638265163.537,2022-05-11
3903.95,3964.8,3858.8701,3930.0801,3139788075.0,12339618631774.809,2022-05-12
3963.8999,4038.8799,3963.8999,4023.8899,2544978092.0,10240711640120.07,2022-05-13
4013.02,4046.46,3983.99,4008.01,2213704712.0,8872550622743.121,2022-05-16
4052.0,4090.72,4033.9299,4088.8501,2458409815.0,10052069217903.732,2022-05-17
4051.98,4051.98,3911.9099,3923.6799,2712127310.0,10641519412488.068,2022-05-18
3899.0,3945.96,3876.5801,3900.79,2774295102.0,10821942590930.58,2022-05-19
3927.76,3943.4199,3810.3201,3901.3601,3002384989.0,11713385000923.54,2022-05-20
3919.4199,3981.8799,3909.04,3973.75,2388208957.0,9490145342878.75,2022-05-23
3942.9399,3955.6799,3875.1299,3941.48,2436606104.0,9603834226793.92,2022-05-24
3929.5901,3999.3301,3925.03,3978.73,2334088571.0,9286708220094.83,2022-05-25
3984.6001,4075.1399,3984.6001,4057.8401,2393688496.0,9713205165977.49,2022-05-26
4077.4299,4158.4902,4077.4299,4158.2402,2150059339.0,8940463175815.229,2022-05-27
4151.0898,4168.3398,4104.8799,4132.1499,3802655235.0,15713141449039.729,2022-05-31
4149.7798,4166.54,4073.8501,4101.23,2171495669.0,8905803182572.87,2022-06-01
4095.4099,4177.5098,4074.3701,4176.8198,2073390326.0,8660177766765.255,2022-06-02
4137.5698,4142.6699,4098.6699,4108.54,1879610190.0,7722453650022.6,2022-06-03
4134.7202,4168.7798,4109.1802,4121.4302,1919840018.0,7912486629353.743,2022-06-06
4096.4702,4164.8599,4080.1899,4160.6802,1964102076.0,8172000618392.095,2022-06-07
4147.1201,4160.1401,4107.2002,4115.77,1888845332.0,7774052952085.641,2022-06-08
4101.6499,4119.1001,4017.1699,4017.8201,2061086863.0,8281076226007.346,2022-06-09
3974.3899,3974.3899,3900.1599,3900.8601,2517736739.0,9821338787469.213,2022-06-10
3838.1499,3838.1499,3734.3,3749.6299,3049364805.0,11433989448835.67,2022-06-13
3763.52,3778.1799,3705.6799,3735.48,2641465353.0,9867140996824.44,2022-06-14
3764.05,3837.5601,3722.3,3789.99,2783030800.0,10547658901692.0,2022-06-15
3728.1799,3728.1799,3639.77,3666.77,3075657417.0,11277728346933.09,2022-06-16
3665.8999,3707.71,3636.8701,3674.8401,4735841123.0,17403458866029.432,2022-06-17
3715.3101,3779.6499,3715.3101,3764.79,2678184797.0,10082803341897.63,2022-06-21
3733.8899,3801.79,3717.6899,3759.8899,2486465259.0,9348835614014.984,2022-06-22
3774.71,3802.5801,3743.52,3795.73,2517500361.0,9555751645258.53,2022-06-23
3821.75,3913.6499,3821.75,3911.74,3463802906.0,13549496379516.44,2022-06-24
3920.76,3927.72,3889.6599,3900.1101,2124362317.0,8285246928591.102,2022-06-27
3913.0,3945.8601,3820.1399,3821.55,2230281340.0,8523131654877.0,2022-06-28
3825.0901,3836.5,3799.02,3818.8301,2111065494.0,8061800451558.569,2022-06-29
3785.99,3818.99,3738.6699,3785.3799,2657139522.0,10058282538074.408,2022-06-30
3781.0,3829.8201,3752.1001,3825.3301,2175969036.0,8323799850078.784,2022-07-01
3792.6101,3832.1899,3742.0601,3831.3899,2506060130.0,9601693470874.688,2022-07-05
3831.98,3870.9099,3809.3701,3845.0801,2185947932.0,8405144892969.354,2022-07-06
3858.8501,3910.6299,3858.8501,3902.6201,2086719603.0,8143673865731.82,2022-07-07
3888.26,3918.5,3869.3401,3899.3799,1767934743.0,6893849201365.865,2022-07-08
3880.9399,3880.9399,3847.22,3854.4299,1807609391.0,6967303684191.191,2022-07-11
3851.95,3873.4099,3802.3601,3818.8,2130143184.0,8134590791059.2,2022-07-12
3779.6699,3829.4399,3759.0701,3801.78,2058496093.0,7825949276445.54,2022-07-13
3763.99,3796.4099,3721.5601,3790.3799,2167947896.0,8217346129245.69,2022-07-14
3818.0,3863.6201,3817.1799,3863.1599,2328223130.0,8994298234068.486,2022-07-15
3883.79,3902.4399,3818.6299,3830.8501,2174880532.0,8331641303500.254,2022-07-18
3860.73,3939.8101,3860.73,3936.6899,2384285486.0,9386192591452.791,2022-07-19
3935.3201,3974.1299,3922.03,3959.8999,2344933008.0,9285699983885.898,2022-07-20
3955.47,3999.29,3927.6399,3998.95,2498029117.0,9989493537427.15,2022-07-21
3998.4299,4012.4399,3938.8601,3961.6299,2224926634.0,8814335878560.756,2022-07-22
3965.72,3975.3,3943.46,3966.8401,1919980757.0,7616256658095.955,2022-07-25
3953.22,3953.22,3910.74,3921.05,2106674945.0,8260377793092.25,2022-07-26
3951.4299,4039.5601,3951.4299,4023.6101,2431345200.0,9782785103306.52,2022-07-27
4026.1299,4078.95,3992.97,4072.4299,2492201584.0,10149316247508.96,2022-07-28
4087.3301,4140.1499,4079.22,4130.29,2873733835.0,11869354121362.15,2022-07-29
4112.3799,4144.9502,4096.02,4118.6299,2289872912.0,9431139042563.27,2022-08-01
4104.21,4140.4702,4079.8101,4091.1899,2262200687.0,9255092602427.46,2022-08-02
4107.96,4167.6602,4107.96,4155.1699,2436476551.0,10123974026771.014,2022-08-03
4154.8501,4161.29,4135.4199,4151.9399,2260188053.0,9384164958754.016,2022-08-04
4115.8701,4151.5801,4107.3101,4145.1899,2027451379.0,8404170978971.873,2022-08-05
4155.9302,4186.6201,4128.9702,4140.0601,2120439516.0,8778747034654.911,2022-08-08
4133.1099,4137.2998,4112.0898,4122.4702,2048973837.0,8446833583612.157,2022-08-09
4181.02,4211.0298,4177.2598,4210.2402,2240786746.0,9434250437636.389,2022-08-10
4227.3999,4257.9102,4201.4102,4207.27,2071062580.0,8713519460956.601,2022-08-11
4225.02,4280.4702,4219.7798,4280.1499,1839673374.0,7874077807758.764,2022-08-12
4269.3701,4301.79,4256.8999,4297.1401,1771417898.0,7612030883353.509,2022-08-15
4290.46,4325.2798,4277.77,4305.2002,1901043758.0,8184373967150.352,2022-08-16
4280.3999,4302.1802,4253.0801,4274.04,1850525300.0,7909219153212.0,2022-08-17
4273.1299,4292.5298,4261.98,4283.7402,1740837581.0,7457295927400.456,2022-08-18
4266.3101,4266.3101,4218.7002,4228.48,2045645988.0,8649973147338.239,2022-08-19
4195.0801,4195.0801,4129.8599,4137.9902,1976203704.0,8177511560355.701,2022-08-22
4133.0898,4159.77,4124.0298,4128.73,1786029375.0,7374033061443.749,2022-08-23
4126.5498,4156.5601,4119.9702,4140.77,1737028484.0,7192635435692.681,2022-08-24
4153.2598,4200.54,4147.5898,4199.1201,1847592571.0,7758263101496.777,2022-08-25
4198.7402,4203.04,4057.6599,4057.6599,2113423504.0,8575553803898.29,2022-08-26
4034.5801,4062.99,4017.4199,4030.6101,1893833291.0,7633303590420.839,2022-08-29
4041.25,4044.98,3965.21,3986.1599,2044531778.0,8149830587739.303,2022-08-30
4000.6699,4015.3701,3954.53,3955.0,2541475082.0,10051533949310.0,2022-08-31
3936.73,3970.23,3903.6499,3966.8501,2303154412.0,9136268309557.64,2022-09-01
3994.6599,4018.4299,3906.21,3924.26,2083181521.0,8174945915599.461,2022-09-02
3930.8899,3942.55,3886.75,3908.1899,2238631934.0,8748998714276.267,2022-09-06
3909.4299,3987.8899,3906.03,3979.8701,2209800080.0,8794717265369.608,2022-09-07
3959.9399,4010.5,3944.8101,4006.1799,2290057541.0,9174382490597.627,2022-09-08
4022.9399,4076.8101,4022.9399,4067.3601,2097275308.0,8530373906474.41,2022-09-09
4083.6699,4119.2798,4083.6699,4110.4102,2117648252.0,8704402975032.971,2022-09-12
4037.1201,4037.1201,3921.28,3932.6899,2604671729.0,10243366201453.836,2022-09-13
3940.73,3961.9399,3912.1799,3946.01,2450800625.0,9670883774256.25,2022-09-14
3932.4099,3959.1399,3888.28,3901.3501,2510229670.0,9793284774077.467,2022-09-15
3880.95,3880.95,3837.0801,3873.3301,4363348031.0,16900687265248.033,2022-09-16
3849.9099,3900.45,3838.5,3899.8899,2117736405.0,8258938816721.81,2022-09-19
3875.23,3876.01,3827.54,3855.9299,2335994827.0,9007432299674.627,2022-09-20
3871.3999,3907.0701,3789.49,3789.9299,2487138441.0,9426080342985.285,2022-09-21
3782.3601,3790.8999,3749.45,3757.99,2450867075.0,9210333959179.25,2022-09-22
3727.1399,3727.1399,3647.47,3693.23,2812566206.0,10387453888985.38,2022-09-23
3682.72,3715.6699,3644.76,3655.04,2605456473.0,9523047627073.92,2022-09-26
3686.4399,3717.53,3623.29,3647.29,2548804869.0,9296230510655.01,2022-09-27
3651.9399,3736.74,3640.6101,3719.04,2637914627.0,9810510014398.08,2022-09-28
3687.01,3687.01,3610.3999,3640.47,2601213630.0,9469640183606.1,2022-09-29
3633.48,3671.4399,3584.1299,3585.6201,3126673320.0,11211062702325.732,2022-09-30
3609.78,3698.3501,3604.9299,3678.4299,2796268885.0,10285879075023.662,2022-10-03
3726.46,3791.9199,3726.46,3790.9299,2886180337.0,10941307336325.377,2022-10-04
3753.25,3806.9099,3722.6599,3783.28,2502482020.0,9467590176625.6,2022-10-05
3771.97,3797.9299,3739.22,3744.52,2499058575.0,9357774815259.0,2022-10-06
3706.74,3706.74,3620.73,3639.6599,2716138719.0,9885821178381.668,2022-10-07
3647.51,3652.1699,3588.1001,3612.3899,2381483415.0,8602846635363.509,2022-10-10
3595.8601,3640.6599,3568.45,3588.8401,2731976978.0,9804628530923.217,2022-10-11
3590.8301,3608.3401,3573.8601,3577.03,2375058756.0,8495656421974.681,2022-10-12
3520.3701,3685.4099,3491.5801,3669.9099,3202991397.0,11754689837465.13,2022-10-13
3690.4099,3712.0,3579.6799,3583.0701,2666728008.0,9555073390297.361,2022-10-14
3644.24,3689.73,3638.6499,3677.95,2557227447.0,9405354688693.65,2022-10-17
3746.26,3762.79,3686.53,3719.98,2663739031.0,9909055920539.38,2022-10-18
3703.1101,3728.5801,3666.51,3695.1599,2398756059.0,8863787199098.834,2022-10-19
3689.05,3736.0,3656.4399,3665.78,2643573608.0,9690759260734.24,2022-10-20
3657.1001,3757.8899,3647.4199,3752.75,3006076801.0,11281054714952.75,2022-10-21
3762.01,3810.74,3741.6499,3797.3401,2588908128.0,9830964649670.332,2022-10-24
3799.4399,3862.8501,3799.4399,3859.1101,2710890488.0,10461624862234.729,2022-10-25
3825.97,3886.1499,3824.0701,3830.6001,2920633065.0,11187777310852.307,2022-10-26
3834.6899,3859.95,3803.79,3807.3,3065025495.0,11669471567113.5,2022-10-27
3808.26,3905.4199,3808.26,3901.0601,2901520060.0,11319004135415.605,2022-10-28
3881.8501,3893.73,3863.1799,3871.98,2787793174.0,10794279413864.52,2022-10-31
3901.79,3911.79,3843.8,3856.1001,2621979328.0,10110614748898.732,2022-11-01
3852.8999,3894.4399,3758.6799,3759.6899,3113991763.0,11707643380034.293,2022-11-02
3733.25,3750.5901,3698.1499,3719.8899,2856234717.0,10624878675797.658,2022-11-03
3766.98,3796.3401,3708.8401,3770.55,3007928447.0,11341544605835.85,2022-11-04
3780.71,3813.95,3764.7,3806.8,2496452846.0,9503496694152.8,2022-11-07
3817.02,3859.3999,3786.28,3828.1101,2586669895.0,9902057150415.44,2022-11-08
3810.9399,3818.2,3744.22,3748.5701,2542782564.0,9531798690211.736,2022-11-09
3859.8899,3958.3301,3859.8899,3956.3701,3357652603.0,13284116364696.371,2022-11-10
3963.72,4001.48,3944.8201,3992.9299,3032916652.0,12110223583978.695,2022-11-11
3977.97,4008.97,3956.3999,3957.25,2615043030.0,10348379030467.5,2022-11-14
4006.4099,4028.8401,3953.1699,3991.73,2794165098.0,11153552646639.541,2022-11-15
3976.8201,3983.0901,3954.3401,3958.79,2406651146.0,9527426490273.34,2022-11-16
3919.26,3954.3301,3906.54,3946.5601,2196879829.0,8670118277626.224,2022-11-17
3966.3899,3979.8899,3935.98,3965.3401,2236041314.0,8866664287660.89,2022-11-18
3956.23,3962.0,3933.3401,3949.9399,2113922792.0,8349867981640.2,2022-11-21
3965.51,4005.8799,3956.8799,4003.5801,1998945068.0,8002936695237.947,2022-11-22
4000.3,4033.78,3998.6599,4027.26,1753877149.0,7063319287081.74,2022-11-23
4023.3401,4034.02,4020.76,4026.1201,901126804.0,3628044738233.1606,2022-11-25
4005.3601,4012.27,3955.77,3963.9399,2097892829.0,8315921090796.977,2022-11-28
3964.1899,3976.77,3937.6499,3957.6299,1904609130.0,7537738040700.987,2022-11-29
3957.1799,4080.1101,3938.5801,4080.1101,3725030407.0,15198534186407.81,2022-11-30
4087.1399,4100.5098,4050.8701,4076.5701,2319414988.0,9455257789572.658,2022-12-01
4040.1699,4080.48,4026.6299,4071.7,2076416488.0,8454545014189.6,2022-12-02
4052.02,4052.45,3984.49,3998.8401,2278161210.0,9110002400812.521,2022-12-05
3996.6299,4001.51,3918.3899,3941.26,2367140655.0,9329516777925.3,2022-12-06
3933.28,3957.5701,3922.6799,3933.9199,2263753223.0,8905423852648.838,2022-12-07
3947.79,3974.1899,3935.8301,3963.51,2157778235.0,8552375612204.851,2022-12-08
3954.1699,3977.02,3933.04,3934.3799,2123231344.0,8353598722883.585,2022-12-09
3939.29,3990.71,3935.3,3990.5601,2285904829.0,9122040603004.723,2022-12-12
4069.3799,4100.96,3993.03,4019.6499,3087952326.0,12412487258410.668,2022-12-13
4015.54,4053.76,3965.6499,3995.3201,2603890537.0,10403376200675.893,2022-12-14
3958.3701,3958.3701,3879.45,3895.75,2703927276.0,10533824685477.0,2022-12-15
3890.9099,3890.9099,3827.9099,3852.3601,5089538353.0,19606734478516.914,2022-12-16
3853.79,3854.8601,3800.04,3817.6599,2299211168.0,8777606277705.764,2022-12-19
3810.47,3838.24,3795.6201,3821.6201,2209956558.0,8445614402179.616,2022-12-20
3839.49,3889.8201,3839.49,3878.4399,2148847365.0,8334175359425.863,2022-12-21
3853.26,3853.26,3764.49,3822.3899,2365338674.0,9041246657576.992,2022-12-22
3815.1101,3845.8,3797.01,3844.8201,1579126770.0,6071458345744.077,2022-12-23
3843.3401,3846.6499,3813.22,3829.25,1744900168.0,6681658968314.0,2022-12-27
3829.5601,3848.3201,3780.78,3783.22,1740055216.0,6583011694275.52,2022-12-28
3805.45,3858.1899,3805.45,3849.28,1735156616.0,6679103658836.48,2022-12-29
3829.0601,3839.8501,3800.3401,3839.5,1706136061.0,6550709406209.5,2022-12-30
3853.29,3878.46,3794.3301,3824.1399,2353396979.0,8999719287933.363,2023-01-03
3840.3601,3873.1599,3815.77,3852.97,2595164544.0,9999091133095.68,2023-01-04
3839.74,3839.74,3802.4199,3808.1001,2259316692.0,8603704120736.869,2023-01-05
3823.3701,3906.1899,3809.5601,3895.0801,2468430654.0,9614735118625.385,2023-01-06
3910.8201,3950.5701,3890.4199,3892.0901,2500082779.0,9730547433326.387,2023-01-09
3888.5701,3919.8301,3877.29,3919.25,2141504907.0,8393093106759.75,2023-01-10
3932.3501,3970.0701,3928.54,3969.6101,2354204882.0,9345275477056.508,2023-01-11
3977.5701,3997.76,3937.5601,3983.1699,2468826678.0,9833756112126.592,2023-01-12
3960.6001,4003.95,3947.6699,3999.0901,2305897852.0,9221493271544.465,2023-01-13
3999.28,4015.3899,3984.5701,3990.97,2498747931.0,9972428030183.07,2023-01-17
4002.25,4014.1599,3926.5901,3928.8601,2545980650.0,10002801791157.064,2023-01-18
3911.8401,3922.9399,3885.54,3898.8501,2465301681.0,9611841705497.018,2023-01-19
3909.04,3972.96,3897.8601,3972.6101,2617398551.0,10397903919427.965,2023-01-20
3978.1399,4039.3101,3971.6399,4019.8101,2469899901.0,9928528568028.8,2023-01-23
4001.74,4023.9199,3989.79,4016.95,2091229711.0,8400365187601.449,2023-01-24
3982.71,4019.55,3949.0601,4016.22,2416051835.0,9703395700763.7,2023-01-25
4036.0801,4061.5701,4013.29,4060.4299,2433218693.0,9879913934296.121,2023-01-26
4053.72,4094.21,4048.7,4070.5601,2572664062.0,10472183681481.127,2023-01-27
4049.27,4063.8501,4015.55,4017.77,2303537608.0,9255084295294.16,2023-01-30
4020.8501,4077.1599,4020.4399,4076.6001,2865897027.0,11683116106857.902,2023-01-31
4070.0701,4148.9502,4037.2,4119.21,2939837224.0,12109806891473.041,2023-02-01
4158.6802,4195.4399,4141.8799,4179.7598,3391309424.0,14174858799796.355,2023-02-02
4136.6899,4182.3599,4123.3599,4136.48,2899964493.0,11995645126004.639,2023-02-03
4119.5698,4124.6299,4093.3799,4111.0801,2284201082.0,9390533612608.668,2023-02-06
4105.3501,4176.54,4088.3899,4164.0,2612787624.0,10879647666336.0,2023-02-07
4153.4702,4156.8501,4111.6699,4117.8599,2543426659.0,10473474647687.074,2023-02-08
4144.25,4156.23,4069.6699,4081.5,2652617337.0,10826657660965.5,2023-02-09
4068.9199,4094.3601,4060.79,4090.46,2312192918.0,9457932643362.28,2023-02-10
4096.6201,4138.8999,4092.6699,4137.29,2125959564.0,8795711244541.56,2023-02-13
4126.7002,4159.77,4095.01,4136.1299,2219075513.0,9178384579677.139,2023-02-14
4119.5,4148.1099,4103.98,4147.6001,2112266379.0,8760836244767.037,2023-02-15
4114.75,4136.54,4089.49,4090.4099,2264834581.0,9264101791984.752,2023-02-16
4077.3899,4081.51,4047.95,4079.0901,2380094371.0,9708619385811.826,2023-02-17
4052.3501,4052.3501,3995.1899,3997.3401,2347271199.0,9382841289337.78,2023-02-21
4001.8301,4017.3701,3976.8999,3991.05,2259720314.0,9018656759189.701,2023-02-22
4018.6001,4028.3,3969.1899,4012.3201,2308657962.0,9263074744957.637,2023-02-23
3973.24,3978.25,3943.0801,3970.04,2180170804.0,8655365298712.16,2023-02-24
3992.3601,4018.05,3973.55,3982.24,2068606135.0,8237686095042.399,2023-02-27
3977.1899,3997.5,3968.98,3970.1499,2771735399.0,11004205017166.31,2023-02-28
3963.3401,3971.73,3939.05,3951.3899,2225253319.0,8792843489638.078,2023-03-01
3938.6799,3990.8401,3928.1599,3981.3501,2252262370.0,8967045012025.736,2023-03-02
3998.02,4048.29,3995.1699,4045.6399,2228260881.0,9014741127782.752,2023-03-03
4055.1499,4078.49,4044.6101,4048.4199,2183396550.0,8839306042611.344,2023-03-06
4048.26,4050.0,3980.3101,3986.3701,2261990430.0,9017131016638.143,2023-03-07
3987.55,4000.4099,3969.76,3992.01,2036782973.0,8130857996045.73,2023-03-08
3998.6599,4017.8101,3908.7,3918.3201,2604828562.0,10206552111538.695,2023-03-09
3912.77,3934.05,3846.3201,3861.5901,3238481766.0,12505689126616.117,2023-03-10
3835.1201,3905.05,3808.8601,3855.76,4001022053.0,15426980791075.281,2023-03-13
3894.01,3937.29,3873.6299,3919.29,3434915177.0,13462428704064.33,2023-03-14
3876.74,3894.26,3838.24,3891.9299,3657403839.0,14234359357378.887,2023-03-15
3878.9299,3964.46,3864.1101,3960.28,3597816462.0,14248360578129.361,2023-03-16
3958.6899,3958.9099,3901.27,3916.6399,5761269537.0,22564818143268.727,2023-03-17
3917.47,3956.6201,3916.8899,3951.5701,2917994859.0,11530661236778.115,2023-03-20
3975.8899,4009.0801,3971.1899,4002.8701,2947355545.0,11797881385149.705,2023-03-21
4002.04,4039.49,3936.1699,3936.97,2694608426.0,10608592534909.219,2023-03-22
3959.21,4007.6599,3919.05,3948.72,2797479137.0,11046461817854.639,2023-03-23
3939.21,3972.74,3909.1599,3970.99,2584795164.0,10264195748292.36,2023-03-24
3982.9299,4003.8301,3970.49,3977.53,2461561562.0,9790934959701.861,2023-03-27
3974.1299,3979.2,3951.53,3971.27,1986603707.0,7889339703497.89,2023-03-28
3999.53,4030.5901,3999.53,4027.8101,2251240652.0,9067569835656.186,2023-03-29
4046.74,4057.8501,4032.1001,4050.8301,2103549550.0,8521121833981.455,2023-03-30
4056.1799,4110.75,4056.1799,4109.3101,2516723256.0,10341996294785.686,2023-03-31
4102.2002,4127.6602,4098.79,4124.5098,2425239188.0,10002922798250.041,2023-04-03
4128.0298,4133.1299,4086.8701,4100.6001,2264264203.0,9284842017248.219,2023-04-04
4094.5,4099.6899,4072.5601,4090.3799,2325149807.0,9510746035041.68,2023-04-05
4081.1499,4107.3198,4069.8401,4105.02,2072470322.0,8507532121216.44,2023-04-06
4085.2,4109.5,4072.55,4109.1099,1948962417.0,8008500762422.629,2023-04-10
4110.29,4124.2598,4102.6099,4108.9399,1989408805.0,8174361216275.82,2023-04-11
4121.7202,4134.3701,4086.9399,4091.95,2242917713.0,9177907135710.35,2023-04-12
4100.04,4150.2598,4099.3999,4146.2202,2196995300.0,9109226292165.059,2023-04-13
4140.1099,4163.1899,4113.2002,4137.6401,2077040795.0,8594047282727.879,2023-04-14
4137.1699,4151.7202,4123.1802,4151.3198,2132427049.0,8852386630569.271,2023-04-17
4164.2598,4169.48,4140.3599,4154.8701,2124684260.0,8827787103814.627,2023-04-18
4139.3301,4162.5698,4134.4902,4154.52,2158289234.0,8966655788437.682,2023-04-19
4130.48,4148.5698,4114.5698,4129.79,2453132513.0,10130922120862.27,2023-04-20
4132.1401,4138.02,4113.8599,4133.52,2304130058.0,9524167677344.16,2023-04-21
4132.0698,4142.4102,4117.77,4137.04,2113777657.0,8744782718115.28,2023-04-24
4126.4302,4126.4302,4071.3799,4071.6299,2535229575.0,10322516540934.293,2023-04-25
4087.78,4089.6699,4049.3501,4055.99,2698867825.0,10946580909521.75,2023-04-26
4075.29,4138.2402,4075.29,4135.3501,2698412526.0,11158880509235.352,2023-04-27
4129.6299,4170.0601,4127.1699,4169.48,2723328076.0,11354861946320.479,2023-04-28
4166.79,4186.9199,4164.1201,4167.8701,2224450232.0,9271219610890.863,2023-05-01
4164.1001,4164.1001,4089.72,4119.5801,2638399719.0,10869098978237.992,2023-05-02
4122.25,4148.2998,4088.8601,4090.75,2765389526.0,11312517203484.5,2023-05-03
4082.55,4082.6101,4048.28,4061.22,2876115101.0,11680536170483.219,2023-05-04
4084.73,4147.02,4084.73,4136.25,2470165404.0,10217221652295.0,2023-05-05
4136.98,4142.2998,4123.8101,4138.1201,2097970022.0,8681651917235.643,2023-05-08
4124.25,4130.3501,4116.6499,4119.1699,2063699116.0,8500727281283.809,2023-05-09
4143.7402,4154.2798,4098.9199,4137.6401,2344517718.0,9700770525157.291,2023-05-10
4132.2402,4132.7998,4109.29,4130.6201,2245622679.0,9275814174893.248,2023-05-11
4138.54,4143.7402,4099.1201,4124.0801,2076596316.0,8564049542548.912,2023-05-12
4126.6499,4141.25,4110.27,4136.2798,2052455077.0,8489528475402.545,2023-05-15
4127.9502,4135.54,4109.8599,4109.8999,2176451205.0,8944996589784.38,2023-05-16
4122.8501,4164.6699,4113.6201,4158.77,2440897931.0,10151133088504.871,2023-05-17
4157.6802,4202.2002,4153.5,4198.0498,2409183557.0,10113872549627.139,2023-05-18
4204.1499,4212.9102,4180.2002,4191.98,2352764320.0,9862740974153.6,2023-05-19
4190.7798,4209.2202,4179.6802,4192.6299,2217613961.0,9297634599546.033,2023-05-22
4176.7998,4185.6802,4142.54,4145.5801,2437622999.0,10105361395956.72,2023-05-23
4132.96,4132.96,4103.98,4115.2402,2275689933.0,9365010695016.906,2023-05-24
4155.71,4165.7402,4129.73,4151.2798,2825869882.0,11730976558574.984,2023-05-25
4156.1602,4212.8701,4156.1602,4205.4502,2591763936.0,10899534163003.988,2023-05-26
4226.71,4231.1001,4192.1802,4205.52,2562757079.0,10777726150876.082,2023-05-30
4190.7402,4195.4399,4166.1499,4179.8301,4400897953.0,18395005730977.785,2023-05-31
4183.0298,4232.4302,4171.6401,4221.02,2581648680.0,10897190711253.602,2023-06-01
4241.0098,4290.6699,4241.0098,4282.3701,2730479867.0,11692925341092.777,2023-06-02
4282.9902,4299.2798,4266.8198,4273.79,2168511140.0,9267761225020.6,2023-06-05
4271.3398,4288.3301,4263.0898,4283.8501,2246726404.0,9624639130448.04,2023-06-06
4285.4702,4299.1899,4263.96,4267.52,2700500977.0,11524441929367.041,2023-06-07
4268.6899,4298.0098,4261.0698,4293.9302,2224429186.0,9551543659526.816,2023-06-08
4304.8799,4322.6201,4291.7002,4298.8599,2132741718.0,9168357848567.309,2023-06-09
4308.3198,4340.1299,4304.3701,4338.9302,2444830660.0,10607949584559.932,2023-06-12
4352.6099,4375.3701,4349.3101,4369.0098,2547779855.0,11131275154737.578,2023-06-13
4366.29,4391.8198,4337.8501,4372.5898,2616194926.0,11439547248239.354,2023-06-14
4365.3301,4439.2002,4362.6001,4425.8398,2569292175.0,11371275565943.564,2023-06-15
4440.9502,4448.4702,4407.4399,4409.5898,4195443308.0,18500184017435.06,2023-06-16
4396.1099,4400.1499,4367.1899,4388.71,2431767578.0,10672322687244.38,2023-06-20
4380.0098,4386.2202,4360.1401,4365.6899,2324030886.0,10145998166298.252,2023-06-21
4355.3999,4382.25,4351.8198,4381.8901,2091147063.0,9163176613003.775,2023-06-22
4354.1699,4366.5498,4341.3398,4348.3301,3056621301.0,13291198407439.46,2023-06-23
4344.8398,4362.0601,4328.0801,4328.8198,2248760425.0,9734478653196.416,2023-06-26
4337.3599,4384.4199,4335.0,4378.4102,2286873269.0,10012869247096.945,2023-06-27
4367.48,4390.3501,4360.2202,4376.8599,2276949818.0,9965890352716.5,2023-06-28
4374.9399,4398.3901,4371.9702,4396.4399,2152193154.0,9461987854752.445,2023-06-29
4422.4399,4458.48,4422.4399,4450.3799,2489651506.0,11079895020307.129,2023-06-30
4422.4399,4456.46,4442.29,4455.5898,1234475530.0,5500316579817.594,2023-07-03
4442.04,4454.0601,4436.6099,4446.8198,2152798808.0,9573108364830.799,2023-07-05
4422.6201,4422.6201,4385.0498,4411.5898,2206304404.0,9733310004381.479,2023-07-06
4404.54,4440.3901,4397.3999,4398.9502,2113381973.0,9296662052804.744,2023-07-07
4394.23,4412.6001,4389.9199,4409.5298,2153714342.0,9496867571736.393,2023-07-10
4415.5498,4443.6401,4408.46,4439.2598,2131114902.0,9460572713629.54,2023-07-11
4467.6899,4488.3398,4463.23,4472.1602,2323660864.0,10391783634278.414,2023-07-12
4491.5,4517.3799,4489.3599,4510.04,2254612299.0,10168391652981.959,2023-07-13
4514.6099,4527.7598,4499.5601,4505.4199,2371250817.0,10683480618803.059,2023-07-14
4508.8599,4532.8501,4504.8999,4522.79,2357507633.0,10662511947456.07,2023-07-17
4521.7798,4562.2998,4514.5898,4554.98,2538286894.0,11561846036432.12,2023-07-18
4563.8701,4578.4302,4557.48,4565.7202,2585040201.0,11802570263517.76,2023-07-19
4554.3799,4564.7402,4527.5601,4534.8701,2593544503.0,11761387419674.06,2023-07-20
4550.1602,4555.0,4535.79,4536.3398,3275429686.0,14858462046703.303,2023-07-21
4543.3901,4563.4102,4541.29,4554.6401,2136206636.0,9729652406211.703,2023-07-24
4555.1899,4580.6201,4552.4199,4567.46,2305490101.0,10530233816713.46,2023-07-25
4558.96,4582.4702,4547.5801,4566.75,2312272045.0,10559568361503.75,2023-07-26
4598.2598,4607.0698,4528.5601,4537.4102,2666286293.0,12098034621978.389,2023-07-27
4565.75,4590.1602,4564.0098,4582.23,2359801217.0,10813151930573.908,2023-07-28
4584.8198,4594.2202,4573.1401,4588.96,2411537985.0,11066451351645.6,2023-07-31
4578.8301,4584.6201,4567.5298,4576.73,2172699881.0,9943860726369.129,2023-08-01
4550.9302,4550.9302,4505.75,4513.3901,2466207896.0,11130958302348.229,2023-08-02
4494.27,4519.4902,4485.54,4501.8901,2317473374.0,10433010439424.197,2023-08-03
4513.96,4540.3398,4474.5498,4478.0298,2413919840.0,10809604978331.232,2023-08-04
4491.5801,4519.8398,4491.1499,4518.4399,2055431221.0,9287342440672.12,2023-08-07
4498.0298,4503.3101,4464.3901,4499.3799,2151477615.0,9680315136230.938,2023-08-08
4501.5698,4502.4399,4461.3301,4467.71,2046722089.0,9144160744246.19,2023-08-09
4487.1602,4527.3701,4457.9199,4468.8301,2111185396.0,9434528844325.22,2023-08-10
4450.6899,4476.23,4443.98,4464.0498,1850766477.0,8261913721498.554,2023-08-11
4458.1299,4490.3301,4453.4399,4489.7202,1955913253.0,8781503241441.811,2023-08-14
4478.8701,4478.8701,4432.1899,4437.8599,1977157506.0,8774348011861.41,2023-08-15
4433.79,4449.9502,4403.5498,4404.3301,2001143711.0,8813697480783.002,2023-08-16
4416.3198,4421.1699,4364.8301,4370.3599,2216839469.0,9688386320054.895,2023-08-17
4344.8799,4381.8198,4335.3101,4369.71,2157858548.0,9429216075781.08,2023-08-18
4380.2798,4407.5498,4360.2998,4399.77,2057592847.0,9052935280445.191,2023-08-21
4415.3301,4418.5898,4382.77,4387.5498,1905849406.0,8362009180125.418,2023-08-22
4396.4399,4443.1802,4396.4399,4436.0098,2013748142.0,8933006492643.791,2023-08-23
4455.1602,4458.2998,4375.5498,4376.3101,2077193771.0,9090444079684.387,2023-08-24
4389.3799,4418.46,4356.29,4405.71,1976128172.0,8706247648662.12,2023-08-25
4426.0298,4439.5601,4414.98,4433.3101,1669881577.0,7403102861118.027,2023-08-28
4432.75,4500.1401,4431.6802,4497.6299,1936663046.0,8710393621914.675,2023-08-29
4500.3398,4521.6499,4493.5898,4514.8701,1827645178.0,8251580567561.378,2023-08-30
4517.0098,4532.2598,4507.3901,4507.6602,2352361081.0,10603644420852.678,2023-08-31
4530.6001,4541.25,4501.3501,4515.77,1958155311.0,8842579008754.47,2023-09-01
4510.0601,4514.29,4496.0098,4496.8301,2128341430.0,9570789805501.043,2023-09-05
4490.3501,4490.3501,4442.3799,4465.48,2122160141.0,9476463666432.68,2023-09-06
4434.5498,4457.8101,4430.46,4451.1401,2441134922.0,10865833540824.57,2023-09-07
4451.2998,4473.5298,4448.3799,4457.4902,2076441612.0,9255718136362.203,2023-09-08
4480.98,4490.77,4467.8901,4487.46,2165432434.0,9717291430277.64,2023-09-11
4473.27,4487.1099,4456.8301,4461.8999,2184137855.0,9745404476810.715,2023-09-12
4462.6499,4479.3901,4453.52,4467.4399,2268926200.0,10136291436035.38,2023-09-13
4487.7798,4511.9902,4478.6899,4505.1001,2275484003.0,10251283209463.7,2023-09-14
4497.98,4497.98,4447.21,4450.3198,4244973105.0,18891487859648.98,2023-09-15
4445.1299,4466.3599,4442.1099,4453.5298,1932361461.0,8605829350935.038,2023-09-18
4445.4102,4449.8501,4416.6099,4443.9502,2018270144.0,8969092010082.83,2023-09-19
4452.8101,4461.0298,4401.3799,4402.2002,1976745837.0,8702030918990.567,2023-09-20
4374.3599,4375.7002,4329.1699,4330.0,2298552282.0,9952731381060.0,2023-09-21
4341.7402,4357.3999,4316.4902,4320.0601,2100743599.0,9075338602370.299,2023-09-22
4310.6201,4338.5098,4302.7002,4337.4399,1858119044.0,8059479680395.456,2023-09-25
4312.8799,4313.0098,4265.98,4273.5298,2129442202.0,9100234707624.621,2023-09-26
4282.6299,4292.0698,4238.6299,4274.5098,2299297267.0,9828368700904.717,2023-09-27
4269.6499,4317.27,4264.3799,4299.7002,2235764324.0,9613116311055.666,2023-09-28
4328.1802,4333.1499,4274.8599,4288.0498,2411036284.0,10338643655398.943,2023-09-29
4284.52,4300.5801,4260.21,4288.3901,2419266832.0,10374759931607.162,2023-10-02
4269.75,4281.1499,4216.4502,4229.4502,2430973527.0,10281681469964.855,2023-10-03
4233.8301,4268.5,4220.48,4263.75,2329779403.0,9933596929541.25,2023-10-04
4259.3101,4267.1299,4225.9102,4258.1899,2230253462.0,9496842766328.434,2023-10-05
4234.79,4324.1001,4219.5498,4308.5,2493423103.0,10742913439275.5,2023-10-06
4289.02,4341.73,4283.79,4335.6602,1981885604.0,8592782534215.762,2023-10-09
4339.75,4385.46,4339.6401,4358.2402,2160880932.0,9417638145255.867,2023-10-10
4366.5898,4378.6401,4345.3398,4376.9502,2115648071.0,9260086247493.064,2023-10-11
4380.9399,4385.8501,4325.4302,4349.6099,2344769422.0,10198832291148.479,2023-10-12
4360.4902,4377.1001,4311.9702,4327.7798,2302663368.0,9965420010230.367,2023-10-13
4342.3701,4383.3301,4342.3701,4373.6299,2124400350.0,9291340890330.465,2023-10-16
4345.23,4393.5698,4337.54,4373.2002,2355659575.0,10301770924521.916,2023-10-17
4357.3501,4364.2002,4303.8398,4314.6001,2390659124.0,10314738095476.312,2023-10-18
4321.3599,4339.54,4269.6899,4278.0,2635705086.0,11275546357908.0,2023-10-19
4273.8501,4276.5601,4223.0298,4224.1602,2734219191.0,11549779884698.398,2023-10-20
4210.3999,4255.8398,4189.2202,4217.04,2454581997.0,10351070464628.88,2023-10-23
4235.79,4259.3799,4219.4302,4247.6802,2472963274.0,10504357134296.975,2023-10-24
4232.4199,4232.4199,4181.4199,4186.77,2665565303.0,11160108843641.31,2023-10-25
4175.9902,4183.6001,4127.8999,4137.23,2959734415.0,12245102013770.45,2023-10-26
4152.9302,4156.7002,4103.7798,4117.3701,2784710672.0,11465684458043.707,2023-10-27
4139.3901,4177.4702,4132.9399,4166.8198,2600517109.0,10835886180019.959,2023-10-30
4171.3301,4195.5498,4153.1201,4193.7998,2701786725.0,11330752626947.654,2023-10-31
4201.27,4245.6401,4197.7402,4237.8599,2804876425.0,11886673325962.86,2023-11-01
4268.2598,4319.7202,4268.2598,4317.7798,2808160224.0,12125017490350.676,2023-11-02
4334.23,4373.6201,4334.23,4358.3398,2683282215.0,11694655672266.656,2023-11-03
4364.27,4372.21,4347.5298,4365.98,2177065334.0,9505023706937.318,2023-11-06
4366.21,4386.2598,4355.4102,4378.3799,2273382086.0,9953730430362.47,2023-11-07
4384.3701,4391.2002,4359.7598,4382.7798,2285134021.0,10015239227531.576,2023-11-08
4391.4102,4393.3999,4343.9399,4347.3501,2361060379.0,10264356074751.688,2023-11-09
4364.1499,4418.0298,4353.3398,4415.2402,2231546561.0,9852814084298.953,2023-11-10
4406.6602,4421.7598,4393.8198,4411.5498,1991619458.0,8786128421616.008,2023-11-13
4458.9702,4508.6699,4458.9702,4495.7002,2672131739.0,12013103193448.648,2023-11-14
4505.2998,4521.1699,4495.3101,4502.8799,2555968121.0,11509217477091.668,2023-11-15
4497.0801,4511.9902,4487.8301,4508.2402,2502113762.0,11280129846821.633,2023-11-16
4509.5498,4520.1201,4499.6602,4514.02,2273204200.0,10261289222884.002,2023-11-17
4511.7002,4557.1099,4510.3599,4547.3799,2183094585.0,9927360435627.842,2023-11-20
4538.77,4542.1401,4525.5098,4538.1899,2059443812.0,9346147107235.9,2023-11-21
4553.04,4568.4302,4545.0498,4556.6201,1886910426.0,8597933974011.163,2023-11-22
4555.8398,4560.3101,4552.7998,4559.3398,881155641.0,4017487984005.8115,2023-11-24
4554.8599,4560.52,4546.3198,4550.4302,2000833401.0,9104652733079.11,2023-11-27
4545.5498,4568.1401,4540.5098,4554.8901,2097872795.0,9555580025004.828,2023-11-28
4571.8398,4587.6401,4547.1499,4550.5801,2423616420.0,11028860650885.242,2023-11-29
4554.8701,4569.8901,4537.2402,4567.7998,3541778970.0,16178137270810.205,2023-11-30
4559.4302,4599.3901,4554.71,4594.6299,2505721705.0,11512863866871.979,2023-12-01
4564.3701,4572.3701,4546.7202,4569.7798,2465568577.0,11267105478689.346,2023-12-04
4557.25,4578.5601,4551.6802,4567.1802,2322321833.0,10606462293705.307,2023-12-05
4586.23,4590.7402,4546.5,4549.3398,2383220473.0,10842079749993.725,2023-12-06
4568.8398,4590.9199,4565.2202,4585.5898,2457048305.0,11267015645515.29,2023-12-07
4576.2002,4609.23,4574.0601,4604.3701,2307905221.0,10626449793206.293,2023-12-08
4593.3901,4623.71,4593.3901,4622.4399,2421573608.0,11193578466406.16,2023-12-11
4618.2998,4643.9302,4608.0898,4643.7002,2348740164.0,10906845169314.834,2023-12-12
4646.2002,4709.6899,4643.23,4707.0898,2968692293.0,13973901211718.91,2023-12-13
4721.04,4738.5698,4694.3398,4719.5498,3861364751.0,18223903238309.098,2023-12-14
4714.23,4725.5298,4704.6899,4719.1899,5291443423.0,24971326358243.03,2023-12-15
4725.5801,4749.52,4725.5801,4740.5601,2431569697.0,11527002285967.29,2023-12-18
4743.7202,4768.6899,4743.7202,4768.3701,2343967459.0,11176904346868.576,2023-12-19
4764.73,4778.0098,4697.8198,4698.3501,2481584831.0,11659354338887.332,2023-12-20
4724.29,4748.71,4708.3501,4746.75,2161613127.0,10260637110587.25,2023-12-21
4753.9199,4772.9399,4736.77,4754.6299,1751108227.0,8325871534230.1875,2023-12-22
4758.8599,4784.7202,4758.4502,4774.75,1446123076.0,6904876157131.0,2023-12-26
4773.4502,4785.3901,4768.8999,4781.5801,1613387599.0,7714542036965.18,2023-12-27
4786.4399,4793.2998,4780.98,4783.3501,1484576350.0,7101248432230.135,2023-12-28
4782.8799,4788.4302,4751.9902,4769.8301,1744617290.0,8321528062822.43,2023-12-29
4745.2002,4754.3301,4722.6699,4742.8301,2436433260.0,11555589002169.127,2024-01-02
4725.0698,4729.29,4699.71,4704.8101,2462780864.0,11586916283033.926,2024-01-03
4697.4199,4726.7798,4687.5298,4688.6802,2367124529.0,11098689910056.625,2024-01-04
4690.5698,4721.4902,4682.1099,4697.2402,2204799754.0,10356474037438.912,2024-01-05
4703.7002,4764.54,4699.8198,4763.54,2298967638.0,10951224302318.52,2024-01-08
4741.9302,4765.4702,4730.3501,4756.5,2236452784.0,10637687667096.0,2024-01-09
4759.9399,4790.7998,4756.2002,4783.4502,2160956464.0,10336827629912.094,2024-01-10
4792.1299,4798.5,4739.5801,4780.2402,2320939953.0,11094650465116.71,2024-01-11
4791.1802,4802.3999,4768.98,4783.8301,2236217742.0,10697685744333.635,2024-01-12
4772.3501,4782.3398,4747.1201,4765.98,2600196183.0,12392483004254.338,2024-01-16
4739.1299,4744.23,4714.8198,4739.21,2320340664.0,10996581678235.44,2024-01-17
4760.1001,4785.79,4740.5698,4780.9399,2591426040.0,12389452152534.996,2024-01-18
4796.2798,4842.0698,4785.8701,4839.8101,2758405262.0,13350157646920.746,2024-01-19
4853.4199,4868.4102,4844.0498,4850.4302,2633780446.0,12774968215447.87,2024-01-22
4856.7998,4866.48,4844.3701,4864.6001,2388786865.0,11620492822357.686,2024-01-23
4888.5601,4903.6802,4865.9399,4868.5498,2675171919.0,13024207711213.066,2024-01-24
4886.6602,4898.1499,4869.3398,4894.1602,2903392182.0,14209666462135.557,2024-01-25
4888.9102,4906.6899,4881.4702,4890.9702,2388032275.0,11679794693663.205,2024-01-26
4892.9502,4929.3101,4887.3999,4927.9302,2312494392.0,11395810951667.438,2024-01-29
4925.8901,4931.0898,4916.27,4924.9702,2579106428.0,12702022300528.445,2024-01-30
4899.1899,4906.75,4845.1499,4845.6499,3297263902.0,15977386496999.91,2024-01-31
4861.1099,4906.9702,4853.52,4906.1899,2808069454.0,13776921993713.316,2024-02-01
4916.0601,4975.29,4907.9902,4958.6099,2791773912.0,13843317758604.93,2024-02-02
4957.1899,4957.1899,4918.0898,4942.8101,2584805952.0,12776204966085.715,2024-02-05
4950.1602,4957.77,4934.8799,4954.23,2477503347.0,12274121406807.809,2024-02-06
4973.0498,4999.8901,4969.0498,4995.0601,2591206982.0,12943234606629.617,2024-02-07
4995.1602,5000.3999,4987.0898,4997.9102,2436611938.0,12177967658371.969,2024-02-08
5004.1699,5030.0601,5000.3398,5026.6099,2305688993.0,11589799118534.832,2024-02-09
5026.8301,5048.3901,5016.8301,5021.8398,2230537686.0,11201402926954.703,2024-02-12
4967.9399,4971.2998,4920.3101,4953.1699,2581714918.0,12787672622218.568,2024-02-13
4976.4399,5002.52,4956.4502,5000.6201,2325126439.0,11627074005904.824,2024-02-14
5003.1401,5032.7202,4999.4399,5029.73,2424880973.0,12196496576327.29,2024-02-15
5031.1299,5038.7002,4999.52,5005.5698,2298707861.0,11506342648044.2,2024-02-16
4989.3198,4993.71,4955.02,4975.5098,2454586525.0,12212819310085.445,2024-02-20
4963.0298,4983.21,4946.0,4981.7998,2254957644.0,11233747539887.67,2024-02-21
5038.8301,5094.3901,5038.8301,5087.0298,2575496447.0,13101627175683.121,2024-02-22
5100.9199,5111.0601,5081.46,5088.7998,2256863196.0,11484724980432.16,2024-02-23
5093.0,5097.6602,5068.9102,5069.5298,2248390032.0,11398280269246.955,2024-02-26
5074.6001,5080.6899,5057.29,5078.1802,2149213570.0,10914093796745.314,2024-02-27
5067.2002,5077.3701,5058.3501,5069.7598,2079030384.0,10540184663781.764,2024-02-28
5085.3599,5104.9902,5061.8901,5096.27,3310290023.0,16870131735514.21,2024-02-29
5098.5098,5140.3301,5094.1602,5137.0801,2453221439.0,12602395035180.264,2024-03-01
5130.9902,5149.6699,5127.1802,5130.9502,2818870452.0,14463483909463.49,2024-03-04
5110.52,5114.54,5056.8198,5078.6499,2704129642.0,13733327735930.336,2024-03-05
5108.0298,5127.9702,5092.2202,5104.7598,2604927497.0,13297529168600.22,2024-03-06
5132.3799,5165.6201,5128.21,5157.3599,2359269056.0,12167599622725.256,2024-03-07
5164.46,5189.2598,5117.5,5123.6899,2430070760.0,12450929009297.324,2024-03-08
5111.96,5124.6602,5091.1401,5117.9399,2207490802.0,11297805254438.8,2024-03-11
5134.2998,5179.8701,5114.48,5175.27,2294319101.0,11873720813832.271,2024-03-12
5173.4902,5179.1401,5151.8799,5165.3101,2415913063.0,12478940145035.836,2024-03-13
5175.1401,5176.8501,5123.2998,5150.48,2653395897.0,13666262499580.559,2024-03-14
5123.3101,5136.8599,5104.3501,5117.0898,5121365413.0,26206486716935.086,2024-03-15
5154.77,5175.6001,5145.4702,5149.4199,2395481603.0,12335340636572.1,2024-03-18
5139.0898,5180.3101,5131.5898,5178.5098,2206625058.0,11427029487778.568,2024-03-19
5181.6899,5226.1899,5171.5498,5224.6201,2293911189.0,11984814505664.299,2024-03-20
5253.4302,5261.1001,5240.6602,5241.5298,2513703086.0,13175649633620.963,2024-03-21
5242.48,5246.0898,5229.8701,5234.1802,2009116285.0,10516076678444.557,2024-03-22
5219.52,5229.0898,5216.0898,5218.1899,2083558443.0,10872403623322.326,2024-03-25
5228.8501,5235.1602,5203.4199,5203.5801,2254197442.0,11729896950662.104,2024-03-26
5226.3101,5249.2598,5213.9199,5248.4902,2275362496.0,11942217761703.54,2024-03-27
5248.0298,5264.8501,5245.8198,5254.3501,2400060516.0,12610758212250.65,2024-03-28
5257.9702,5263.9502,5229.2002,5243.77,1949342295.0,10221902646252.15,2024-04-01
5204.29,5208.3398,5184.0498,5205.8101,2361765457.0,12294902469881.715,2024-04-02
5194.3701,5228.75,5194.3701,5211.4902,2258320406.0,11769214664329.021,2024-04-03
5244.0498,5256.5898,5146.0601,5147.21,2502092298.0,12878794497188.58,2024-04-04
5158.9502,5222.1802,5157.21,5204.3398,2157678131.0,11229290172752.914,2024-04-05
5211.3701,5219.5698,5197.3501,5202.3901,1988579313.0,10345365331016.0,2024-04-08
5217.0298,5224.8101,5160.7798,5209.9102,2025386254.0,10552080503654.39,2024-04-09
5167.8799,5178.4302,5138.7002,5160.6401,2270856837.0,11719074854381.363,2024-04-10
5172.9502,5211.7798,5138.77,5199.0601,2204862038.0,11463210247770.482,2024-04-11
5171.5098,5175.0298,5107.9399,5123.4102,2409339978.0,12344037018552.977,2024-04-12
5149.6699,5168.4302,5052.4702,5061.8198,2305701976.0,11671047915015.926,2024-04-15
5064.5898,5079.8398,5039.8301,5051.4102,2334071918.0,11790354694118.764,2024-04-16
5068.9702,5077.96,5007.25,5022.21,2289242657.0,11497057364411.97,2024-04-17
5031.52,5056.6602,5001.8901,5011.1201,2206949033.0,11059286658941.863,2024-04-18
5005.4399,5019.02,4953.5601,4967.23,2733302804.0,13576943687112.918,2024-04-19
4987.3301,5038.8398,4969.3999,5010.6001,2348891195.0,11769354456556.12,2024-04-22
5028.8501,5076.1201,5027.96,5070.5498,2311653512.0,11721354252940.896,2024-04-23
5084.8599,5089.48,5047.02,5071.6299,2523336454.0,12797428607866.375,2024-04-24
5019.8799,5057.75,4990.5801,5048.4199,2691433796.0,13587487935258.94,2024-04-25
5084.6499,5114.6201,5073.1401,5099.96,2401044210.0,12245229429231.6,2024-04-26
5114.1299,5123.4902,5088.6499,5116.1699,2337162842.0,11957322183638.855,2024-04-29
5103.7798,5110.8301,5035.3101,5035.6899,2776658379.0,13982390554880.674,2024-04-30
5029.0298,5096.1201,5013.4502,5018.3901,2863485285.0,14370086205739.678,2024-05-01
5049.3198,5073.21,5011.0498,5064.2002,2541529335.0,12870813366612.867,2024-05-02
5122.7798,5139.1201,5101.2202,5127.79,2441285064.0,12518397138328.56,2024-05-03
5142.4199,5181.0,5142.4199,5180.7402,2174332915.0,11264653940923.684,2024-05-06
5187.2002,5200.23,5178.96,5187.7002,2275796703.0,11806151011312.441,2024-05-07
5168.98,5191.9502,5165.8599,5187.6699,2091022880.0,10847536454787.312,2024-05-08
5189.0298,5215.2998,5180.4102,5214.0801,1972154705.0,10282972601461.871,2024-05-09
5225.4902,5239.6602,5209.6802,5222.6802,1883332754.0,9836044684327.27,2024-05-10
5233.0801,5237.2598,5211.1602,5221.4199,1947454376.0,10168477033188.482,2024-05-13
5221.1001,5250.3701,5217.98,5246.6802,2029372117.0,10647466504695.982,2024-05-14
5263.2598,5311.7598,5263.2598,5308.1499,2309693551.0,12260199591771.295,2024-05-15
5310.0698,5325.4902,5296.1899,5297.1001,2212538542.0,11720038132082.053,2024-05-16
5303.1001,5305.4502,5283.5898,5303.27,1967120185.0,10432169463504.951,2024-05-17
5305.3501,5325.3198,5302.3999,5308.1299,1832281783.0,9725989717567.611,2024-05-20
5298.6899,5324.3198,5297.8701,5321.4102,1974321300.0,10506173503897.26,2024-05-21
5319.2798,5323.1802,5286.0098,5307.0098,2079437184.0,11035593513972.402,2024-05-22
5340.2598,5341.8799,5256.9302,5267.8398,2290682207.0,12066946899186.438,2024-05-23
5281.4502,5311.6499,5278.3901,5304.7202,1743354318.0,9248006866451.822,2024-05-24
5315.9102,5315.9102,5280.8901,5306.04,2103027432.0,11158747675289.28,2024-05-28
5278.73,5282.27,5262.7002,5266.9502,2213572737.0,11658777369856.697,2024-05-29
5259.77,5260.21,5222.1001,5235.48,2316855451.0,12129850376601.479,2024-05-30
5243.21,5280.3301,5191.6802,5277.5098,3930922654.0,20745482829527.008,2024-05-31
5297.1499,5302.1099,5234.3198,5283.3999,2302964768.0,12167483824954.725,2024-06-03
5278.2402,5298.7998,5257.6299,5291.3398,2164149777.0,11451251848201.225,2024-06-04
5314.48,5354.1602,5297.6401,5354.0298,2146262616.0,11491154004689.957,2024-06-05
5357.7998,5362.3501,5335.3599,5352.96,2010878169.0,10764150403530.24,2024-06-06
5343.8101,5375.0801,5331.3301,5346.9902,1809041876.0,9672929182361.615,2024-06-07
5341.2202,5365.79,5331.52,5360.79,2429865093.0,13025996491903.47,2024-06-10
5353.0,5375.9502,5327.25,5375.3198,2323174395.0,12487805324296.521,2024-06-11
5409.1299,5447.25,5409.1299,5421.0298,2704467405.0,14660998395633.67,2024-06-12
5441.9302,5441.9302,5402.5098,5433.7402,2400335831.0,13042801298405.107,2024-06-13
5424.0801,5432.3901,5403.75,5431.6001,2243055474.0,12183380336883.947,2024-06-14
5431.1099,5488.5,5420.3999,5473.23,2420148034.0,13246026824129.818,2024-06-17
5476.1499,5490.3799,5471.3198,5487.0298,2461866815.0,13508336577536.088,2024-06-18
5499.9902,5505.5298,5455.5601,5473.1699,2860114574.0,15653892996968.123,2024-06-20
5466.77,5478.3101,5452.0298,5464.6201,5154496898.0,28167367354198.45,2024-06-21
5459.5801,5490.6602,5447.5898,5447.8701,2764542196.0,15060866769776.74,2024-06-24
5460.73,5472.8799,5446.5601,5469.2998,2591287124.0,14172526149035.775,2024-06-25
5460.71,5483.1401,5451.8701,5477.8999,2559078106.0,14018373700949.59,2024-06-26
5473.5898,5490.8101,5467.54,5482.8701,2419421065.0,13265371416598.656,2024-06-27
5488.48,5523.6401,5451.1201,5460.48,4191113989.0,22885494114654.72,2024-06-28
5471.0801,5479.5498,5446.5298,5475.0898,2405261991.0,13169025393251.791,2024-07-01
5461.8398,5509.6899,5458.4302,5509.0098,2304047725.0,12693021496692.705,2024-07-02
5507.4399,5539.27,5507.4199,5537.02,1545243347.0,8556043317205.94,2024-07-03
5537.9102,5570.3301,5531.6299,5567.1899,2251076552.0,12532170644421.225,2024-07-05
5572.75,5583.1099,5562.5098,5572.8501,2367962923.0,13196302412236.842,2024-07-08
5584.2402,5590.75,5574.5698,5576.98,2410304329.0,13442219036746.42,2024-07-09
5591.2598,5635.3901,5586.4399,5633.9102,2293787875.0,12922994905598.826,2024-07-10
5635.21,5642.4502,5576.5298,5584.54,2891782852.0,16149277008308.08,2024-07-11
5590.7598,5655.5601,5590.4399,5615.3501,2489171103.0,13977567202148.16,2024-07-12
5638.1602,5666.9399,5614.75,5631.2202,2316305244.0,13043624879378.729,2024-07-15
5644.0898,5669.6699,5639.02,5667.2002,2487997418.0,14099979464889.084,2024-07-16
5610.0698,5622.4902,5584.8101,5588.27,3147941670.0,17591547996210.902,2024-07-17
5608.5601,5614.0498,5522.8101,5544.5898,2925863797.0,16222714565035.47,2024-07-18
5543.3701,5557.5,5497.04,5505.0,2607846684.0,14356195995420.0,2024-07-19
5544.54,5570.3599,5529.04,5564.4102,2510186143.0,13967705378007.86,2024-07-22
5565.2998,5585.3398,5550.8999,5555.7402,2396798167.0,13315987927688.213,2024-07-23
5505.8398,5508.04,5419.98,5427.1299,3019958131.0,16389705069498.217,2024-07-24
5428.7002,5491.5898,5390.9502,5399.2202,3469315829.0,18731600104116.547,2024-07-25
5433.6699,5488.3198,5430.7002,5459.1001,2629669887.0,14355631143088.688,2024-07-26
5476.5498,5487.7402,5444.4399,5463.54,2365507845.0,12924046731471.3,2024-07-29
5478.73,5489.46,5401.7002,5436.4399,2986625387.0,16236609420239.742,2024-07-30
5505.5898,5551.5098,5493.75,5522.2998,3414671559.0,18856840067331.387,2024-07-31
5537.8398,5566.1602,5410.4199,5446.6802,3418904485.0,18621679364140.695,2024-08-01
5376.6299,5383.8901,5302.0298,5346.5601,3978703316.0,21272376399063.29,2024-08-02
5151.1401,5250.8901,5119.2598,5186.3301,3980390351.0,20643618287140.867,2024-08-05
5206.4199,5312.3398,5193.5601,5240.0298,3151389904.0,16513377008379.14,2024-08-06
5293.1299,5330.6401,5195.54,5199.5,2941853299.0,15296166228150.5,2024-08-07
5252.5698,5328.0298,5233.8501,5319.3101,2678076619.0,14245520008020.55,2024-08-08
5314.6602,5358.6699,5300.8398,5344.1602,2166862146.0,11580058439539.79,2024-08-09
5351.8799,5371.2002,5324.3701,5344.3901,2260298271.0,12079915702579.516,2024-08-12
5376.98,5436.5,5376.98,5434.4302,2570811508.0,13970895697582.74,2024-08-13
5442.3599,5463.2202,5415.9102,5455.21,2314941339.0,12628491141926.19,2024-08-14
5501.1299,5546.23,5501.1299,5543.2202,2634228527.0,14602108782282.645,2024-08-15
5530.5,5561.98,5525.1699,5554.25,2268720418.0,12601040381676.5,2024-08-16
5557.23,5608.2998,5550.7402,5608.25,2087595197.0,11707755763575.25,2024-08-19
5602.8799,5620.5098,5585.5,5597.1201,2107090596.0,11793639127392.58,2024-08-20
5603.0898,5632.6802,5591.5698,5620.8501,2012469478.0,11311789266663.248,2024-08-21
5637.77,5643.2202,5560.9502,5570.6401,2194647052.0,12225588873217.984,2024-08-22
5602.4902,5641.8198,5585.1602,5634.6099,2202182799.0,12408441000855.111,2024-08-23
5639.6602,5651.6201,5602.3398,5616.8398,2001282879.0,11240885325825.783,2024-08-26
5602.8901,5631.1802,5593.48,5625.7998,1976075739.0,11117006497251.053,2024-08-27
5624.5098,5627.0298,5560.9502,5592.1802,2132471376.0,11925164205933.955,2024-08-28
5607.2998,5646.9502,5583.71,5591.96,2310418093.0,12919765559332.28,2024-08-29
5612.7402,5651.3701,5581.79,5648.3999,2762259722.0,15602347537518.828,2024-08-30
5623.8901,5623.8901,5504.3301,5528.9302,2889025715.0,15973221524240.092,2024-09-03
5506.6802,5552.9902,5503.6602,5520.0698,2476388898.0,13669839568905.08,2024-09-04
5520.0801,5546.2998,5480.54,5503.4102,2438758429.0,13421488013494.576,2024-09-05
5507.3301,5522.4702,5402.6201,5408.4199,2796173257.0,15122879087006.613,2024-09-06
5442.0698,5484.2002,5434.4902,5471.0498,2563088575.0,14022785235636.035,2024-09-09
5490.5098,5497.9102,5441.7202,5495.52,2530774046.0,13907919385273.922,2024-09-10
5496.4199,5560.4102,5406.96,5554.1299,2798708651.0,15544391399907.764,2024-09-11
5557.48,5600.71,5535.5,5595.7598,2572650974.0,14395936899740.045,2024-09-12
5603.3398,5636.27,5601.6499,5626.02,2202686111.0,12392356114208.22,2024-09-13
5615.21,5636.0498,5604.5298,5633.0898,2318065724.0,13057872385594.014,2024-09-16
5655.5098,5670.8101,5614.0498,5634.5801,2342473577.0,13198855001740.018,2024-09-17
5641.6802,5689.75,5615.0801,5618.2598,2458455287.0,13812240509049.562,2024-09-18
5702.6299,5733.5698,5686.4199,5713.6401,2789941065.0,15940719145620.705,2024-09-19
5709.6401,5715.1401,5674.4902,5702.5498,5736379725.0,32711991053522.805,2024-09-20
5711.8999,5725.3599,5704.2202,5718.5698,2429303077.0,13892139211179.275,2024-09-23
5727.6602,5735.3198,5698.9902,5732.9302,2571337590.0,14741298924106.217,2024-09-24
5733.6499,5741.0298,5712.0601,5722.2598,2450340600.0,14021485511687.879,2024-09-25
5762.2202,5767.3701,5721.0098,5745.3701,2704866248.0,15540457665758.385,2024-09-26
5755.3599,5763.7798,5727.3398,5738.1699,2317410119.0,13297692990801.219,2024-09-27
5726.52,5765.1401,5703.5298,5762.48,2512100061.0,14475926359511.28,2024-09-30
5757.73,5757.73,5681.2798,5708.75,2623242153.0,14975433640938.75,2024-10-01
5698.1401,5719.6299,5674.0,5709.54,2224344812.0,12699985677906.48,2024-10-02
5698.1899,5718.7798,5677.3701,5699.9399,2199794863.0,12538698511428.734,2024-10-03
5737.48,5753.21,5702.8301,5751.0698,2211353425.0,12717647899644.066,2024-10-04
5737.7998,5739.3398,5686.8501,5695.9399,2384804685.0,13583704158998.432,2024-10-07
5719.1401,5757.6001,5714.5601,5751.1299,2274877236.0,13083114490788.957,2024-10-08
5751.7998,5796.7998,5745.02,5792.04,2222040985.0,12870150266759.4,2024-10-09
5778.3599,5795.0298,5764.7598,5780.0498,2091866037.0,12091089868788.643,2024-10-10
5775.0898,5822.1299,5775.0898,5815.0298,2154169249.0,12526558377178.621,2024-10-11
5829.8101,5871.4102,5829.5698,5859.8501,2003295456.0,11739011078171.145,2024-10-14
5866.7402,5870.3599,5804.48,5815.2598,2828509934.0,16448520113090.854,2024-10-15
5816.5801,5846.52,5808.3398,5842.4702,2301294506.0,13445244572728.72,2024-10-16
5875.6201,5878.46,5840.25,5841.4702,2394376383.0,13986678288878.285,2024-10-17
5859.4302,5872.1699,5846.1099,5864.6699,2157845295.0,12655050350443.121,2024-10-18
5857.8198,5866.9199,5824.79,5853.98,2091355741.0,12242754680699.18,2024-10-21
5832.7002,5863.04,5821.1699,5851.2002,2245293747.0,13137663221505.15,2024-10-22
5834.5,5834.8501,5762.4102,5797.4199,2375100419.0,13769454433608.938,2024-10-23
5817.7998,5817.7998,5784.9199,5809.8599,2283227696.0,13265233033559.791,2024-10-24
5826.75,5862.8198,5799.98,5808.1201,2270596865.0,13187899290603.486,2024-10-25
5833.9302,5842.9199,5823.0801,5823.52,2209334797.0,12866105377025.441,2024-10-28
5819.6802,5847.1899,5802.1699,5832.9199,2572018715.0,15002379145895.928,2024-10-29
5832.6499,5850.9399,5811.2798,5813.6699,2847422903.0,16553976823741.719,2024-10-30
5775.3398,5775.3398,5702.8599,5705.4502,3332360701.0,19012618027992.59,2024-10-31
5723.2202,5772.52,5723.2202,5728.7998,2742173410.0,15709362482773.318,2024-11-01
5725.1499,5741.4302,5696.5098,5712.6899,2423396486.0,13844112629267.691,2024-11-04
5722.4302,5783.4399,5722.1001,5782.7598,2366842625.0,13686882384776.475,2024-11-05
5864.8901,5936.1401,5864.8901,5929.04,4192067340.0,24854934941553.6,2024-11-06
5947.21,5983.8398,5947.21,5973.1001,3071243707.0,18344846093406.07,2024-11-07
5976.7598,6012.4502,5976.7598,5995.54,2756536816.0,16526926741800.64,2024-11-08
6008.8599,6017.3101,5986.6899,6001.3501,2714209900.0,16288923854785.988,2024-11-11
6003.6001,6009.9199,5960.0801,5983.9902,2611467951.0,15626998626398.08,2024-11-12
5985.75,6008.1899,5965.9102,5985.3799,2602203282.0,15575175219796.832,2024-11-13
5989.6802,5993.8799,5942.2798,5949.1699,2623461604.0,15607418808322.52,2024-11-14
5912.79,5915.3198,5853.0098,5870.6201,3288789253.0,19307232293325.785,2024-11-15
5874.1699,5908.1201,5865.9502,5893.6201,2820487217.0,16622880153904.262,2024-11-18
5870.0498,5923.5098,5855.29,5916.98,2673922540.0,15821546190729.2,2024-11-19
5914.3398,5920.6699,5860.5601,5917.1099,2578080238.0,15254784099264.156,2024-11-20
5940.5801,5963.3198,5887.2598,5948.71,2857014860.0,16995552867830.6,2024-11-21
5944.3599,5972.8999,5944.3599,5969.3398,2609740025.0,15578424998885.494,2024-11-22
5992.2798,6020.75,5963.9102,5987.3701,3948304635.0,23639961117290.414,2024-11-25
6000.0298,6025.4199,5992.27,6021.6299,2416828421.0,14553246283063.387,2024-11-26
6014.1099,6020.1602,5984.8701,5998.7402,2090790475.0,12542108872159.596,2024-11-27
6003.98,6044.1699,6003.98,6032.3799,1443186951.0,8705851955154.685,2024-11-29
6040.1099,6053.5801,6035.3301,6047.1499,2724890947.0,16477824017661.957,2024-12-02
6042.9702,6052.0698,6033.3901,6049.8799,2631959854.0,15923041018321.535,2024-12-03
6069.3901,6089.8398,6061.0601,6086.4902,2629946648.0,16007144499574.85,2024-12-04
6089.0298,6094.5498,6072.8999,6075.1099,2638048678.0,16026435640399.713,2024-12-05
6081.3799,6099.9702,6079.98,6090.27,2494915762.0,15194710617835.74,2024-12-06
6083.0098,6088.5098,6048.6299,6052.8501,2924094285.0,17699104385371.676,2024-12-09
6057.5898,6065.3999,6029.8901,6034.9102,2778369429.0,16767210006440.277,2024-12-10
6060.1499,6092.5898,6060.1499,6084.1899,2856984712.0,17382437529204.81,2024-12-11
6074.29,6079.6802,6051.25,6051.25,2378727487.0,14394274705708.75,2024-12-12
6068.1699,6078.5801,6035.77,6051.0898,2443474215.0,14785681898949.506,2024-12-13
6063.79,6085.1899,6059.1401,6074.0801,3097239687.0,18812881947736.93,2024-12-16
6052.5498,6057.6802,6035.1899,6050.6099,3000899439.0,18157271854517.848,2024-12-17
6047.6499,6070.6699,5867.79,5872.1602,3301322111.0,19385892307594.184,2024-12-18
5912.71,5935.52,5866.0698,5867.0801,3217378918.0,18876619823957.332,2024-12-19
5842.0,5982.0601,5832.2998,5930.8501,6347727401.0,37647419690993.586,2024-12-20
5940.25,5978.25,5902.5698,5974.0698,2311068693.0,13806485684576.771,2024-12-23
5984.6299,6040.1001,5981.4399,6040.04,1104432618.0,6670817190024.72,2024-12-24
6024.9702,6049.75,6007.3701,6037.5898,1482485163.0,8950637298780.137,2024-12-26
6006.1699,6006.1699,5932.9502,5970.8398,1807640884.0,10793134134294.383,2024-12-27
5920.6699,5940.79,5869.1602,5906.9399,1927545914.0,11385897868488.568,2024-12-30
5919.7402,5929.7402,5868.8599,5881.6299,1785851688.0,10503718685106.271,2024-12-31
5903.2598,5935.0898,5829.5298,5868.5498,2210071126.0,12969912464473.074,2025-01-02
5891.0698,5949.3398,5888.6602,5942.4702,2190353238.0,13016108844288.508,2025-01-03
5982.8101,6021.04,5960.0098,5975.3799,2802829671.0,16747972079217.012,2025-01-06
5993.2598,6000.6802,5890.6802,5909.0298,2676437580.0,15815149418059.885,2025-01-07
5910.6602,5927.8901,5874.7798,5918.25,2502210380.0,14808706581435.0,2025-01-08
5890.3501,5890.3501,5807.7798,5827.04,3055778240.0,17806142035609.6,2025-01-10
5782.02,5838.6099,5773.3101,5836.2202,2721450612.0,15882985035056.762,2025-01-13
5859.27,5871.9199,5805.4199,5842.9102,2434957076.0,14227235535922.576,2025-01-14
5905.21,5960.6099,5905.21,5949.9102,2740994513.0,16308671211042.732,2025-01-15
5963.6099,5964.6899,5930.7202,5937.3398,2515871927.0,14937586523879.795,2025-01-16
5995.3999,6014.96,5978.4399,5996.6602,2984861785.0,17899201868610.457,2025-01-17
6014.1201,6051.5098,6006.8799,6049.2402,3041263308.0,18397332261538.582,2025-01-21
6081.3901,6100.8101,6076.1299,6086.3701,2857124946.0,17389519843298.516,2025-01-22
6076.3198,6118.73,6074.6699,6118.71,2474451164.0,15140449081678.44,2025-01-23
6121.4302,6128.1802,6088.7402,6101.2402,2507791504.0,15300638337423.262,2025-01-24
5969.04,6017.1699,5962.9199,6012.2798,4076897334.0,24511447487882.055,2025-01-27
6026.9702,6074.54,5994.6299,6067.7002,3319837438.0,20143778286520.09,2025-01-28
6057.7002,6062.8301,6012.96,6039.3101,2830742115.0,17095729445614.861,2025-01-29
6050.75,6086.6401,6027.46,6071.1699,3068265894.0,18627963540849.39,2025-01-30
6096.79,6120.9102,6030.9302,6040.5298,3517384478.0,21246865757416.445,2025-01-31
5969.6499,6022.1299,5923.9302,5994.5698,3289467890.0,19718944871463.723,2025-02-03
5998.1401,6042.48,5990.8701,6037.8799,3054209134.0,18440947940575.008,2025-02-04
6020.4502,6062.8599,6007.0601,6061.48,3147722642.0,19079857840030.16,2025-02-05
6072.2202,6084.0298,6046.8301,6083.5698,3084795461.0,18766568505716.68,2025-02-06
6083.1299,6101.2798,6019.96,6025.9902,2940570238.0,17719847436599.668,2025-02-07
6046.3999,6073.3799,6044.8398,6066.4399,2743606149.0,16643921812178.945,2025-02-10
6049.3198,6076.2798,6042.3398,6068.5,2748396013.0,16678641204890.5,2025-02-11
6025.0801,6063.0,6003.0,6051.9702,2878167149.0,17418581816366.959,2025-02-12
6060.5898,6116.9102,6050.9502,6115.0698,2949594434.0,18036975845601.492,2025-02-13
6115.52,6127.4702,6107.6201,6114.6299,2801121274.0,17127819895526.492,2025-02-14
6121.6001,6129.6299,6099.5098,6129.5801,3260380206.0,19984761629131.5,2025-02-18
6117.7598,6147.4302,6111.1499,6144.1499,3043365332.0,18698892800271.27,2025-02-19
6134.5,6134.5,6084.5898,6117.52,2957558735.0,18092924712537.203,2025-02-20
6114.1001,6114.8198,6008.5601,6013.1299,3386529313.0,20363640669226.758,2025-02-21
6026.6899,6043.6499,5977.8301,5983.25,3282444303.0,19639684875924.75,2025-02-24
5982.73,5992.6499,5908.4902,5955.25,3485186582.0,20755157392455.5,2025-02-25
5970.8701,6009.8198,5932.6899,5956.0601,2964610227.0,17657396685086.64,2025-02-26
5981.8799,5993.6899,5858.7798,5861.5698,3331941837.0,19530409647115.723,2025-02-27
5856.7402,5959.3999,5837.6602,5954.5,4316692726.0,25703746836967.0,2025-02-28
5968.3301,5986.0898,5810.9102,5849.7202,3603000420.0,21076544337482.484,2025-03-03
5811.98,5865.0801,5732.5898,5778.1499,4246585884.0,24537409800976.01,2025-03-04
5781.3599,5860.5898,5742.3501,5842.6299,3325531511.0,19429849839560.777,2025-03-05
5785.8701,5812.0801,5711.6401,5738.52,3339780761.0,19165398692613.723,2025-03-06
5726.0098,5783.0098,5666.29,5770.2002,3959743165.0,22848510802631.633,2025-03-07
5705.3701,5705.3701,5564.02,5614.5601,4333777137.0,24332252195692.434,2025-03-10
5603.6499,5636.2998,5528.4102,5572.0698,4112822451.0,22916933771979.082,2025-03-11
5624.8398,5642.1899,5546.0898,5599.2998,3450861763.0,19322409579393.547,2025-03-12
5594.4502,5597.7798,5504.6499,5521.52,3323485209.0,18350690051197.68,2025-03-13
5563.8501,5645.27,5563.8501,5638.9399,3011969007.0,16984312211135.68,2025-03-14
5635.6001,5703.52,5631.1201,5675.1201,2983957601.0,16934317758982.88,2025-03-17
5654.5298,5654.5298,5597.7598,5614.6602,2895840659.0,16259161293629.072,2025-03-18
5632.3701,5715.3301,5622.2002,5675.29,3021919411.0,17150269014054.19,2025-03-19
5646.9199,5711.1499,5632.3301,5662.8901,2841249219.0,16089682073907.83,2025-03-20
5630.73,5670.8398,5603.1001,5667.5601,6468495934.0,36660589462550.63,2025-03-21
5718.0801,5775.1401,5718.0801,5767.5698,3039851911.0,17532558078355.889,2025-03-24
5775.96,5786.9502,5760.4199,5776.6499,2675650367.0,15456295424965.514,2025-03-25
5771.6602,5783.6201,5694.4102,5712.2002,2865457257.0,16368065516526.852,2025-03-26
5695.6401,5732.2798,5670.9399,5693.3101,2824605380.0,16081354338468.338,2025-03-27
5679.2002,5685.8901,5572.4199,5580.9399,2837703209.0,15837051063466.14,2025-03-28
5527.9102,5627.5601,5488.73,5611.8501,3675243524.0,20624915737683.75,2025-03-31
5597.5298,5650.5698,5558.52,5633.0698,2781333289.0,15667444554000.572,2025-04-01
5580.7598,5695.3101,5571.48,5670.9702,2742941301.0,15555138378320.23,2025-04-02
5492.7402,5499.5298,5390.8301,5396.52,4996896429.0,26965851517027.082,2025-04-03
5292.1401,5292.1401,5069.8999,5074.0801,6052894256.0,30712870291773.906,2025-04-04
4953.79,5246.5698,4835.04,5062.25,6239428293.0,31585545876239.25,2025-04-07
5193.5698,5267.4702,4910.4199,4982.77,5074219157.0,25283666988924.89,2025-04-08
4965.2798,5481.3398,4948.4302,5456.8999,6666213104.0,36376857620596.29,2025-04-09
5353.1499,5353.1499,5115.27,5268.0498,4796067908.0,25265924583525.816,2025-04-10
5255.5601,5381.46,5220.77,5363.3599,3746060666.0,20091471558991.695,2025-04-11
5441.96,5459.46,5358.02,5405.9702,3281232715.0,17738246276555.094,2025-04-14
5411.9902,5450.4102,5386.4399,5396.6299,2806100917.0,15143488111099.617,2025-04-15
5335.75,5367.2402,5220.79,5275.7002,3336999562.0,17605009256643.312,2025-04-16
5305.4502,5328.3101,5255.5801,5282.7002,3140856780.0,16592204739877.357,2025-04-17
5232.9399,5232.9399,5101.6299,5158.2002,2953934584.0,15236985961975.717,2025-04-21
5207.6699,5309.6099,5207.6699,5287.7598,3049425683.0,16124630539654.943,2025-04-22
5395.9199,5469.6899,5356.1699,5375.8599,3535896370.0,19008483506038.562,2025-04-23
5381.3799,5489.3999,5371.96,5484.77,3138911463.0,17216207424918.512,2025-04-24
5489.73,5528.1099,5455.8599,5525.21,2943164032.0,16261599341246.72,2025-04-25
5529.2202,5553.6602,5468.6401,5528.75,2767087321.0,15298534025978.75,2025-04-28
5508.8701,5571.9502,5505.7002,5560.8301,2812450680.0,15639560396109.469,2025-04-29
5499.4399,5581.8398,5433.2402,5569.0601,3742261213.0,20840877605095.9,2025-04-30
5625.1401,5658.9102,5597.3501,5604.1401,3224921079.0,18072909538159.168,2025-05-01
5645.8799,5700.7002,5642.2798,5686.6699,3010089578.0,17117385799516.303,2025-05-02
5655.3198,5683.3799,5634.48,5650.3799,2693789287.0,15220932842100.13,2025-05-05
5605.8701,5649.5801,5586.04,5606.9102,2767164782.0,15515244441276.576,2025-05-06
5614.1802,5654.73,5578.6401,5631.2798,3197894396.0,18008238114728.0,2025-05-07
5663.6001,5720.1001,5635.3799,5663.9399,3208687019.0,18173810433526.16,2025-05-08
5679.6499,5691.6899,5644.1499,5659.9102,2429494619.0,13750721374923.215,2025-05-09
5807.2002,5845.3701,5786.0801,5844.1899,3756162007.0,21951724064073.13,2025-05-12
5854.1499,5906.6401,5845.02,5886.5498,3512934287.0,20679062624552.992,2025-05-13
5896.7402,5906.5498,5872.1099,5892.5801,3445232926.0,20301310979612.37,2025-05-14
5869.8198,5924.21,5865.1602,5916.9302,3138351580.0,18569407241919.715,2025-05-15
5929.0898,5958.6201,5907.3599,5958.3799,2931804148.0,17468802906179.824,2025-05-16
5902.8799,5968.6099,5895.6899,5963.6001,2576639838.0,15366049595560.783,2025-05-19
5944.6602,5953.0601,5909.2598,5940.46,2543562609.0,15109931936260.14,2025-05-20
5910.1802,5938.3701,5830.9102,5844.6099,3112417919.0,18190868582324.8,2025-05-21
5841.2598,5878.0801,5825.8198,5842.0098,2780782105.0,16245356309074.629,2025-05-22
5781.8901,5829.5098,5767.4102,5802.8198,2550252052.0,14798653102336.23,2025-05-23
5854.0698,5924.3301,5854.0698,5921.54,2882838064.0,17070840909498.56,2025-05-27
5925.54,5939.9199,5881.8799,5888.5498,2613506833.0,15389765138760.783,2025-05-28
5939.96,5943.1299,5873.7998,5912.1699,2851903524.0,16860938172296.727,2025-05-29
5903.6699,5922.1401,5843.6602,5911.6899,4812538509.0,28450235297016.36,2025-05-30
5896.6802,5937.3999,5861.4302,5935.9399,2747394993.0,16308371560008.922,2025-06-02
5938.5601,5981.3501,5929.0,5970.3701,2959610307.0,17669968884564.62,2025-06-03
5978.9399,5990.48,5966.1099,5970.8101,2680331774.0,16003752027550.117,2025-06-04
5985.6699,5999.7002,5921.2002,5939.2998,3128216678.0,18579416690002.062,2025-06-05
5987.0601,6016.8701,5978.6299,6000.3599,2557851418.0,15348029078725.34,2025-06-06
6004.6299,6021.3101,5994.1802,6005.8799,2882903740.0,17314373625700.826,2025-06-09
6009.9102,6043.0098,6000.2798,6038.8101,2976909395.0,17976990521310.887,2025-06-10
6049.3799,6059.3999,6002.3198,6022.2402,2978585361.0,17937756500145.71,2025-06-11
6009.8999,6045.4302,6003.8799,6045.2598,2614508550.0,15805383434071.29,2025-06-12
6000.5601,6026.1602,5963.21,5976.9702,3001801788.0,17941679833182.72,2025-06-13
6004.0,6050.8301,6004.0,6033.1099,2870307250.0,17316879086016.775,2025-06-16
6012.1499,6023.25,5974.7998,5982.7202,2830518423.0,16934199745754.244,2025-06-17
5987.9302,6018.25,5971.8901,5980.8701,2941500424.0,17592731935038.92,2025-06-18
5999.6699,6018.2002,5952.5601,5967.8398,5166023140.0,30829998502612.97,2025-06-20
5969.6699,6028.77,5943.23,6025.1699,3240747265.0,19526052874585.324,2025-06-23
6061.21,6101.7598,6059.25,6092.1802,3266927469.0,19902710841477.914,2025-06-24
6104.23,6108.5098,6080.0898,6092.1602,2877946880.0,17532913440050.176,2025-06-25
6112.0898,6146.52,6107.27,6141.02,3030187464.0,18608441820173.28,2025-06-26
6150.7002,6187.6802,6132.3501,6173.0698,4593035679.0,28353129840357.395,2025-06-27
6193.3599,6215.0801,6174.9702,6204.9502,3341748573.0,20735383476386.066,2025-06-30
6187.25,6210.7798,6177.9702,6198.0098,3552404111.0,22017835493538.29,2025-07-01
6193.8799,6227.6001,6188.29,6227.4199,3137017015.0,19535522185849.598,2025-07-02
6246.46,6284.6499,6246.46,6279.3501,1819948745.0,11428095333910.623,2025-07-03
6259.04,6262.0698,6201.0,6229.98,2745690910.0,17105599455481.799,2025-07-07
6234.0298,6242.7002,6217.75,6225.52,3004891870.0,18707014434522.402,2025-07-08
6243.3301,6269.1602,6231.4302,6263.2598,2811985741.0,17612197249778.51,2025-07-09
6266.7998,6290.2202,6251.4399,6280.46,2828822051.0,17766303738423.46,2025-07-10
6255.6802,6269.4399,6237.6001,6259.75,2619070458.0,16394726299465.5,2025-07-11
6255.1499,6273.3101,6239.2202,6268.5601,2714541025.0,17016263559128.102,2025-07-14
6295.29,6302.04,6241.6802,6243.7598,3107475666.0,19402331642849.027,2025-07-15
6254.5,6268.1201,6201.5898,6263.7002,2965044588.0,18572150378864.52,2025-07-16
6263.3999,6304.6899,6262.27,6297.3599,3032165934.0,19094640162917.65,2025-07-17
6312.9502,6315.6099,6285.27,6296.79,3045580686.0,19177382007797.94,2025-07-18
6304.7402,6336.0801,6303.79,6305.6001,2664791496.0,16803109523656.748,2025-07-21
6306.6001,6316.1201,6281.71,6309.6201,2984046932.0,18828202501490.535,2025-07-22
6326.8999,6360.6401,6317.4902,6358.9102,3236476715.0,20580464795075.992,2025-07-23
6368.6001,6381.3101,6360.5698,6363.3501,3364122614.0,21407089972209.16,2025-07-24
6370.0098,6395.8198,6368.5298,6388.6401,2992173391.0,19115918911895.58,2025-07-25
6397.6899,6401.0698,6375.79,6389.77,2850714198.0,18215408060954.46,2025-07-28
6405.6201,6409.2598,6363.9199,6370.8599,3249723768.0,20703534839628.105,2025-07-29
6381.23,6396.54,6336.3799,6362.8999,3318616891.0,21116027083882.21,2025-07-30
6427.02,6427.02,6327.6401,6339.3901,4064512298.0,25766529023269.45,2025-07-31
6287.2798,6287.2798,6212.6899,6238.0098,3612531795.0,22535008740021.59,2025-08-01
6271.71,6330.6899,6271.71,6329.9399,3001426566.0,18998849777043.383,2025-08-04
6336.6299,6346.0,6289.3701,6299.1899,3161668228.0,19915948568968.5,2025-08-05
6309.2998,6352.8301,6301.1099,6345.0601,3273682928.0,20771714926503.973,2025-08-06
6374.3198,6389.71,6310.3198,6340.0,3147667079.0,19956209280860.0,2025-08-07
6355.2202,6395.1602,6355.2202,6389.4502,2816498530.0,17995877095808.207,2025-08-08
6389.6699,6407.25,6364.0601,6373.4502,2882117019.0,18369029291168.953,2025-08-11
6395.1699,6446.5498,6385.7598,6445.7598,2870584140.0,18503095852129.57,2025-08-12
6462.6699,6480.2798,6445.02,6466.5801,3088354173.0,19971089636873.758,2025-08-13
6453.46,6473.9199,6441.0698,6468.54,2766449273.0,17894887780371.418,2025-08-14
6477.3799,6481.3398,6441.8501,6449.7998,3147834712.0,20302903695890.656,2025-08-15
6445.02,6455.3501,6437.7002,6449.1499,2572650774.0,16591410481877.023,2025-08-18
6446.2402,6456.48,6400.2202,6411.3701,2900381286.0,18595417855659.95,2025-08-19
6406.6201,6408.3999,6343.8599,6395.7798,3031684438.0,19389986088534.754,2025-08-20
6380.8301,6393.6499,6352.71,6370.1699,2422545066.0,15432023660826.713,2025-08-21
6384.5898,6478.8901,6384.5898,6466.9102,3043140065.0,19679713526377.164,2025-08-22
6457.6699,6466.8901,6438.0601,6439.3198,2483635965.0,15992926245416.607,2025-08-25
6435.4902,6468.3701,6429.21,6465.9399,3237985819.0,20936621702706.277,2025-08-26
6462.2598,6487.0601,6457.8398,6481.3999,2910864343.0,18866475861633.766,2025-08-27
6483.8398,6508.23,6466.96,6501.8599,2615361149.0,17004711778701.025,2025-08-28
6489.2798,6491.7598,6444.5698,6460.2598,2531991994.0,16357326092760.041,2025-08-29
6401.5098,6416.54,6360.5801,6415.54,2867489542.0,18396493856282.68,2025-09-02
6445.8198,6453.6699,6416.1699,6448.2598,2768763199.0,17853704431831.1,2025-09-03
6456.6001,6502.54,6445.98,6502.0801,2722880446.0,17704386762615.727,2025-09-04
6529.0801,6532.6499,6443.98,6481.5,3160633711.0,20485647397846.5,2025-09-05
6498.0898,6508.6699,6483.29,6495.1499,2993595979.0,19443854623642.254,2025-09-08
6503.3301,6518.23,6483.0801,6512.6099,2652338286.0,17273644579552.633,2025-09-09
6550.29,6555.9702,6516.3398,6532.04,3160981102.0,20647654997508.08,2025-09-10
6554.4102,6592.8901,6545.7998,6587.4702,3242830560.0,21362049677649.312,2025-09-11
6590.6602,6600.21,6579.4902,6584.29,2978174116.0,19609162050237.64,2025-09-12
6603.4902,6619.6201,6602.0698,6615.2798,2902053619.0,19197896684287.598,2025-09-15
6624.1299,6626.9902,6600.1099,6606.7598,2888764313.0,19085371934803.016,2025-09-16
6604.8701,6624.3901,6551.1499,6600.3501,3024891495.0,19965342881512.4,2025-09-17
6626.8501,6656.7998,6611.8901,6631.96,3438422037.0,22803477412502.52,2025-09-18
6647.1099,6671.8198,6630.3101,6664.3599,5972430543.0,39802426616304.43,2025-09-19
6654.2798,6698.8799,6648.0698,6693.75,3275038698.0,21922290284737.5,2025-09-22
6692.4399,6699.52,6645.5801,6656.9199,3104178812.0,20664269706761.16,2025-09-23
6669.79,6672.6602,6621.7598,6637.9702,2973054973.0,19735050313735.805,2025-09-24
6608.1899,6619.0,6569.2202,6604.7202,3297853440.0,21781399231807.49,2025-09-25
6615.3799,6648.9702,6604.4302,6643.7002,2909115970.0,19327294351712.195,2025-09-26
6661.5801,6677.3101,6644.4902,6661.21,3188290296.0,21237871202618.16,2025-09-29
6656.1899,6691.25,6641.0,6688.46,3519970488.0,23543181810168.48,2025-09-30
6664.9199,6718.48,6656.2002,6711.2002,3495588292.0,23459592844388.06,2025-10-01
6731.3101,6731.9399,6693.23,6715.3501,3026789924.0,20325954018812.39,2025-10-02
6722.1401,6750.8701,6705.6699,6715.79,2900595175.0,19479788070313.25,2025-10-03
6733.8599,6749.52,6717.7798,6740.2798,3240662990.0,21842975290104.6,2025-10-06
6746.1401,6754.4902,6699.96,6714.5898,3033658138.0,20369769990101.793,2025-10-07
6723.8701,6755.6401,6718.0898,6753.7202,2876408422.0,19426457663111.523,2025-10-08
6760.5,6764.5801,6716.1699,6735.1099,2800767651.0,18863477933849.848,2025-10-09
6740.4902,6762.3999,6550.7798,6552.5098,3530624627.0,23134452468538.844,2025-10-10
6622.5298,6668.6802,6620.71,6654.7202,2695690912.0,17939068765042.82,2025-10-13
6602.4902,6680.7002,6555.0698,6644.3101,2971654773.0,19744595821957.105,2025-10-14
6688.27,6724.1201,6612.1099,6671.0601,2936923107.0,19592390555875.73,2025-10-15
6689.02,6709.3398,6593.9902,6629.0698,3301839541.0,21888124785688.96,2025-10-16
6613.27,6678.8799,6603.7598,6664.0098,3130834811.0,20863913862685.15,2025-10-17
6690.0498,6744.3501,6690.0498,6735.1299,2653125000.0,17869141515937.5,2025-10-20
6736.75,6752.1602,6722.0298,6735.3501,3124255568.0,21042955052354.355,2025-10-21
6741.3398,6741.75,6655.6899,6699.3999,3407489963.0,22828137917373.203,2025-10-22
6703.6499,6749.5298,6700.1401,6738.4399,3317281117.0,22353299438309.37,2025-10-23
6772.0698,6807.1099,6772.0698,6791.6899,3027308723.0,20560542078181.0,2025-10-24
6845.46,6877.2798,6843.9399,6875.1602,3270474398.0,22485035416248.56,2025-10-27
6897.7402,6911.2998,6870.73,6890.8901,3370215922.0,23223787531772.17,2025-10-28
6910.9502,6920.3398,6851.9102,6890.5898,3970463970.0,27358838532949.504,2025-10-29
6860.5,6880.75,6820.6899,6822.3398,3911030954.0,26682382136506.168,2025-10-30
6879.1699,6879.1699,6814.2598,6840.2002,3777566754.0,25839312866224.152,2025-10-31
6882.3198,6882.3198,6820.6201,6851.9702,3696845759.0,25330676974664.383,2025-11-03
6788.52,6820.21,6766.71,6771.5498,3766080803.0,25502203708338.49,2025-11-04
6769.77,6829.7798,6763.1099,6796.29,3497780397.0,23771929934327.13,2025-11-05
6787.5898,6796.6802,6707.5098,6720.3198,3602126821.0,24207444197277.355,2025-11-06
6696.1802,6730.1099,6631.4399,6728.7998,3552268846.0,23902505900511.03,2025-11-07
6785.3599,6841.3198,6770.5601,6832.4302,3147459093.0,21504794560277.81,2025-11-10
6815.6401,6855.1299,6806.8701,6846.6099,2798112864.0,19157587235979.754,2025-11-11
6867.77,6869.9102,6829.6201,6850.9199,2948317943.0,20198690067225.766,2025-11-12
6826.4702,6828.0498,6724.7202,6737.4902,3371885452.0,22718045188372.57,2025-11-13
6672.1401,6774.3101,6646.8701,6734.1099,3114116339.0,20970801668211.656,2025-11-14
6713.6099,6754.5,6638.8999,6672.4102,3196879298.0,21330890036144.04,2025-11-17
6641.1899,6666.6299,6574.3198,6617.3198,3291906077.0,21783595263072.426,2025-11-18
6625.8398,6689.75,6603.5,6642.1602,3101765442.0,20602422968587.81,2025-11-19
6737.9302,6770.3501,6534.0498,6538.7598,3725506076.0,24360189364404.543,2025-11-20
6555.77,6660.0498,6521.9199,6602.9902,4020556228.0,26547693372032.965,2025-11-21
6636.54,6715.75,6630.7002,6705.1201,4453666392.0,29862368043693.68,2025-11-24
6697.0298,6776.3999,6659.98,6765.8799,3295356681.0,22295987531308.613,2025-11-25
6793.5498,6831.4399,6783.8701,6812.6099,2724579024.0,18561494032234.74,2025-11-26
6822.52,6850.8599,6819.75,6849.0898,1460964531.0,10006277267433.883,2025-11-28
6812.2998,6843.6499,6799.9399,6812.6299,2786724935.0,18984925615256.555,2025-12-01
6830.96,6851.5498,6806.71,6829.3701,2996900655.0,20466943725927.414,2025-12-02
6815.29,6862.4199,6810.4302,6849.7202,2967644778.0,20327536382291.113,2025-12-03
6866.4702,6866.4702,6827.1201,6857.1201,2961946147.0,20310420459711.254,2025-12-04
6866.3198,6895.7798,6858.29,6870.3999,3146162668.0,21615395679610.934,2025-12-05
6875.2002,6878.27,6827.1899,6846.5098,3191290438.0,21849201258413.293,2025-12-08
6840.6099,6864.9199,6837.4302,6840.5098,2757882544.0,18865322569480.93,2025-12-09
6833.4902,6900.6699,6824.6899,6886.6802,3514933517.0,24206223055840.26,2025-12-10
6861.2998,6903.46,6833.4502,6901.0,3110588589.0,21466171852689.0,2025-12-11
6886.8501,6899.8501,6801.79,6827.4102,3163284987.0,21597044185750.668,2025-12-12
6860.1899,6861.5898,6801.4902,6816.5098,3281026151.0,22365146912347.777,2025-12-15
6800.1201,6819.27,6759.7402,6800.2598,3218286691.0,21885185609682.32,2025-12-16
6802.8799,6812.2598,6720.4302,6721.4302,3443631007.0,23146125448106.21,2025-12-17
6778.0601,6816.1299,6758.5,6774.7598,3311865878.0,22437095813266.105,2025-12-18
6792.6201,6840.02,6792.6201,6834.5,6820161930.0,46612396710585.0,2025-12-19
6865.21,6882.0298,6855.7402,6878.4902,2609671147.0,17950597409862.26,2025-12-22
6872.4102,6910.8799,6868.8101,6909.79,2232658694.0,15427202717214.26,2025-12-23
6904.9102,6937.3198,6904.9102,6932.0498,1048844574.0,7270642819427.785,2025-12-24
6936.02,6945.77,6921.6001,6929.9399,1439287607.0,9974176615324.82,2025-12-26
6903.6001,6920.21,6888.7598,6905.7402,1932051863.0,13342248218803.992,2025-12-29
6900.4399,6913.25,6893.4702,6896.2402,1709094551.0,11786326548207.15,2025-12-30
6898.8198,6901.4199,6844.5498,6845.5,1711313425.0,11714796050837.5,2025-12-31
6878.1099,6894.8701,6824.3101,6858.4702,2633650179.0,18062811269896.164,2026-01-02
6892.1899,6920.3799,6891.5601,6902.0498,3473387045.0,23973490359264.84,2026-01-05
6908.0298,6948.6899,6904.02,6944.8198,3321270692.0,23065626462961.3,2026-01-06
6945.0698,6965.6899,6919.1899,6920.9302,3236959017.0,22402767416917.613,2026-01-07
6914.1099,6931.2798,6899.3301,6921.46,3184872055.0,22043964533800.3,2026-01-08
6927.8301,6978.3599,6917.6401,6966.2798,2965821560.0,20660742823832.49,2026-01-09
6944.1201,6986.3301,6934.0698,6977.27,3030692220.0,21145957905839.402,2026-01-12
6977.4102,6985.8301,6938.77,6963.7402,3224138595.0,22452063544373.02,2026-01-13
6937.4102,6941.2998,6885.7402,6926.6001,3368124418.0,23329650930531.242,2026-01-14
6969.46,6979.3398,6937.9302,6944.4702,3127477579.0,21718674848533.645,2026-01-15
6960.54,6967.2998,6925.0898,6940.0098,3990934078.0,27697121612473.965,2026-01-16
6865.2402,6871.1699,6789.0498,6796.8599,3891978612.0,26453233359560.46,2026-01-20
6810.71,6910.3901,6804.96,6875.6201,3815060468.0,26230906436496.207,2026-01-21
6914.4399,6934.75,6893.6201,6913.3501,3309135655.0,22877213311407.812,2026-01-22
6907.8501,6932.96,6895.5,6915.6099,3228233542.0,22325203842567.266,2026-01-23
6923.23,6964.6602,6921.6001,6950.23,2988481117.0,20770631113806.91,2026-01-26
6965.96,6988.8198,6958.8301,6978.6001,3227767584.0,22525299184479.156,2026-01-27
7002.0,7002.2798,6963.46,6978.0298,3337820014.0,23291407524728.418,2026-01-28
6977.7402,6992.8398,6870.7998,6969.0098,4116060486.0,28684865864326.76,2026-01-29
6947.27,6964.0898,6893.48,6939.0298,4261589883.0,29571299193515.516,2026-01-30
6916.6401,6991.9199,6914.3398,6976.4399,3598308215.0,25103381003623.78,2026-02-02
6985.4502,6993.0801,6862.0498,6917.8101,4509153173.0,31193465362626.445,2026-02-03
6924.5,6936.0898,6838.7998,6882.7202,5124778011.0,35272413136825.52,2026-02-04
6837.3901,6857.8501,6780.1299,6798.3999,4330553016.0,29440831190919.1,2026-02-05
6816.7402,6944.8901,6816.7402,6932.2998,3842633801.0,26638289530145.54,2026-02-06
6917.2598,6980.1001,6905.8701,6964.8198,3363942486.0,23429253232554.023,2026-02-09
6974.4902,6986.8301,6937.5298,6941.8101,3494760616.0,24259964541231.02,2026-02-10
6976.48,6993.48,6911.9702,6941.4702,3743710728.0,25986856455832.305,2026-02-11
6957.54,6973.2202,6824.04,6832.7598,4529538927.0,30949251492940.734,2026-02-12
6834.27,6881.96,6794.5498,6836.1699,3419160612.0,23373962859019.977,2026-02-13
6819.8599,6866.9902,6775.5,6843.2202,3297532611.0,22565741773753.94,2026-02-17
6855.48,6909.1201,6849.6602,6881.3101,3039483897.0,20915631239213.457,2026-02-18
6861.3398,6879.1201,6833.0601,6861.8901,2928310082.0,20093741961405.99,2026-02-19
6843.2598,6915.8599,6836.3301,6909.5098,3339510807.0,23074382648172.406,2026-02-20
6901.25,6916.96,6819.8198,6837.75,3261707166.0,22302738174316.5,2026-02-23
6837.3701,6899.1699,6815.4302,6890.0698,3167064220.0,21821293536882.56,2026-02-24
6915.1499,6952.5098,6915.1499,6946.1299,3302178966.0,22937364050883.684,2026-02-25
6944.7402,6947.25,6859.73,6908.8599,3452201112.0,23850773829432.21,2026-02-26
6856.54,6882.96,6831.7402,6878.8799,4585000092.0,31539664974356.95,2026-02-27
6824.3599,6901.0098,6796.8501,6881.6201,3458583834.0,23800660029589.465,2026-03-02
6800.2598,6840.0498,6710.4199,6816.6299,3509315001.0,23921701564335.13,2026-03-03
6831.6899,6885.9399,6811.6401,6869.5,3193784051.0,21939699538344.5,2026-03-04
6851.0801,6870.4302,6770.7798,6830.71,3703063165.0,25294550591797.15,2026-03-05
6769.0298,6773.4199,6711.5601,6740.02,3407767395.0,22968420397647.902,2026-03-06
6699.7998,6810.4399,6636.04,6795.9902,3701318518.0,25154124375406.523,2026-03-09
6796.5601,6845.0801,6759.7402,6781.48,3146682858.0,21339166867869.84,2026-03-10
6790.0898,6811.1499,6745.5898,6775.7998,2979127057.0,20185968516995.188,2026-03-11
6725.48,6740.8799,6670.3999,6672.6201,3496195599.0,23328785027418.94,2026-03-12
6673.4902,6733.2998,6623.9199,6632.1899,2964237203.0,19659384038940.85,2026-03-13
6674.3701,6729.79,6674.3701,6699.3799,3025489352.0,20268902552452.824,2026-03-16
6722.3501,6754.2998,6710.7998,6716.0898,2900989570.0,19483306460983.387,2026-03-17
6697.1602,6705.1802,6621.6602,6624.7002,3009753418.0,19938714070175.285,2026-03-18
6583.1201,6636.7402,6557.8198,6606.4902,3244958242.0,21437784825182.23,2026-03-19
6594.6602,6594.6602,6473.52,6506.48,7040255867.0,45807283993518.16,2026-03-20
6574.96,6651.6201,6565.5498,6581.0,3486098260.0,22942012649060.0,2026-03-23
6552.0898,6595.75,6525.1099,6556.3701,3088358984.0,20248424500763.98,2026-03-24
6598.3501,6633.9399,6568.4102,6591.8999,2919894001.0,19247648973202.5,2026-03-25
6555.8599,6573.2202,6473.79,6477.1602,3002944635.0,19450553472625.527,2026-03-26
6453.8901,6453.8901,6356.0801,6368.8501,3141142335.0,20005464674378.98,2026-03-27
6403.3701,6427.3101,6316.9102,6343.7202,3264973385.0,20712077614886.875,2026-03-30
6395.8799,6539.0498,6395.8799,6528.52,3868268393.0,25254067569068.363,2026-03-31
6556.5601,6609.6699,6554.29,6575.3198,3352118456.0,22041250855682.23,2026-04-01
6512.6099,6601.9102,6474.9399,6582.6899,2716142439.0,17879523400166.668,2026-04-02
6587.6602,6618.1299,6579.7202,6611.8301,2316755811.0,15317995805519.71,2026-04-06
6601.9302,6618.2598,6534.5498,6616.8501,2731118503.0,18071401739687.4,2026-04-07
6754.3599,6793.5,6740.2798,6782.8101,3502192139.0,23754704212549.805,2026-04-08
6783.6899,6835.3101,6761.5498,6824.6602,2977422971.0,20319900048749.453,2026-04-09
6839.2402,6845.77,6808.46,6816.8901,2781393842.0,18960456145730.76,2026-04-10
6806.4702,6887.0,6790.02,6886.2402,2885789475.0,19872239491481.895,2026-04-13
6910.2002,6969.4199,6905.1699,6967.3799,3024825368.0,21075107470013.305,2026-04-14
6978.1699,7026.2402,6967.1299,7022.9502,3062289004.0,21506303173099.6,2026-04-15
7037.7798,7051.23,7008.52,7041.2798,2986124846.0,21026140558417.91,2026-04-16
7074.5498,7147.52,7074.5498,7126.0601,3621555103.0,25807419319439.688,2026-04-17
7117.0498,7122.6499,7084.4102,7109.1401,2630327000.0,18699363151812.7,2026-04-20
7122.6401,7137.27,7050.2002,7064.0098,2981757129.0,21063161580475.863,2026-04-21
7102.9102,7138.6401,7102.9102,7137.8999,2804123196.0,20015550680316.082,2026-04-22
7118.7998,7147.7798,7046.5498,7108.3999,3238398913.0,23019834509329.31,2026-04-23
7136.48,7168.5898,7112.8198,7165.0801,3179035878.0,22778046706643.83,2026-04-24
7152.7202,7178.7402,7146.7202,7173.9102,3008576531.0,21583257863221.516,2026-04-27
7133.7402,7152.52,7115.1699,7138.7998,3031611522.0,21642067726931.297,2026-04-28
7131.6099,7145.6299,7107.8599,7135.9502,3261127760.0,23271245291197.55,2026-04-29
7161.75,7219.8301,7126.1499,7209.0098,3941277275.0,28412706499992.293,2026-04-30
7234.54,7272.52,7229.3198,7230.1201,2918281878.0,21099528463593.547,2026-05-01
7228.3799,7244.54,7174.1201,7200.75,2940319641.0,21172506654930.75,2026-05-04
7233.6201,7273.2598,7233.6201,7259.2202,3197863227.0,23213993334275.586,2026-05-05
7294.1401,7369.2202,7294.1401,7365.1201,3841722278.0,28294745968315.59,2026-05-06
7376.7798,7385.02,7321.25,7337.1099,3549269684.0,26041381736246.273,2026-05-07
7362.9702,7401.5,7362.9702,7398.9302,3311720011.0,24503185203332.23,2026-05-08
7385.3101,7428.9702,7384.2002,7412.8398,3378815021.0,25046614464506.637,2026-05-11
7390.6299,7409.5698,7338.54,7400.96,3217693808.0,23814023165255.68,2026-05-12
7409.1201,7460.04,7375.1299,7444.25,3261277804.0,24277767292427.0,2026-05-13
7454.3999,7517.1201,7454.3999,7501.2402,3015467792.0,22619748223155.64,2026-05-14
7445.1099,7454.8501,7397.5,7408.5,3336613703.0,24719302618675.5,2026-05-15
7418.3901,7434.0601,7353.1699,7403.0498,3110807324.0,23029461537776.734,2026-05-18
7375.75,7395.3198,7333.6802,7353.6099,3169689355.0,23308659020852.617,2026-05-19
7369.1899,7435.6899,7357.46,7432.9702,3155066525.0,23451515459342.555,2026-05-20
7410.7798,7465.96,7389.48,7445.7202,2962758208.0,22059868637021.402,2026-05-21
7468.8198,7506.3198,7463.29,7473.4702,2693030895.0,20126286141461.83,2026-05-22
7511.79,7539.0898,7501.1001,7519.1201,3046247598.0,22905101543698.52,2026-05-26
7526.0098,7530.7202,7499.7202,7520.3599,3115850865.0,23432319899526.316,2026-05-27
7519.8198,7568.7202,7508.04,7563.6299,3182449031.0,24070866646097.625,2026-05-28
7579.3301,7599.3799,7563.5498,7580.0601,5528975932.0,41909969856013.51,2026-05-29
7582.29,7617.6602,7562.6099,7599.96,3660418485.0,27819034069260.6,2026-06-01
7595.3999,7620.8999,7582.9902,7609.7798,3409552610.0,25945944578615.277,2026-06-02
7605.3101,7605.3501,7551.2202,7553.6802,3413910073.0,25787584923000.652,2026-06-03
7516.54,7598.1899,7516.54,7584.3101,3221698611.0,24434361314563.27,2026-06-04
7537.3599,7541.8101,7368.6299,7383.7402,3567472861.0,26341292776174.71,2026-06-05
7440.5698,7466.8101,7395.1299,7405.73,2950131438.0,21847876894339.74,2026-06-08
7438.6602,7483.1499,7237.8501,7386.6499,3426321507.0,25309037417049.402,2026-06-09
7350.54,7396.5601,7265.9302,7266.9902,3253456342.0,23642835353441.848,2026-06-10
7287.6699,7412.6802,7257.3301,7394.2998,3527515621.0,26083508050857.176,2026-06-11
7410.8501,7456.3999,7363.0098,7431.46,2962242365.0,22013785645802.9,2026-06-12
7516.75,7577.9199,7516.75,7554.29,3393215062.0,25633330610715.98,2026-06-15
7548.7798,7564.96,7508.6802,7511.3501,3044165799.0,22865795078735.23,2026-06-16
7524.5,7532.1699,7402.6099,7420.1001,3339473039.0,24779224230631.203,2026-06-17
7487.3599,7511.0698,7468.3198,7500.5801,6324161903.0,47434882918819.93,2026-06-18
7500.4399,7530.0098,7460.0098,7472.79,3673570320.0,27451819551592.8,2026-06-22
7366.5098,7424.1699,7347.6001,7365.46,3568083740.0,26280578063620.4,2026-06-23
7370.8799,7428.0601,7336.8198,7358.2202,3600977098.0,26496782422240.98,2026-06-24
7404.9102,7419.0801,7323.5,7357.4902,3563880082.0,26221212777290.195,2026-06-25
7312.7402,7392.9502,7294.1802,7354.02,5860380568.0,43097355904683.36,2026-06-26
7391.8799,7444.3198,7348.8799,7440.4302,3659177979.0,27225858342126.566,2026-06-29
7441.27,7508.29,7438.04,7499.3599,3763756922.0,28225767734194.23,2026-06-30
7478.8398,7521.8101,7449.6299,7483.23,3687282528.0,27592783232005.438,2026-07-01
7495.1401,7540.75,7427.5498,7483.2402,3414978865.0,25555107124718.375,2026-07-02
7506.96,7551.3101,7500.9702,7537.4302,3007566426.0,22669322007838.465,2026-07-06
7516.6299,7536.0601,7478.6299,7503.8501,2991356711.0,22446692354973.02,2026-07-07
7476.54,7488.5098,7421.8198,7482.71,2874621087.0,21509955953905.77,2026-07-08
7491.6001,7546.8901,7481.73,7543.6401,2781342171.0,20981444332976.656,2026-07-09
7547.6401,7579.9302,7508.1602,7575.3901,2353229265.0,17826629677111.277,2026-07-10
7547.5298,7565.3701,7506.4102,7515.3398,2713007595.0,20389173956405.78,2026-07-13
7536.7002,7557.4399,7513.23,7543.5898,2804670827.0,21157286242914.766,2026-07-14
7571.7202,7581.5,7526.9502,7572.3999,3094327633.0,23431486258696.438,2026-07-15
7558.7998,7570.7402,7504.02,7533.77,3158339169.0,23794200881237.133,2026-07-16
7447.52,7498.4702,7431.2598,7457.6899,3397503316.0,25337526164949.71,2026-07-17
7489.1802,7513.23,7440.5298,7443.2798,2726531038.0,20294333399218.434,2026-07-20
7489.9502,7515.3101,7467.8599,7509.2002,2834863295.0,21287556021786.66,2026-07-21
7497.4702,7525.9399,7485.8501,7498.96,2989299701.0,22416638885810.96,2026-07-22
7418.29,7450.1201,7376.0,7408.2998,3325092926.0,24633285258667.215,2026-07-23
7406.2998,7460.98,7396.5298,7411.98,3022195086.0,22400449533530.277,2026-07-24
7464.2002,7480.5698,7382.7402,7413.1802,3099757881.0,22979063748223.156,2026-07-27
7395.5498,7452.0898,7382.9502,7428.7798,3656681036.0,27164678215279.875,2026-07-28
7418.1602,7450.8398,7313.9199,7316.1499,3652905207.0,26725202064902.53,2026-07-29
7390.4502,7448.75,7370.98,7437.6299,3580758239.0,26632354543057.746,2026-07-30
7462.1299,7512.04,7399.8301,7489.7202,3472292764.0,26006501254844.633,2026-07-31
7504.7798,7610.04,7504.7798,7600.5,3188486610.0,24234092479305.0,2026-08-03
7630.6201,7758.21,7629.1001,7736.52,3703215945.0,28650004222811.402,2026-08-04
7771.6201,7793.6802,7720.1699,7723.5498,3159366216.0,24401522305713.555,2026-08-05
7713.79,7742.8501,7698.1499,7709.96,3047791526.0,23498350753798.96,2026-08-06
7735.1802,7763.0801,7719.1899,7757.6401,2719843577.0,21099567598662.637,2026-08-07
7751.7402,7773.7598,7743.1099,7753.1099,2686909762.0,20831906676168.844,2026-08-10
7767.5098,7767.5098,7717.25,7728.2002,2502546862.0,19340183159417.773,2026-08-11
7765.46,7766.0098,7737.9502,7748.5,2674503179.0,20723387882481.5,2026-08-12
7763.1802,7816.7002,7763.1802,7798.9902,2684931044.0,20939750899831.77,2026-08-13
7806.6001,7810.0098,7776.3101,7785.7598,2210210197.0,17208165701352.68,2026-08-14
7790.6802,7790.6802,7744.8799,7745.0601,2506498160.0,19412978889739.414,2026-08-17
7700.04,7713.9502,7688.6299,7691.7598,2650043157.0,20383495423277.688,2026-08-18
7716.7402,7743.9302,7700.0698,7707.98,2981221252.0,22979193785990.957,2026-08-19
7690.4902,7699.96,7639.0098,7641.1602,2706581450.0,20681422453798.29,2026-08-20
7665.6802,7697.1099,7660.0601,7674.3701,2737363184.0,21007538172130.4,2026-08-21
7663.3799,7670.2998,7638.1699,7652.8599,2488280636.0,19042463099190.9,2026-08-24
7676.6602,7686.1099,7650.9199,7677.2798,2340001489.0,17964846163469.62,2026-08-25
7666.8799,7690.73,7657.4102,7675.7002,2379282051.0,18262655714717.11,2026-08-26
7710.3398,7741.27,7689.8901,7730.9902,2856239856.0,22081562335585.41,2026-08-27
7735.1699,7771.48,7700.9102,7711.7598,2589484205.0,19969480194853.957,2026-08-28
7697.52,7697.52,7665.0601,7686.1401,3435918653.0,26408952139161.285,2026-08-31
7635.4702,7663.6299,7611.2002,7631.4702,2742281693.0,20927641020135.047,2026-09-01
7634.5801,7681.1899,7633.6201,7666.6001,2720039036.0,20853451545401.504,2026-09-02
7686.71,7756.7598,7686.71,7747.71,2695072923.0,20880643436256.332,2026-09-03
7750.1899,7750.1899,7706.1201,7718.6001,2531375980.0,19538678892365.598,2026-09-04
7717.8101,7717.8101,7666.9902,7673.52,2922644458.0,22426970701352.16,2026-09-08
7660.6802,7660.6802,7624.1602,7636.3599,2739714485.0,20921445830703.152,2026-09-09
7594.7402,7612.8599,7580.0601,7591.7002,2763396035.0,20978874231588.707,2026-09-10
7636.75,7677.02,7636.75,7656.98,2659812237.0,20366129102464.258,2026-09-11
7611.4399,7647.9902,7592.2798,7619.98,2897149020.0,22076217589419.598,2026-09-14
7612.2998,7617.2598,7572.6899,7585.73,2810532191.0,21319938357234.43,2026-09-15
7601.25,7626.79,7507.77,7551.8101,2901247002.0,21909666412298.32,2026-09-16
7631.4399,7646.8599,7611.8101,7637.7598,2887250501.0,22052125809067.66,2026-09-17
7657.1699,7657.1699,7610.52,7650.5,5982564476.0,45769609523638.0,2026-09-18
7692.8301,7779.2202,7691.1899,7764.7002,3278075312.0,25453272030701.465,2026-09-21
