open,high,low,close,volume,amount,timestamps
100.0,100.52914052541882,99.47085947458118,100.0,35276.15865642617,3527615.8656426165,2021-01-01
100.0,100.96847045832742,99.3367113558423,100.30518181416971,15415.742356683664,1546278.839887552,2021-01-04
100.30518181416971,100.54738329809535,99.02140082412524,99.26360230805088,48250.07674507925,4789476.42935648,2021-01-05
99.26360230805088,100.26561852154593,99.0437495376712,100.04576575116626,27582.547990290757,2759517.1350569306,2021-01-06
100.04576575116626,101.10783884842121,99.99067700007231,101.05275009732726,12606.32857525869,1273904.171160412,2021-01-07
101.05275009732726,101.40530388000066,98.56281924971194,98.91537303238533,11017.586996925616,1089808.7277176555,2021-01-08
98.91537303238533,99.323341721003,96.91866851099864,97.32663719961631,5895.843916626411,573822.6618590635,2021-01-11
97.32663719961631,97.94196060744983,96.87373836991515,97.48906177774866,27794.308327415354,2709641.0416011894,2021-01-12
97.48906177774866,98.03476444987982,96.55013169720912,97.09583436934028,16586.260687324906,1610456.8205031992,2021-01-13
97.09583436934028,98.48925208002971,95.68189319466269,97.07531090535213,3301.8677676819852,320529.8401160897,2021-01-14
97.07531090535213,97.25176010662514,95.8816593792599,96.05810858053292,14348.89337923435,1378327.558232983,2021-01-15
96.05810858053292,97.65740329050858,95.5200858499486,97.11938055992427,10712.566564360961,1040397.8289376926,2021-01-18
97.11938055992427,98.3836070397783,96.815848175292,98.08007465514603,77694.68063657824,7620300.077143323,2021-01-19
98.08007465514603,98.2786422347011,97.96394475193112,98.16251233148618,5640.777053726477,553712.8470955896,2021-01-20
98.16251233148618,99.99655557702854,97.71922737665328,99.55327062219564,6952.936450661246,692187.5640916075,2021-01-21
99.55327062219564,101.86575641404167,97.84228269312568,100.15476848497171,53528.8325821596,5361167.834537005,2021-01-22
100.15476848497171,101.02438104210275,98.19465982797058,99.06427238510162,65212.76597888746,6460255.211918395,2021-01-25
99.06427238510162,100.69544975384676,97.90441070252999,99.53558807127513,12136.99674623003,1208063.1085551588,2021-01-26
99.53558807127513,100.93872474451628,96.92908306739201,98.33221974063316,13284.209347609401,1306265.7926497008,2021-01-27
98.33221974063316,100.22105427520819,97.5648580394632,99.45369257403823,36061.76050967556,3586475.243407865,2021-01-28
99.45369257403823,100.31288393632076,98.52972940351071,99.38892076579324,3423.162678221658,340224.444194193,2021-01-29
99.38892076579324,99.41707164201044,99.12626771777035,99.15441859398754,4969.35361056304,492733.36804331106,2021-02-01
99.15441859398754,99.95031739384847,97.5150550019785,98.31095380183942,17595.760640615048,1729856.0114477302,2021-02-02
98.31095380183942,100.08840770821763,98.05349920683447,99.83095311321269,76108.28843030751,7597962.973812897,2021-02-03
99.83095311321269,100.3401010553727,99.12052236439952,99.62967030655953,15543.781428171404,1548621.81900594,2021-02-04
99.62967030655953,100.20098721760479,98.51360076534868,99.08491767639394,23878.874463778062,2366036.3104483946,2021-02-05
99.08491767639394,99.41167018485578,98.31798256338745,98.64473507184928,54558.64286600678,5381922.871396879,2021-02-08
98.64473507184928,99.75277469350736,98.19360034895485,99.30163997061292,118836.96451411131,11800705.465380786,2021-02-09
99.30163997061292,100.10845828280016,98.9453680956952,99.75218640788243,13884.400482809297,1384999.3051228859,2021-02-10
99.75218640788243,100.60049806805216,99.40895393353472,100.25726559370445,21731.772105139906,2178768.047766869,2021-02-11
100.25726559370445,101.12766943506293,99.91157447332286,100.78197831468134,94621.89505784685,9536181.775813974,2021-02-12
100.78197831468134,103.74978705461938,100.44064462097106,103.40845336090909,6517.46372395144,673960.8435296494,2021-02-15
103.40845336090909,104.21003829954454,102.02491911047021,102.82650404910565,50114.45941161341,5153094.663607007,2021-02-16
102.82650404910565,103.65121851266088,101.2857634055291,102.11047786908432,9753.169363670966,995900.7844625554,2021-02-17
102.11047786908432,102.1693121783468,100.93862615412577,100.99746046338825,23908.226738292367,2414670.184750405,2021-02-18
100.99746046338825,102.06742021423074,100.77228625933522,101.8422460101777,18140.544904953244,1847473.836968924,2021-02-19
101.8422460101777,103.94700437238654,101.29235225541699,103.39711061762583,10235.227437978996,1058292.9436012732,2021-02-22
103.39711061762583,103.41604980631908,103.21569315214364,103.2346323408369,10031.83141366336,1035632.427694795,2021-02-23
103.2346323408369,103.62705541468421,101.67989947027462,102.07232254412193,27477.739727393964,2804716.7122379895,2021-02-24
102.07232254412193,102.49521346043862,100.51508547716486,100.93797639348155,48846.180326484275,4930434.596706413,2021-02-25
100.93797639348155,102.91173400667039,99.86221570283028,101.83597331601912,19854.997893063854,2021953.0356276664,2021-02-26
101.83597331601912,103.75397335709964,100.9472888843669,102.86528892544742,23297.248139701634,2396478.161058251,2021-03-01
102.86528892544742,104.32515822890801,102.16374332784345,103.62361263130404,34784.920505064045,3604539.1278274613,2021-03-02
103.62361263130404,104.7799855714461,101.54894667813416,102.70531961827622,10124.413674328129,1039831.1423695168,2021-03-03
102.70531961827622,103.38758796843645,102.34107773363324,103.02334608379347,39805.24660100479,4100869.69652606,2021-03-04
103.02334608379347,103.88398967211378,102.31973412337021,103.18037771169053,42424.21037396077,4377346.050505492,2021-03-05
103.18037771169053,103.51430327017178,103.13540030707259,103.46932586555384,176822.38603234553,18295693.080705516,2021-03-08
103.46932586555384,104.87898145065995,103.19853210574881,104.60818769085492,16303.199364291482,1705448.13906123,2021-03-09
104.60818769085492,106.11132052237772,103.402817889645,104.9059507211678,15268.307573910175,1601736.321944254,2021-03-10
104.9059507211678,105.91294021824275,104.79256264757798,105.79955214465294,40748.43435761929,4311166.105631909,2021-03-11
105.79955214465294,106.92092057919353,104.76759030771962,105.88895874226021,42416.1020785068,4491396.882998505,2021-03-12
105.88895874226021,106.89627484044021,105.25809583228279,106.26541193046279,14356.10085170118,1525556.9707212935,2021-03-15
106.26541193046279,108.06410312557118,105.28210445502452,107.08079565013291,15954.079738050137,1708375.5522160728,2021-03-16
107.08079565013291,107.58840505994854,104.70037974148151,105.20798915129714,33958.84640345895,3572741.944005675,2021-03-17
105.20798915129714,105.4123393782087,104.5700873315723,104.77443755848385,11360.896511331464,1190331.5421348955,2021-03-18
104.77443755848385,105.25455464708719,103.66980155278374,104.14991864138707,15860.274608747854,1651846.310131146,2021-03-19
104.14991864138707,104.55833581703341,102.90781365362659,103.31623082927293,23663.148796244186,2444787.343180196,2021-03-22
103.31623082927293,103.81675316816018,102.45946860695393,102.95999094584118,48861.78845756249,5030809.297188241,2021-03-23
102.95999094584118,104.90520619372732,102.93501058428167,104.88022583216781,13579.561453796428,1424227.4719759703,2021-03-24
104.88022583216781,106.07271497127653,102.49390109266442,103.68639023177313,5044.694774563742,523066.1909956029,2021-03-25
103.68639023177313,105.37160488405989,103.34867189131172,105.03388654359848,4753.906718237587,499321.29888221726,2021-03-26
105.03388654359848,105.7285787274887,101.97262493233356,102.66731711622377,8042.293210053523,825680.6673382182,2021-03-29
102.66731711622377,102.74054921468056,102.08933179125579,102.16256388971257,7703.775600864104,787037.4670152878,2021-03-30
102.16256388971257,102.9880342037302,101.5765266845412,102.40199699855881,19463.795797254053,1993131.5588109712,2021-03-31
102.40199699855881,103.57092397574205,102.07830629830868,103.24723327549191,8509.137602469104,878544.9150153875,2021-04-01
103.24723327549191,104.30659468424099,103.21139707367998,104.27075848242906,12554.017742148379,1309016.951975683,2021-04-02
104.27075848242906,105.50417149007134,104.18663954080675,105.42005254844904,11857.68301318139,1250037.5663524335,2021-04-05
105.42005254844904,106.02685684448369,104.30582072098917,104.91262501702383,15484.483102515309,1624517.7693166304,2021-04-06
104.91262501702383,105.38098399675543,103.7880707876552,104.2564297673868,63449.74569772953,6615043.9560938915,2021-04-07
104.2564297673868,105.91830517948497,103.79783352102672,105.45970893312489,37404.94042278138,3944714.1296474016,2021-04-08
105.45970893312489,105.8803194904588,104.76762075347716,105.18823131081108,22312.526634420574,2347015.212750064,2021-04-09
105.18823131081108,106.23647685032748,102.38517207212418,103.43341761164058,15232.38413309932,1575537.5492597898,2021-04-12
103.43341761164058,104.44838885726094,100.8187370996225,101.83370834524285,15574.868096598884,1586046.5752646786,2021-04-13
101.83370834524285,102.10000058595934,100.25287280622366,100.51916504694015,28629.62145290352,2877825.6440558275,2021-04-14
100.51916504694015,101.50329107782777,100.24997988236886,101.23410591325649,35148.43098974162,3558219.985500289,2021-04-15
101.23410591325649,101.8804637828432,100.79027905742197,101.43663692700868,10656.294134587495,1080938.6391175638,2021-04-16
101.43663692700868,102.41674743772964,101.42026083093482,102.40037134165578,22678.771835270054,2322314.657504338,2021-04-19
102.40037134165578,102.81666740363188,101.38921779313031,101.80551385510641,4335.986133277787,441427.29636696103,2021-04-20
101.80551385510641,103.1312820862316,100.69655902262544,102.02232725375062,26091.660660626116,2661931.9425122086,2021-04-21
102.02232725375062,103.1094709159954,101.7767045482375,102.86384821048229,40526.82556929633,4168745.23381279,2021-04-22
102.86384821048229,103.00971377519313,102.30322811728723,102.44909368199808,17605.120892297782,1803628.679577917,2021-04-23
102.44909368199808,103.84123924654875,101.659502682409,103.05164824695967,94204.34614420349,9707913.14218729,2021-04-26
103.05164824695967,104.45931074308032,100.7818400611734,102.18950255729405,10883.566195784391,1112186.215596588,2021-04-27
102.18950255729405,103.48780003337835,100.42207506993863,101.72037254602293,26211.468742749144,2666240.365490878,2021-04-28
101.72037254602293,102.22393904529815,100.73256267291613,101.23612917219135,21404.15203820419,2166873.500560862,2021-04-29
101.23612917219135,101.27336798132428,99.71507409546422,99.75231290459715,20328.149229316077,2027779.9026940826,2021-04-30
99.75231290459715,100.53887560993479,99.59102337271953,100.37758607805718,20101.35019348238,2017725.009331449,2021-05-03
100.37758607805718,101.21805821091648,98.94046268844173,99.78093482130103,23996.998140008087,2394442.907315029,2021-05-04
99.78093482130103,99.81118124069269,99.76636126747871,99.79660768687037,43406.609224414904,4331832.351786223,2021-05-05
99.79660768687037,101.63107666645747,98.55583076715267,100.39029974673977,66316.16676243141,6657499.859335271,2021-05-06
100.39029974673977,101.44963585909352,99.88114927039838,100.94048538275213,21986.84951714923,2219363.2622985723,2021-05-07
100.94048538275213,101.86349518920449,100.83571727796453,101.75872708441689,42287.75561383931,4303148.182521192,2021-05-10
101.75872708441689,102.02990429151423,101.36581991098078,101.63699711807811,12563.944496492059,1276961.5905816567,2021-05-11
101.63699711807811,101.87561753216298,100.88509380314828,101.12371421723314,40650.41655101868,4110721.106116697,2021-05-12
101.12371421723314,102.39996254520284,99.7518539508427,101.0281022788124,11972.968717244656,1209606.3081468144,2021-05-13
101.0281022788124,101.17734402656346,98.90462061033735,99.05386235808841,52708.28584708336,5220959.291427774,2021-05-14
99.05386235808841,99.58069682287034,96.70676009293774,97.23359455771967,129121.96501615673,12554992.794877047,2021-05-17
97.23359455771967,98.2579061430736,94.47392784311833,95.49823942847226,19976.920069069587,1907760.69579946,2021-05-18
95.49823942847226,95.94162298801149,93.70830040029044,94.15168395982967,3812.2132590799624,358926.2979563689,2021-05-19
94.15168395982967,95.48851257674555,93.36009207950488,94.69692069642076,14207.73272406446,1345428.5390466743,2021-05-20
94.69692069642076,95.33578618783135,92.85185570599704,93.49072119740762,59012.236956905625,5517096.592573418,2021-05-21
93.49072119740762,93.52619616390663,92.95221150902096,92.98768647551996,34284.93862653576,3188077.1238367516,2021-05-24
92.98768647551996,96.07230702397052,91.60776808914879,94.69238863759935,26879.814106705748,2545313.803898606,2021-05-25
94.69238863759935,95.114016324951,93.78041876091689,94.20204644826853,49361.926370061105,4649994.480688508,2021-05-26
94.20204644826853,95.70944069953428,93.69044090949112,95.19783516075687,32453.47328556627,3089500.400233364,2021-05-27
95.19783516075687,95.365386998417,93.77604462119305,93.94359645885318,58347.987674266624,5481419.808257443,2021-05-28
93.94359645885318,95.6098536286942,92.00095325808957,93.66721042793058,45960.56114537668,4304997.552189768,2021-05-31
93.66721042793058,94.31160428727068,91.78583503479837,92.43022889413847,74411.09694529395,6877834.722917447,2021-06-01
92.43022889413847,93.23292149987812,91.18501381641228,91.98770642215193,29349.67838061031,2699809.5984601607,2021-06-02
91.98770642215193,94.85756823455905,90.19568321608341,93.06554502849053,45442.70229718696,4229149.856855143,2021-06-03
93.06554502849053,93.28532889881456,90.6344647571187,90.85424862744273,17228.122239250457,1565248.1013088364,2021-06-04
90.85424862744273,92.27528783059549,90.03468005467062,91.45571925782338,13613.692282762755,1245050.0194747471,2021-06-07
91.45571925782338,92.3286120976028,90.90670228368023,91.77959512345966,86285.26426146188,7919226.619037694,2021-06-08
91.77959512345966,92.22470132203273,90.54765402579864,90.99276022437171,26185.569119997086,2382697.212274607,2021-06-09
90.99276022437171,91.25046472542137,88.87078649830083,89.12849099935049,41936.18985001565,3737709.3195941737,2021-06-10
89.12849099935049,89.60728726732306,88.74697355316493,89.2257698211375,24318.48431415262,2169835.4838135247,2021-06-11
89.2257698211375,90.42024405628453,87.33973319459272,88.53420742973975,13777.436258635145,1219774.3995720216,2021-06-14
88.53420742973975,88.96302690788151,88.40383459740664,88.8326540755484,22220.84995063807,1973937.0769296985,2021-06-15
88.8326540755484,89.09585087748161,88.59685757715407,88.86005437908727,69480.0690533667,6174002.714344903,2021-06-16
88.86005437908727,91.76790974197665,87.93209515191789,90.83995051480727,34344.324535818785,3119836.7412982597,2021-06-17
90.83995051480727,91.63760782962254,89.72095537404125,90.51861268885652,5601.677986103382,507056.12003178586,2021-06-18
90.51861268885652,91.00807209322559,88.70194040469771,89.19139980906678,18542.198893167482,1653804.6748197365,2021-06-21
89.19139980906678,89.79367157600639,88.82384032948052,89.42611209642013,91659.42035321883,8196745.599199839,2021-06-22
89.42611209642013,89.72177436600793,89.41186050096937,89.70752277055718,18563.684603270383,1665302.1592533195,2021-06-23
89.70752277055718,92.41956901579633,88.71152963271764,91.4235758779568,5216.683043439064,476927.81805310183,2021-06-24
91.4235758779568,92.7011106050132,91.26884511847318,92.54637984552959,100151.47895041364,9268656.813036542,2021-06-25
92.54637984552959,93.68965336015118,91.88774400835143,93.03101752297303,38021.76385744703,3537203.3796764975,2021-06-28
93.03101752297303,95.19973394803523,92.83181054711986,95.00052697218206,20826.671188226086,1978544.7379578392,2021-06-29
95.00052697218206,96.12366927012548,92.18155865629603,93.30470095423945,16364.437449686793,1526878.942527383,2021-06-30
93.30470095423945,93.3937690830535,92.29056012442473,92.37962825323878,52359.12684194867,4836916.673323395,2021-07-01
92.37962825323878,92.89899808544298,90.5538973494254,91.0732671816296,14277.116358449972,1300263.632696329,2021-07-02
91.0732671816296,92.38700928419335,89.21249808952827,90.52624019209202,55193.75763857697,4996483.361093933,2021-07-05
90.52624019209202,91.24549808545096,87.94508289751909,88.66434079087803,33987.776647095496,3013503.811362321,2021-07-06
88.66434079087803,90.17877296683783,88.04417245213287,89.55860462809267,26788.97069040858,2399182.8344558645,2021-07-07
89.55860462809267,89.74638780816242,89.06128636164834,89.2490695417181,24745.819490826638,2208541.3646035898,2021-07-08
89.2490695417181,89.5213907693807,87.01046432556589,87.28278555322849,19149.37909084665,1671411.1486638458,2021-07-09
87.28278555322849,88.5607190251235,84.59753637376507,85.87546984566008,50843.73031157331,4366229.2292123865,2021-07-12
85.87546984566008,86.63923464895774,85.54835249438835,86.31211729768602,11022.850709414532,951405.5833858686,2021-07-13
86.31211729768602,87.91060732698564,85.85944159436717,87.4579316236668,6017.69694924995,526295.3283194504,2021-07-14
87.4579316236668,92.16584067559852,85.53659741876831,90.24450647070003,36010.00510157518,3249705.1383990427,2021-07-15
90.24450647070003,95.18030178350676,90.06547234106056,95.00126765386729,36497.19409309083,3467279.7046528663,2021-07-16
95.00126765386729,96.74241438036489,94.14523442200594,95.88638114850355,32344.294677461115,3101377.367422551,2021-07-19
95.88638114850355,96.32049265403836,93.42233812981289,93.8564496353477,30521.37984942654,2864628.350639018,2021-07-20
93.8564496353477,94.28179326415997,89.20287169334955,89.62821532216182,17044.241731826147,1527644.9679430902,2021-07-21
89.62821532216182,90.80056283947748,89.04588613484484,90.21823365216049,41356.55296657753,3731115.158586643,2021-07-22
90.21823365216049,91.29366808115395,87.43283060576316,88.50826503475662,21238.13145582348,1879750.167735026,2021-07-23
88.50826503475662,90.8564230125064,85.31153249031902,87.6596904680688,14917.78122663913,1307688.084797554,2021-07-26
87.6596904680688,87.97615842219207,86.14972857018945,86.46619652431272,17162.58409850618,1483983.3695264799,2021-07-27
86.46619652431272,87.15512919200955,85.51194479142782,86.20087745912465,110914.15015481619,9560897.065978263,2021-07-28
86.20087745912465,88.9954788940532,85.35449710353852,88.14909853846707,5497.337342017593,484585.3310607035,2021-07-29
88.14909853846707,88.54368568246709,88.04721775168142,88.44180489568143,32854.05589572389,2905672.001561424,2021-07-30
88.44180489568143,88.66802975520686,87.9312968182821,88.15752167780754,5748.600184048003,506782.3453422602,2021-08-02
88.15752167780754,88.63193704235495,85.9176525383008,86.39206790284821,20199.504014326212,1745076.9224095251,2021-08-03
86.39206790284821,87.45312011382926,82.5343422058471,83.59539441682814,15569.949351629184,1301576.0570994793,2021-08-04
83.59539441682814,83.90284643870126,82.43556826548586,82.74302028735897,4154.624635004372,343766.19046052813,2021-08-05
82.74302028735897,84.3595504366318,81.03554294045075,82.65207308972359,30068.400209236297,2485215.6117848586,2021-08-06
82.65207308972359,85.96706507813067,82.25997548966605,85.57496747807313,16251.97226011262,1390761.997613684,2021-08-09
85.57496747807313,86.15702856591756,85.23087802750494,85.81293911534937,4107.767308530178,352499.58594692266,2021-08-10
85.81293911534937,88.01258853293399,85.35819640571748,87.5578458233021,43116.217120558904,3775163.091125915,2021-08-11
87.5578458233021,87.92226835851285,86.30202238378946,86.66644491900021,69425.18260299622,6016833.764054104,2021-08-12
86.66644491900021,86.88044512577734,84.43172970515302,84.64572991193015,72554.94920513764,6141466.634191892,2021-08-13
84.64572991193015,84.96372377976428,82.68708483507497,83.0050787029091,29353.443757245157,2436484.9092715504,2021-08-16
83.0050787029091,83.76462514870542,81.03434741396622,81.79389385976253,22853.20184153101,1869252.365781917,2021-08-17
81.79389385976253,86.81094394813252,80.32034920075446,85.33739928912445,63737.30441242638,5439175.796255704,2021-08-18
85.33739928912445,86.15369557603042,82.95089514438241,83.76719143128838,84618.38749647651,7088244.664024287,2021-08-19
83.76719143128838,85.71031213241528,83.40572715227059,85.34884785339749,54549.01652905839,4655695.712291069,2021-08-20
85.34884785339749,85.69644621933533,83.31931773351535,83.66691609945319,10371.012337622995,867710.619118297,2021-08-23
83.66691609945319,86.44335480482947,82.61382637914502,85.3902650845213,25876.12175742546,2209568.8962259092,2021-08-24
85.3902650845213,87.35507518553358,84.14438638361534,86.10919648462762,31307.49846577463,2695863.5368315657,2021-08-25
86.10919648462762,87.23369027808137,84.70142730286571,85.82592109631946,5178.684911158147,444465.4025677593,2021-08-26
85.82592109631946,86.65818597906758,84.92291935624617,85.75518423899429,32063.9789420417,2749652.421610019,2021-08-27
85.75518423899429,87.00244621450956,83.42271104707638,84.66997302259165,135726.00464150636,11491917.151460491,2021-08-30
84.66997302259165,86.0679582550962,83.99509056916958,85.39307580167413,36752.03703544104,3138369.4844333516,2021-08-31
85.39307580167413,85.71047544139869,84.35926359196013,84.67666323168469,71591.41654839009,6062122.269347286,2021-09-01
84.67666323168469,85.8738248339366,81.6311421432603,82.82830374551222,25497.400482898174,2111906.43191846,2021-09-02
82.82830374551222,82.8464472303554,80.87893080813828,80.89707429298146,20773.33227257265,1680501.804167099,2021-09-03
80.89707429298146,81.44405491992536,80.61589997584866,81.16288060279257,29882.165566274027,2425322.636008378,2021-09-06
81.16288060279257,83.97226034846179,80.73708846354366,83.54646820921288,11468.262099653315,958132.7949236066,2021-09-07
83.54646820921288,83.95192666866531,83.40178250043205,83.80724095988448,10188.142776785133,853840.1366277382,2021-09-08
83.80724095988448,84.03577515849717,83.39230432513727,83.62083852374997,60660.23442059355,5072459.667297273,2021-09-09
83.62083852374997,85.17509637727255,82.50018796479559,84.05444581831817,66030.62141816063,5550167.2903426625,2021-09-10
84.05444581831817,86.92292091425753,83.13099778760831,85.99947288354767,9967.797716473282,857225.3494265324,2021-09-13
85.99947288354767,88.58350553631107,83.75781571921138,86.34184837197478,47781.74986767235,4125564.6020221915,2021-09-14
86.34184837197478,86.5800367069562,85.48476245824689,85.7229507932283,20546.2150301982,1761282.1800207682,2021-09-15
85.7229507932283,87.47558108870484,85.60049369592859,87.35312399140513,28907.225483809045,2525136.4519346775,2021-09-16
87.35312399140513,89.3374460382312,86.01922425623766,88.00354630306374,31830.330755903462,2801181.986518984,2021-09-17
88.00354630306374,90.38181893425538,87.9318983734734,90.31017100466504,48799.74539438514,4407113.351551037,2021-09-20
90.31017100466504,91.61661749420593,89.29976144167105,90.60620793121194,23533.366907830365,2132269.1353723803,2021-09-21
90.60620793121194,91.438121800777,87.87934737480268,88.71126124436773,68058.95516360358,6037595.751537147,2021-09-22
88.71126124436773,88.96929143811174,86.32874350024373,86.58677369398774,28212.777913738915,2442853.416495647,2021-09-23
86.58677369398774,90.01431783693799,85.83364210058987,89.26118624354012,36291.81156103339,3239450.1508648642,2021-09-24
89.26118624354012,92.96263388311715,88.64880323154715,92.35025087112417,11309.40463080596,1044426.3548579839,2021-09-27
92.35025087112417,93.79703041637798,90.55120005364104,91.99797959889484,123862.48144499182,11395098.041044848,2021-09-28
91.99797959889484,92.50489123973722,90.772228593768,91.27914023461038,32075.890064094543,2927859.6673104316,2021-09-29
91.27914023461038,94.38917594592202,90.84916559632929,93.95920130764092,38964.17605475995,3661042.861715552,2021-09-30
93.95920130764092,95.74049640553068,90.04584007920742,91.82713517709718,6084.205019966556,558695.1168136422,2021-10-01
91.82713517709718,93.58546938353449,88.36332532623325,90.12165953267056,11405.356375529698,1027869.644124261,2021-10-04
90.12165953267056,91.90941692240563,89.54879875319503,91.33655614293009,59296.58236369372,5415945.62414539,2021-10-05
91.33655614293009,91.50483475615843,90.43763599994077,90.6059146131691,27709.00957299296,2510600.1553860856,2021-10-06
90.6059146131691,91.11946045147101,90.08322808516729,90.5967739234692,4764.634996151918,431660.55957422487,2021-10-07
90.5967739234692,91.80339183723528,89.10995147962039,90.31656939338647,50545.63867038128,4565108.68250653,2021-10-08
90.31656939338647,91.85758311249793,89.33451788008789,90.87553159919935,14256.578902397487,1295574.1865413017,2021-10-11
90.87553159919935,93.43668700859632,90.60822016287243,93.1693755722694,68121.87018702547,6346872.108140359,2021-10-12
93.1693755722694,93.50170200343322,92.99326581560861,93.32559224677243,20531.826165261213,1916144.8367807812,2021-10-13
93.32559224677243,94.8174032725439,92.91171617389959,94.40352719967106,25945.8083813367,2449375.827244973,2021-10-14
94.40352719967106,94.86666037512269,90.61048883562091,91.07362201107254,56566.0161717913,5151671.975501938,2021-10-15
91.07362201107254,91.69715177410585,90.36259184838809,90.9861216114214,10742.956648319489,977459.960070225,2021-10-18
90.9861216114214,91.20363429364882,89.32363590197625,89.54114858420367,9953.928274863438,891286.1706560531,2021-10-19
89.54114858420367,90.07836198157466,86.9714401302712,87.5086535276422,18822.36865624834,1647120.1373091883,2021-10-20
87.5086535276422,87.51594664416051,86.03252389621238,86.0398170127307,42690.77952416781,3673106.858390229,2021-10-21
86.0398170127307,86.46026210303255,85.07014595874323,85.49059104904508,7595.400896548682,649335.3119003937,2021-10-22
85.49059104904508,87.29272165143274,85.15289190316714,86.95502250555481,5799.7629214599265,504318.5153624302,2021-10-25
86.95502250555481,88.70581403620376,83.09547758963024,84.84626912027919,42573.051646716405,3612164.597288845,2021-10-26
84.84626912027919,86.1702546315622,83.57205573528601,84.89604124656903,13597.175277211023,1154346.3531709358,2021-10-27
84.89604124656903,85.87407935522516,83.1635549194865,84.14159302814264,16094.279699375591,1354198.3325459587,2021-10-28
84.14159302814264,85.16868201177601,82.62098928985026,83.64807827348363,4986.8098637856965,417137.0618209262,2021-10-29
83.64807827348363,85.75169251021308,83.01693806759138,85.12055230432082,12795.087005330117,1089124.8726755378,2021-11-01
85.12055230432082,87.60469390419343,83.44264913385184,85.92679073372445,21893.52396460269,1881240.2521301964,2021-11-02
85.92679073372445,88.66717017993109,85.17731079881972,87.91769024502636,46365.09935399525,4076312.443184426,2021-11-03
87.91769024502636,88.67444685407415,86.91980667098609,87.67656328003388,11884.80374720622,1042018.7478127099,2021-11-04
87.67656328003388,87.69741090813771,86.61398336140007,86.63483098950391,82942.33582115473,7185695.245740416,2021-11-05
86.63483098950391,86.79361174880712,86.14817123956094,86.30695199886415,12738.130561664224,1099389.2229408186,2021-11-08
86.30695199886415,86.80003890192336,86.15804659427653,86.65113349733574,12753.060471106737,1105067.1453814653,2021-11-09
86.65113349733574,87.16543470421281,86.38087590325028,86.89517711012736,75349.00820940953,6547465.413429081,2021-11-10
86.89517711012736,87.82060749583573,84.52527950129762,85.45070988700598,26086.367057668616,2229098.583450791,2021-11-11
85.45070988700598,85.69451104763165,85.32865332293834,85.572454483564,14162.88680375608,1211952.9863702864,2021-11-12
85.572454483564,86.46833724840702,84.97517342803287,85.8710561928759,19455.663614303085,1670678.3834935112,2021-11-15
85.8710561928759,89.68865373882969,85.32525114767527,89.14284869362906,65020.56360723003,5796118.263613791,2021-11-16
89.14284869362906,92.9486407102522,88.3828011291491,92.18859314577224,71179.6509794319,6561951.884400916,2021-11-17
92.18859314577224,92.77358875240476,90.06580442176646,90.65080002839898,11459.397979783944,1038803.5947112335,2021-11-18
90.65080002839898,91.30790427784437,89.485653502801,90.1427577522464,21291.28156987828,1919254.8367884061,2021-11-19
90.1427577522464,90.36710509086903,87.46094048302487,87.6852878216475,23673.82916004151,2075846.5237387514,2021-11-22
87.6852878216475,88.48248931308167,85.8683162863176,86.66551777775176,10006.677624646894,867233.8975750662,2021-11-23
86.66551777775176,87.92795528765922,85.93359547655722,87.19603298646467,21066.764972666722,1836938.333474746,2021-11-24
87.19603298646467,90.54742017785964,85.83264696945135,89.18403416084631,22120.460824679063,1972791.9338418401,2021-11-25
89.18403416084631,89.38315959189407,87.75092609603237,87.95005152708013,54839.5859306701,4823144.408326174,2021-11-26
87.95005152708013,88.01827139821629,86.8056836935502,86.87390356468634,57869.16830302849,5027320.546525901,2021-11-29
86.87390356468634,87.21306394009301,83.15780719634414,83.4969675717508,16926.44517798081,1413306.8441308816,2021-11-30
83.4969675717508,86.08397526924891,80.62471412771096,83.21172182520907,18561.363812385585,1544523.0422527315,2021-12-01
83.21172182520907,84.23925369556432,80.4148238856453,81.44235575600055,37475.16933767988,3052066.073215688,2021-12-02
81.44235575600055,82.36249224469917,79.64824305771354,80.56837954641216,13792.072379984125,1111204.922242149,2021-12-03
80.56837954641216,81.09005084322135,78.65816071843977,79.17983201524896,35274.37721369348,2793019.2622227753,2021-12-06
79.17983201524896,79.46048968162789,78.75230416736646,79.03296183374539,20530.663131591118,1622599.1157005245,2021-12-07
79.03296183374539,80.04067667497291,75.43496658555662,76.44268142678415,10142.412194003906,775313.1842453714,2021-12-08
76.44268142678415,77.53917142537617,73.07596403493402,74.17245403352604,10244.852155710296,759885.8255996921,2021-12-09
74.17245403352604,77.76931412515933,74.05215867864267,77.64901877027596,70097.81878846994,5443026.846861306,2021-12-10
77.64901877027596,77.91506918025605,74.98363816422234,75.24968857420244,19435.62141294459,1462524.4585701807,2021-12-13
75.24968857420244,77.37612596259356,71.08996992628536,73.21640731467649,81820.5141286522,5990604.089139641,2021-12-14
73.21640731467649,78.13593897026176,71.75556694027884,76.67509859586411,14604.587803150833,1119808.2097585446,2021-12-15
76.67509859586411,83.36696627343919,76.32690195870317,83.01876963627825,27804.805957465625,2308320.780564256,2021-12-16
83.01876963627825,83.83434677492798,78.91581850785396,79.73139564650369,149363.97305856278,11908998.031265987,2021-12-17
79.73139564650369,80.17727179068481,78.27029900903655,78.71617515321768,9453.030002394864,744106.3653971358,2021-12-20
78.71617515321768,80.29547625911567,78.03897294389627,79.61827404979427,4825.880094187844,384228.24387049477,2021-12-21
79.61827404979427,84.28395077404913,79.4767439390348,84.14242066328967,61652.68777894767,5187606.390118673,2021-12-22
84.14242066328967,84.69328550711718,80.79368386280733,81.34454870663484,11367.943682028517,924720.2485370506,2021-12-23
81.34454870663484,83.35859964709726,78.65427628311751,80.66832722357994,21664.60081610843,1747647.1078020716,2021-12-24
80.66832722357994,82.8877186244975,80.51464874561574,82.7340401465333,13784.022790911273,1140407.8949639832,2021-12-27
82.7340401465333,86.95754376572826,79.6635631400257,83.88706675922066,27296.949220515075,2289861.0015844046,2021-12-28
83.88706675922066,84.0022617051872,82.81131365335418,82.92650859932071,10296.620712816813,853862.8060853472,2021-12-29
82.92650859932071,85.09417267018873,80.43323919205359,82.6009032629216,19073.361023205554,1575476.8487765815,2021-12-30
82.6009032629216,82.99974083259657,79.0727258314671,79.47156340114206,31566.51738001942,2508640.487319466,2021-12-31
79.47156340114206,80.57259909424127,77.82399503332464,78.92503072642384,9831.559926920725,775956.1693208956,2022-01-03
78.92503072642384,79.71233630140539,77.5567097439253,78.34401531890684,12580.871145204352,985635.9617250828,2022-01-04
78.34401531890684,79.72368938224302,77.44940207052946,78.82907613386564,16682.136131007308,1315037.3791466858,2022-01-05
78.82907613386564,79.2842376892164,77.26642303932603,77.72158459467678,7023.013318850907,545839.7237706125,2022-01-06
77.72158459467678,79.59234367824797,76.76146388617003,78.63222296974122,15708.405241202427,1235186.8234252809,2022-01-07
78.63222296974122,80.59544069584966,78.59350816551287,80.55672589162131,24222.499991840934,1951285.2922525296,2022-01-10
80.55672589162131,82.0976451766763,79.31525405407208,80.85617333912707,16000.269530387612,1293720.5666217739,2022-01-11
80.85617333912707,82.77881382395867,79.58719919962203,81.50983968445364,17727.968375183907,1445003.8601923042,2022-01-12
81.50983968445364,82.89021094558947,80.22511448332823,81.60548574446406,21678.55199175293,1769088.7655236167,2022-01-13
81.60548574446406,83.13253155392788,80.07858573505108,81.60563154451489,13035.15516547765,1063742.0695595492,2022-01-14
81.60563154451489,81.69513604641881,80.32768058753872,80.41718508944264,38286.40122395691,3078884.613635606,2022-01-17
80.41718508944264,81.83696744378045,79.50756918670407,80.92735154104189,69479.18566348586,5622766.482974238,2022-01-18
80.92735154104189,80.93780943190562,80.76507722058895,80.77553511145268,15191.566027751584,1227106.8750725999,2022-01-19
80.77553511145268,85.74486307969083,79.0111428521615,83.98047082039965,32472.81592326566,2727082.370100021,2022-01-20
83.98047082039965,86.97930065582914,83.80638073047588,86.80521056590537,18184.162022342152,1578480.01331395,2022-01-21
86.80521056590537,87.71258941071497,86.64657405787102,87.55395290268062,29507.20872486668,2583472.762986544,2022-01-24
87.55395290268062,89.49372430927384,84.19017395594355,86.12994536253677,77081.88867077438,6639058.85965494,2022-01-25
86.12994536253677,87.42603339924273,82.83147388277366,84.12756191947962,33088.05547361308,2783617.435651561,2022-01-26
84.12756191947962,86.65679133477266,83.76731767710173,86.29654709239477,5330.862739869419,460035.04747423396,2022-01-27
86.29654709239477,88.40076447244734,84.68680632457769,86.79102370463025,31672.26022999042,2748867.8884003167,2022-01-28
86.79102370463025,88.08063613783393,86.37813429173572,87.6677467249394,59058.92744170851,5177563.092806275,2022-01-31
87.6677467249394,88.15176339867847,84.1319777961257,84.61599446986476,18448.218084185966,1561014.3193903388,2022-02-01
84.61599446986476,86.46447408869119,84.5074151406297,86.35589475945613,48849.9114557103,4218477.81267807,2022-02-02
86.35589475945613,87.53098623464173,86.04177607734151,87.2168675525271,12681.602080826618,1106049.6090373073,2022-02-03
87.2168675525271,87.91704416466118,84.4933249160423,85.19350152817637,6711.439062906954,571770.9940620261,2022-02-04
85.19350152817637,85.92262260560135,83.61066428350354,84.33978536092852,24659.9368297371,2079813.7792340831,2022-02-07
84.33978536092852,85.57244129323892,83.56891552681282,84.80157145912322,5403.588902678184,458232.8304661893,2022-02-08
84.80157145912322,86.0533685271431,83.6386088543308,84.89040592235068,18181.923944913477,1543470.9041330128,2022-02-09
84.89040592235068,85.15645879575342,84.14957241701008,84.41562529041282,61665.124693928534,5205500.059649253,2022-02-10
84.41562529041282,84.55531459909993,84.11402468576938,84.25371399445649,4779.970602695918,402730.2760614517,2022-02-11
84.25371399445649,84.71608420011579,83.41240129199178,83.87477149765108,7914.110332403368,663794.195737532,2022-02-14
83.87477149765108,84.11308678498419,83.85825921887518,84.09657450620828,9646.729296438838,811256.8890191909,2022-02-15
84.09657450620828,86.64307181849483,83.64742738630935,86.1939246985959,20938.484581110148,1804770.1632869192,2022-02-16
86.1939246985959,86.9721255609546,81.60262270944276,82.38082357180146,16439.242180696638,1354278.3097420863,2022-02-17
82.38082357180146,82.68943694725215,81.65774893251151,81.9663623079622,67461.28153233568,5529555.843838866,2022-02-18
81.9663623079622,83.19425694652348,81.03557101600474,82.26346565456602,47262.79374085572,3888001.2096397225,2022-02-21
82.26346565456602,83.00870765685424,81.99999761416535,82.74523961645357,32735.59696023813,2708714.8144625532,2022-02-22
82.74523961645357,83.64540481795518,81.26081609666535,82.16098129816696,24748.10628853826,2033328.6979376401,2022-02-23
82.16098129816696,82.68364064105972,79.01684454913551,79.53950389202828,30169.411371988805,2399660.013242506,2022-02-24
79.53950389202828,81.0103374797397,78.59266187088625,80.06349545859767,11052.524205541988,884903.7215364517,2022-02-25
80.06349545859767,83.2371346797786,79.61010181104145,82.78374103222238,43729.06586888517,3620055.6644707844,2022-02-28
82.78374103222238,83.30658191506029,79.65141442319323,80.17425530603114,9048.593375684739,725464.2354626104,2022-03-01
80.17425530603114,82.9049952655805,78.98253682588079,81.71327678543014,42971.89580743703,3511374.4161077673,2022-03-02
81.71327678543014,82.00527688195984,80.83831230442341,81.13031240095312,56892.22694292208,4615684.14506519,2022-03-03
81.13031240095312,81.3105671962446,80.84557610367882,81.02583089897031,26073.94142346233,2112662.768647116,2022-03-04
81.02583089897031,81.42514074021109,78.92242511403437,79.32173495527515,19130.315463878844,1517449.812836599,2022-03-07
79.32173495527515,81.00851726976606,77.09767255919326,78.78445487368417,30340.77895142908,2390381.730131291,2022-03-08
78.78445487368417,80.85513082159487,78.75023857767147,80.82091452558217,2232.294599733827,180416.0910410063,2022-03-09
80.82091452558217,83.43043046696464,79.1692772527179,81.77879319410037,28051.757775716516,2294038.8978713183,2022-03-10
81.77879319410037,84.73209631869368,81.66833232371893,84.62163544831223,20116.925446527755,1702327.1314769476,2022-03-11
84.62163544831223,86.83329841401078,84.55888056924013,86.77054353493868,21152.16428617012,1835384.7920512995,2022-03-14
86.77054353493868,88.1188960890396,86.25085524042017,87.59920779452108,38763.17629173134,3395623.5347550265,2022-03-15
87.59920779452108,91.7114661590258,86.74677425827386,90.85903262277859,20747.5793858052,1885104.992258563,2022-03-16
90.85903262277859,93.83941540379497,88.78554163376428,91.76592441478067,8847.007229733203,811853.7967407152,2022-03-17
91.76592441478067,95.16269482174006,90.04645509618787,93.44322550314726,19670.54982267044,1838079.6228506872,2022-03-18
93.44322550314726,93.65418038449194,92.63534633237352,92.84630121371819,23249.627450777713,2158641.9134016386,2022-03-21
92.84630121371819,93.66699689179654,92.15434144224702,92.97503712032537,24147.765508325945,2245139.394509517,2022-03-22
92.97503712032537,94.17849638860822,90.4831810234602,91.68664029174306,25072.715295114398,2298833.0284004384,2022-03-23
91.68664029174306,93.77579557848972,91.39724169030471,93.48639697705137,50589.29319428335,4729410.746349216,2022-03-24
93.48639697705137,95.22567810014716,89.60359374608761,91.3428748691834,9238.846854699274,843902.8321843444,2022-03-25
91.3428748691834,93.96586145974179,90.16366106793811,92.78664765849649,25350.668131187707,2352203.5117959897,2022-03-28
92.78664765849649,95.30061043684306,89.92341130397118,92.43737408231775,61817.62264686159,5714258.709487502,2022-03-29
92.43737408231775,94.73515543747077,92.22646075025604,94.52424210540906,5498.940973734215,519783.22792460676,2022-03-30
94.52424210540906,96.08754022692435,94.34886378415015,95.91216190566544,25430.82613768531,2439125.513912502,2022-03-31
95.91216190566544,99.71586184051422,95.50883782085478,99.31253775570356,13789.975559097516,1369517.4683631014,2022-04-01
99.31253775570356,101.97742368756164,98.17583578603595,100.84072171789403,16373.700399232377,1651135.7654511626,2022-04-04
100.84072171789403,102.04216708280501,96.43609991930163,97.6375452842126,10680.276454462459,1042795.9759704879,2022-04-05
97.6375452842126,97.81815914164748,97.31488565114338,97.49549950857826,19232.549852753935,1875087.054717878,2022-04-06
97.49549950857826,99.6151838329057,93.01957734962673,95.13926167395417,96086.53700476755,9141602.18744066,2022-04-07
95.13926167395417,95.75537436550279,93.48284365299563,94.09895634454425,8010.077465051135,753739.9297002644,2022-04-08
94.09895634454425,97.63118196351975,93.54344056325466,97.07566618223017,8641.331839570474,838863.0450280202,2022-04-11
97.07566618223017,98.75648374720859,96.74563242099653,98.42644998597495,7773.317725062165,765100.0682909237,2022-04-12
98.42644998597495,99.43392522394608,95.97342263442381,96.98089787239493,87722.5813543023,8507414.703424446,2022-04-13
96.98089787239493,98.12886122580304,93.81368467022378,94.96164802363188,15216.387264267387,1444973.2115806343,2022-04-14
94.96164802363188,97.01284579503117,92.97526220088113,95.02645997228042,21579.277360691674,2050602.3363465045,2022-04-15
95.02645997228042,95.91612176513036,91.85293755193692,92.74259934478685,15958.927142796118,1480072.3859769844,2022-04-18
92.74259934478685,93.44259819165447,90.77987245718907,91.47987130405669,10347.10135632058,946551.500446237,2022-04-19
91.47987130405669,93.60721443188477,89.92555729568573,92.05290042351382,18249.254022731617,1679896.7633579224,2022-04-20
92.05290042351382,94.97796067538084,91.2066040083209,94.13166426018792,157407.75522983455,14817053.967244625,2022-04-21
94.13166426018792,96.68379854221678,92.71234270703764,95.2644769890665,67081.04114617845,6390440.30067274,2022-04-22
95.2644769890665,95.49291092150304,90.93410464339713,91.16253857583368,11132.78620433808,1014893.0518094791,2022-04-25
91.16253857583368,92.64260509107666,90.3031819451511,91.78324846039408,36977.29233138677,3393896.009444297,2022-04-26
91.78324846039408,92.1591668079195,91.54939898876594,91.92531733629137,11325.156642998187,1041068.6182908166,2022-04-27
91.92531733629137,92.81346120885715,91.82499849596653,92.7131423685323,5318.283548003382,493074.77974226064,2022-04-28
92.7131423685323,97.05627715688226,91.40977702625636,95.75291181460632,49791.95651136954,4767724.820909881,2022-04-29
95.75291181460632,95.98342444066742,91.41364842149527,91.64416104755637,55718.87722105595,5106309.757435471,2022-05-02
91.64416104755637,93.56587225257925,88.43760382248028,90.35931502750317,50860.49649073529,4595719.62486157,2022-05-03
90.35931502750317,92.46249645757909,89.50479970911087,91.60798113918679,15125.053205688746,1385575.5887959313,2022-05-04
91.60798113918679,92.15842174470824,87.8415391854523,88.39197979097375,19275.293259152484,1703781.332228099,2022-05-05
88.39197979097375,91.99994897043275,87.95902606153894,91.56699524099794,40127.31056410244,3674337.255457214,2022-05-06
91.56699524099794,94.22250766487647,89.75802415486646,92.413536578745,30127.595654269568,2784197.6630254793,2022-05-09
92.413536578745,95.13612656200047,91.59196643390082,94.3145564171563,16076.116831038791,1516211.827829804,2022-05-10
94.3145564171563,94.9571644403548,92.40195464884779,93.0445626720463,6031.4489067769355,561193.5258098517,2022-05-11
93.0445626720463,95.20734555255125,92.64491409954378,94.80769698004873,24127.321638895286,2287455.798880557,2022-05-12
94.80769698004873,98.65915959552842,93.28801800053682,97.13948061601651,52219.31431077178,5072557.070272889,2022-05-13
97.13948061601651,98.35946268460062,96.43803599460222,97.65801806318632,8450.064629408449,825216.5642138622,2022-05-16
97.65801806318632,98.94784667033775,96.87238277650715,98.16221138365859,36717.45394573731,3604266.4756912147,2022-05-17
98.16221138365859,99.5293118430582,97.35746514059474,98.72456559999435,28716.678234287603,2835041.5841548564,2022-05-18
98.72456559999435,99.5235083269766,96.20558217061871,97.00452489760096,40139.59812978619,3893722.646160541,2022-05-19
97.00452489760096,97.1469022442308,96.57360776794229,96.71598511457213,44248.66142850293,4279552.880058832,2022-05-20
96.71598511457213,97.08332096099456,96.06240226069691,96.42973810711933,12637.549831416143,1218635.6205591287,2022-05-23
96.42973810711933,97.2517092448185,96.3025057709274,97.12447690862656,6041.650286602424,586792.1237511141,2022-05-24
97.12447690862656,99.63690327879304,96.39129217932354,98.90371854949002,14374.116162876764,1421653.539370839,2022-05-25
98.90371854949002,99.91892361025855,95.99620799430286,97.01141305507139,44860.002061200714,4351932.189610496,2022-05-26
97.01141305507139,97.8499305798507,95.949664878973,96.78818240375232,14276.882177973237,1381833.4763985544,2022-05-27
96.78818240375232,99.93200487817086,96.22743104860197,99.37125352302051,12641.81615987643,1256233.1186144985,2022-05-30
99.37125352302051,100.43774103180802,96.93203390850127,97.99852141728877,5130.301592820756,502761.97052119556,2022-05-31
97.99852141728877,98.14283214632587,96.37865209643965,96.52296282547675,89511.11116396572,8639877.65534658,2022-06-01
96.52296282547675,97.52772297115769,95.87617197657185,96.88093212225279,42640.97451851017,4131097.3579544947,2022-06-02
96.88093212225279,99.71706543143544,95.5015974459788,98.33773075516146,40778.76605221904,4010091.3165708347,2022-06-03
98.33773075516146,98.37920784320907,98.31600716710166,98.35748425514927,47771.29950687554,4698664.839095531,2022-06-06
98.35748425514927,100.78917477848486,98.1697046108451,100.60139513418069,34939.26995542773,3514939.3024857924,2022-06-07
100.60139513418069,102.43757939605997,100.29434305286536,102.13052731474464,18115.748391889076,1850170.9359648686,2022-06-08
102.13052731474464,103.66038262980676,102.11877442157721,103.64862973663934,19321.789287489024,2002676.9837083141,2022-06-09
103.64862973663934,105.98071276135356,102.32262994504454,104.65471296975876,15645.654791735944,1637391.511453056,2022-06-10
104.65471296975876,110.06613718741364,103.48225259783467,108.89367681548956,181279.00790625077,19740137.700375848,2022-06-13
108.89367681548956,108.92550667305113,108.41705738994656,108.44888724750814,34362.79182704014,3726606.536360271,2022-06-14
108.44888724750814,109.48075637275981,103.31954498677013,104.3514141120218,15198.615952300761,1585997.0671681173,2022-06-15
104.3514141120218,110.57759746522183,101.78326880042242,108.00945215362245,31965.01873572118,3452524.161725522,2022-06-16
108.00945215362245,108.43083470321389,106.46650900757683,106.88789155716827,9811.445248505262,1048724.6957413245,2022-06-17
106.88789155716827,108.54873062653154,105.48177547855202,107.14261454791529,73394.58036382275,7863687.233827054,2022-06-20
107.14261454791529,110.33442598537981,106.96410397852434,110.15591541598886,12979.736938254491,1429794.804292148,2022-06-21
110.15591541598886,110.79388396191725,105.73659876126362,106.37456730719201,32888.1715942539,3498465.022863442,2022-06-22
106.37456730719201,107.21508639664643,102.4976039797908,103.33812306924521,51677.7243387734,5340279.037658694,2022-06-23
103.33812306924521,103.4785150504454,99.35885609509091,99.4992480762911,29965.88465392325,2981582.9910062337,2022-06-24
99.4992480762911,101.47974318907615,95.55870619628298,97.53920130906803,23755.657543573358,2317107.863371882,2022-06-27
97.53920130906803,101.4475663793752,94.69269314556783,98.601058215875,22217.636021998565,2190682.422824202,2022-06-28
98.601058215875,100.95654459908397,97.4821263480903,99.83761273129927,21054.026900271772,2101983.7841036906,2022-06-29
99.83761273129927,101.61582869240175,98.69713379558729,100.47534975668977,13886.066535550206,1395207.3919040724,2022-06-30
100.47534975668977,100.96696266268863,96.8861307190078,97.37774362500666,15373.695694285989,1497055.7978870498,2022-07-01
97.37774362500666,98.85214821448444,90.85692523110448,92.33132982058227,71946.08506276003,6642877.709229364,2022-07-04
92.33132982058227,94.20750856459618,90.58935778572751,92.46553652974143,20194.603492321385,1867304.8469228868,2022-07-05
92.46553652974143,92.66843102267717,91.15471188255387,91.35760637548961,11747.115316987283,1073188.337176809,2022-07-06
91.35760637548961,93.23130503908654,90.52566782015664,92.39936648375357,14573.526706550285,1346584.6351193099,2022-07-07
92.39936648375357,94.38235502041945,91.97595977641613,93.95894831308202,53119.34983682328,4991038.2457426,2022-07-08
93.95894831308202,94.75994765652487,93.46142576521876,94.26242510866162,37815.91431125371,3564619.7906801184,2022-07-11
94.26242510866162,96.22331587131391,93.9182998118554,95.8791905745077,34484.43502723155,3306339.7178301625,2022-07-12
95.8791905745077,96.61652825797789,95.62637132497358,96.36370900844376,17925.56241294582,1727373.680173808,2022-07-13
96.36370900844376,99.07597220419312,94.73781261888541,97.45007581463477,34845.872608675585,3395732.9275425407,2022-07-14
97.45007581463477,98.50407934223801,94.99453930903418,96.04854283663742,13162.815161371835,1264269.2158777632,2022-07-15
96.04854283663742,96.10158369524498,95.64803493391751,95.70107579252507,17895.57536433707,1712625.8142932665,2022-07-18
95.70107579252507,97.12473329973885,94.64399796131613,96.0676554685299,47850.822693667644,4596916.348420976,2022-07-19
96.0676554685299,98.71111445886429,94.91221050481954,97.55566949515392,44330.23119911432,4324665.383504557,2022-07-20
97.55566949515392,98.83388610408979,95.56688386007933,96.8451004690152,10041.402987153526,972460.6811407525,2022-07-21
96.8451004690152,98.0336510983495,96.57006202786842,97.75861265720272,11109.75508318805,1086074.2438937696,2022-07-22
97.75861265720272,98.92031676787458,96.14105986517608,97.30276397584794,24027.678658420835,2337959.5453878413,2022-07-25
97.30276397584794,97.7228337304728,96.68813650349085,97.10820625811571,87632.38494299278,8509823.711934736,2022-07-26
97.10820625811571,98.60236639616271,96.94990392118117,98.44406405922817,4757.83431772428,468380.54635724315,2022-07-27
98.44406405922817,98.61417519908551,95.10749291344256,95.2776040532999,27519.946600494895,2622034.575769909,2022-07-28
95.2776040532999,95.60568173806253,92.7064318749539,93.03450955971654,7325.856348824738,681557.4525178452,2022-07-29
93.03450955971654,93.2816129109588,90.20987614772316,90.45697949896542,13260.370508666812,1199493.0632511596,2022-08-01
90.45697949896542,90.67396007446487,86.13261396457092,86.34959454007037,16456.194745007746,1420985.7439038556,2022-08-02
86.34959454007037,86.3916318099179,84.95766880472642,84.99970607457395,15734.221384622153,1337404.193005159,2022-08-03
84.99970607457395,86.53561533272558,84.9225578332971,86.45846709144874,14370.937949006959,1242489.26573747,2022-08-04
86.45846709144874,87.10790869971092,85.26157755583583,85.91101916409801,22153.82946413171,1903258.0676511785,2022-08-05
85.91101916409801,86.76919330354133,85.41832963686977,86.27650377631309,14354.166775867885,1238427.3240439936,2022-08-08
86.27650377631309,90.89203155744806,83.62263941941761,88.23816720055258,6836.519883083613,603241.9845134341,2022-08-09
88.23816720055258,92.39128608311094,86.5593513686053,90.71247025116367,41105.43745949466,3728775.7727054777,2022-08-10
90.71247025116367,91.02776755886894,90.26251639367132,90.5778137013766,40227.162628891965,3643688.4423347553,2022-08-11
90.5778137013766,93.87349573697631,89.84737317969804,93.14305521529775,43240.785948841,4027578.9131857688,2022-08-12
93.14305521529775,93.90141921310843,92.56801151590538,93.32637551371606,6421.534603859042,599298.5498140709,2022-08-15
93.32637551371606,93.37015497222532,91.69413668510158,91.73791614361085,27976.902053777805,2566542.6945674825,2022-08-16
91.73791614361085,92.43857074511965,89.93733731072493,90.63799191223373,37827.17673966393,3428579.3393922956,2022-08-17
90.63799191223373,91.66261755620275,86.99414417252518,88.0187698164942,9653.138216501984,849657.3506850915,2022-08-18
88.0187698164942,88.1915293047718,86.23643454203179,86.4091940303094,22188.703756178962,1917308.0081487228,2022-08-19
86.4091940303094,87.41113575926981,84.77116806799461,85.77310979695503,20070.10520643951,1721475.337508375,2022-08-22
85.77310979695503,89.19601945508487,83.73578696207761,87.15869662020745,96155.36299635492,8380776.11180522,2022-08-23
87.15869662020745,91.5785827193572,85.74550527879697,90.16539137794672,102703.0228848002,9260258.25410623,2022-08-24
90.16539137794672,90.51432835609566,87.20650060793928,87.55543758608822,5816.854236095998,509297.218015876,2022-08-25
87.55543758608822,89.36527831029028,86.50672168555033,88.3165624097524,161965.98201177263,14304278.758599551,2022-08-26
88.3165624097524,89.43787787885523,85.26096283939343,86.38227830849627,10591.630821220566,914929.2013395218,2022-08-29
86.38227830849627,88.03799662185524,85.60749575592763,87.2632140692866,48268.70188304862,4212082.065267049,2022-08-30
87.2632140692866,87.39480709832023,86.89489715357703,87.02649018261066,47877.377445739185,4166600.1182507663,2022-08-31
87.02649018261066,87.04073399274435,83.89441358726229,83.90865739739598,9931.311457163827,833323.010565993,2022-09-01
83.90865739739598,85.88525895923351,83.64486394913055,85.62146551096808,32683.127171272077,2798377.2458856557,2022-09-02
85.62146551096808,86.61399615348297,83.51427395189697,84.50680459441186,20210.812340895016,1707951.169186343,2022-09-05
84.50680459441186,86.06423678364803,82.00193416094417,83.55936635018034,34319.32905412824,2867701.3893262898,2022-09-06
83.55936635018034,84.37654728835587,80.92695729589623,81.74413823407176,26490.404230905024,2165435.2653275398,2022-09-07
81.74413823407176,81.7510467298219,80.6382459345082,80.64515443025834,57358.22835034246,4625663.18315939,2022-09-08
80.64515443025834,81.51455361632615,80.47736076050523,81.34675994657304,23395.98334097615,1903187.4405524088,2022-09-09
81.34675994657304,82.51622776563345,79.87585212242014,81.04531994148054,19258.3641078757,1560800.2806723116,2022-09-12
81.04531994148054,81.93831069118623,80.65750643654245,81.55049718624814,52936.660155942096,4317010.95509653,2022-09-13
81.55049718624814,83.90546491371803,79.73737737495007,82.09234510241997,35042.49587723858,2876720.6648043985,2022-09-14
82.09234510241997,84.52217884716046,81.60891929627418,84.03875304101467,39555.13163930706,3324163.939340552,2022-09-15
84.03875304101467,85.18297655673273,82.3671391069516,83.51136262266965,12943.262509361184,1080909.488939667,2022-09-16
83.51136262266965,83.5500574337074,81.3063147194114,81.34500953044915,9545.162635981047,776451.3455935654,2022-09-19
81.34500953044915,83.07875255108907,81.25246128966619,82.9862043103061,13986.142338120782,1160656.8655843136,2022-09-20
82.9862043103061,83.89764258371983,81.55647696116733,82.46791523458106,13404.461676538624,1105438.0093059775,2022-09-21
82.46791523458106,84.30413692078913,82.3303833337672,84.16660501997528,41314.111976135544,3477268.5444464306,2022-09-22
84.16660501997528,85.31357230127942,83.62061012966859,84.76757741097273,48087.96612279706,4076300.390850434,2022-09-23
84.76757741097273,85.15317268881766,84.18211844485471,84.56771372269964,19455.70784327443,1645324.731162514,2022-09-26
84.56771372269964,86.02302809926833,83.6265861409173,85.08190051748599,69198.55189814944,5887544.308552442,2022-09-27
85.08190051748599,88.32779351565333,84.68399223355829,87.92988523172562,65826.35144375084,5788103.527672248,2022-09-28
87.92988523172562,91.76047722430422,87.59864525943583,91.42923725201443,26761.48840257367,2446782.4723759405,2022-09-29
91.42923725201443,91.79336486875076,91.1997114193711,91.56383903610742,11412.751738130399,1044995.363109227,2022-09-30
91.56383903610742,93.32910142213221,90.09779469406764,91.86305708009243,77675.9775683335,7135552.7611118,2022-10-03
91.86305708009243,94.1786384973006,91.50587002006684,93.821451437275,20977.0889589989,1968100.9330621127,2022-10-04
93.821451437275,95.42749398006272,90.65889152839884,92.26493407118656,24365.71151388238,2248100.766425909,2022-10-05
92.26493407118656,93.55420097819946,91.58031099525118,92.86957790226408,16786.26009893602,1558932.889945806,2022-10-06
92.86957790226408,92.98277337302973,92.71084924901152,92.82404471977716,10809.360373160443,1003368.5506704322,2022-10-07
92.82404471977716,95.3929187913792,90.78891829045182,93.35779236205386,6802.792412361845,635093.6815154325,2022-10-10
93.35779236205386,94.25286909563987,91.09660381646934,91.99168055005535,36544.8173460372,3361819.1630567755,2022-10-11
91.99168055005535,92.07239707277208,89.37616913423776,89.45688565695448,11769.646394827827,1052875.9117648995,2022-10-12
89.45688565695448,90.90551832821026,84.60275893414143,86.05139160539721,254644.81815051413,21912540.96695505,2022-10-13
86.05139160539721,87.10869757227309,82.9872416807887,84.04454764766457,9238.558388565176,776450.4606834971,2022-10-14
84.04454764766457,84.663169421658,82.6068059485241,83.22542772251752,8055.3683184933525,670411.473769026,2022-10-17
83.22542772251752,83.41707919767283,82.53047658741153,82.72212806256684,33127.233005085574,2740355.2110051797,2022-10-18
82.72212806256684,85.98414099002366,82.72041290902652,85.98242583648334,74865.67473149057,6437132.325298673,2022-10-19
85.98242583648334,88.38316873811485,85.70805839747021,88.10880129910171,23194.529340388006,2043642.1768784316,2022-10-20
88.10880129910171,88.78033208159808,85.56788615439072,86.23941693688708,34814.663297866166,3002396.2636620207,2022-10-21
86.23941693688708,86.99470695613697,86.153153667969,86.90844368721888,5040.003553038052,438018.8649725906,2022-10-24
86.90844368721888,88.38380805771516,84.67813998505676,86.15350435555304,12810.12001176205,1103636.730228499,2022-10-25
86.15350435555304,86.2734244139648,85.5273567365582,85.64727679496997,9331.092820172893,799182.6895689047,2022-10-26
85.64727679496997,86.35158020305818,85.26074470217262,85.96504811026082,4836.580878656188,415776.9079228468,2022-10-27
85.96504811026082,87.18609953446393,85.7746417958595,86.9956932200626,24187.329175101862,2104193.4687298317,2022-10-28
86.9956932200626,88.31052662943162,85.12670180511631,86.44153521448533,3661.9017772387956,316540.4114291738,2022-10-31
86.44153521448533,88.92944103300302,85.64709379292364,88.13499961144133,7648.334778633026,674085.9827429949,2022-11-01
88.13499961144133,88.42479488189694,86.01030135014217,86.30009662059778,14331.926711562275,1236846.6599671505,2022-11-02
86.30009662059778,86.89726066185725,85.71318105351776,86.31034509477722,11327.303522793827,977663.4760456209,2022-11-03
86.31034509477722,90.68282212031912,86.08127248603472,90.45374951157662,30246.229218817552,2735884.8414286524,2022-11-04
90.45374951157662,92.3893989671414,88.96086357968399,90.89651303524877,28126.406679355794,2556592.2913647722,2022-11-07
90.89651303524877,94.69168810016168,89.88545052184897,93.68062558676188,45027.96394490929,4218247.83125726,2022-11-08
93.68062558676188,94.4229296474448,93.12666795015198,93.86897201083491,40211.447034307996,3774607.1961786277,2022-11-09
93.86897201083491,96.2540220126494,92.6394419204626,95.0244919222771,54866.060554222866,5213619.527941916,2022-11-10
95.0244919222771,95.64748056605309,94.29080516215683,94.91379380593283,21992.68726398618,2087409.3842123493,2022-11-11
94.91379380593283,95.5112903496252,93.99768702345845,94.59518356715083,28078.89542510729,2656128.2671008557,2022-11-14
94.59518356715083,95.07204110071666,92.72706412259375,93.20392165615958,33163.69264739633,3090986.2113368833,2022-11-15
93.20392165615958,94.17900914393401,92.98514100509702,93.96022849287145,24669.559604697846,2317957.457275921,2022-11-16
93.96022849287145,94.07952620326029,92.39280175660492,92.51209946699376,16030.437728574127,1483009.4496452992,2022-11-17
92.51209946699376,94.37636480567193,91.77100621452597,93.63527155320413,16882.72134924544,1580818.1980936737,2022-11-18
93.63527155320413,95.91852863107283,93.18040206480582,95.46365914267452,11452.384966801908,1093286.5748414672,2022-11-21
95.46365914267452,97.46076136234163,94.1001049909805,96.09720721064761,30862.386743302377,2965789.1738862726,2022-11-22
96.09720721064761,97.2540876011002,94.45986502168485,95.61674541213743,20430.5755808677,1953505.1439392585,2022-11-23
95.61674541213743,96.79100862457614,95.18190919261431,96.35617240505302,12957.90103340265,1248573.7459821603,2022-11-24
96.35617240505302,97.34704514665964,94.87430915179337,95.86518189339999,12967.534212391913,1243135.025979838,2022-11-25
95.86518189339999,97.63934599285155,95.54419086894481,97.31835496839636,8363.90763874191,813961.732509967,2022-11-28
97.31835496839636,97.67372999089673,94.12655974467381,94.48193476717418,48198.01289720296,4553841.51046095,2022-11-29
94.48193476717418,96.46034008144225,91.94263820012272,93.92104351439079,23456.293927548013,2203039.6026555775,2022-11-30
93.92104351439079,95.27800676457811,89.40100006902016,90.75796331920748,11045.296766427558,1002448.6387771933,2022-12-01
90.75796331920748,90.93076272491994,88.01094397423272,88.18374337994518,42059.40066714241,3708955.395145581,2022-12-02
88.18374337994518,91.68642809043877,87.14904585103648,90.65173056153006,14067.760263214328,1275266.8129851045,2022-12-05
90.65173056153006,92.84698333982651,90.1739603426233,92.36921312091975,7149.512834917692,660394.8747592635,2022-12-06
92.36921312091975,92.50322616166828,90.86133272558683,90.99534576633536,49860.17322878709,4537043.702922859,2022-12-07
90.99534576633536,93.09392756423021,86.14272699839194,88.24130879628679,14333.036669936584,1264765.9147803762,2022-12-08
88.24130879628679,88.45205985162328,82.58255022350197,82.79330127883846,15881.032122885677,1314843.0771689853,2022-12-09
82.79330127883846,84.919866491363,79.4428956031938,81.56946081571834,22764.191140010716,1856862.797196627,2022-12-12
81.56946081571834,87.50069263504895,81.04644159942347,86.97767341875408,54944.08870907664,4778909.004029121,2022-12-13
86.97767341875408,88.52269924186422,86.62045320937924,88.16547903248937,22382.39144927315,1973354.2640178613,2022-12-14
88.16547903248937,89.49853928855092,85.36451973448439,86.69757999054593,8439.735929138993,731704.6808156123,2022-12-15
86.69757999054593,88.08520261763613,86.48844921312114,87.87607184021134,34033.533715556725,2990733.2537645176,2022-12-16
87.87607184021134,88.5598584012256,83.4363742365084,84.12016079752266,14943.149114688005,1257020.1063489134,2022-12-19
84.12016079752266,86.91465800746806,80.59225895288914,83.38675616283454,99741.7053814132,8317137.265905184,2022-12-20
83.38675616283454,84.37775115450673,82.63024328029736,83.62123827196955,22006.74381475046,1840231.1681234404,2022-12-21
83.62123827196955,83.74858790015611,83.29988344054976,83.42723306873633,3684.800267570461,307412.69073434285,2022-12-22
83.42723306873633,86.25871078505618,82.3150965906576,85.14657430697746,29316.09547295111,2496165.1015780773,2022-12-23
85.14657430697746,86.03124878650469,85.00879743128816,85.89347191081539,104367.98327735743,8964528.440022152,2022-12-26
85.89347191081539,87.92506806770035,85.27247174279272,87.30406789967768,77709.76707496135,6784378.781180562,2022-12-27
87.30406789967768,87.84387293951218,85.34629406624511,85.88609910607961,95297.93595424228,8184767.9719708795,2022-12-28
85.88609910607961,88.31625060324626,85.26789127886495,87.6980427760316,9741.903918326507,854345.9065493878,2022-12-29
87.6980427760316,92.45898735592955,86.29323914022143,91.05418372011938,45693.98352946338,4160628.3711958677,2022-12-30
91.05418372011938,92.19582650739187,87.77213012106095,88.91377290833344,12362.269964197558,1099176.064228173,2023-01-02
88.91377290833344,90.39864138603195,85.52217873029605,87.00704720799456,26355.48046246619,2293112.532787174,2023-01-03
87.00704720799456,90.58207157355451,86.28728340727177,89.86230777283173,7955.653261481295,714913.3619171646,2023-01-04
89.86230777283173,92.00221730496868,87.29551657872986,89.43542611086681,13153.3977478021,1176379.7323803967,2023-01-05
89.43542611086681,93.72517256869097,88.19174246165463,92.48148891947878,12823.08885920972,1185898.3502464956,2023-01-06
92.48148891947878,92.59192534029445,91.36411505653828,91.47455147735396,45199.63199637653,4134616.0638099997,2023-01-09
91.47455147735396,95.7729118628101,90.41085183477529,94.70921222023144,41796.80989653401,3958542.9386195093,2023-01-10
94.70921222023144,95.6458829324476,94.0831132842017,95.01978399641787,27486.651985268887,2611775.7344249603,2023-01-11
95.01978399641787,95.69033177164563,94.9362424765259,95.60679025175367,7477.567859006166,714906.2618892572,2023-01-12
95.60679025175367,99.139183217015,95.56419161404581,99.09658457930715,17166.042753041544,1701096.2075687838,2023-01-13
99.09658457930715,99.20456387161032,98.12506909686073,98.2330483891639,12125.995477174334,1191173.500476049,2023-01-16
98.2330483891639,98.26756841437499,96.0678961456872,96.1024161708983,44167.32782962388,4244586.920239012,2023-01-17
96.1024161708983,96.33867102238436,94.8723126114411,95.10856746292717,56531.19463761966,5376600.938951916,2023-01-18
95.10856746292717,97.62942946111093,93.55651421664439,96.07737621482816,51282.6859747037,4927105.913698499,2023-01-19
96.07737621482816,96.59735957566427,92.35070183935109,92.8706852001872,12038.010501458211,1117978.2837174733,2023-01-20
92.8706852001872,95.22506040972497,91.8830366758954,94.23741188543318,2461.12416495623,231929.971634173,2023-01-23
94.23741188543318,95.6615000625489,91.6850949305003,93.10918310761602,5358.452402493349,498921.1259171982,2023-01-24
93.10918310761602,95.65512681345864,92.91275067628919,95.45869438213181,68686.06247632086,6556681.846239124,2023-01-25
95.45869438213181,96.27525599756251,89.7444097217151,90.5609713371458,15978.447286437939,1447023.7067192013,2023-01-26
90.5609713371458,90.68861385101717,88.61157917221006,88.73922168608142,12081.375191771409,1072091.8314153275,2023-01-27
88.73922168608142,89.15840670347713,84.60298269853557,85.02216771593127,81971.60901327529,6969403.889471435,2023-01-30
85.02216771593127,86.68812635473125,81.4718022341866,83.13776087298658,60604.713913927284,5038540.213151849,2023-01-31
83.13776087298658,84.25499471774047,82.57194819564158,83.68918204039548,22461.521699553086,1879786.3784181916,2023-02-01
83.68918204039548,85.08729799029919,81.90815032628673,83.30626627619044,17418.31516233416,1451054.8009960146,2023-02-02
83.30626627619044,83.98739846344837,82.10930129717445,82.79043348443238,19817.4675991708,1640696.733099044,2023-02-03
82.79043348443238,83.54232248922888,81.72895032589791,82.48083933069441,26416.133996822326,2178824.903929997,2023-02-06
82.48083933069441,83.40009673004135,81.94117065123153,82.86042805057848,79224.25849681039,6564555.971035388,2023-02-07
82.86042805057848,83.13630695078037,80.7918021204644,81.06768102066629,30883.394987163985,2503645.213654654,2023-02-08
81.06768102066629,82.76126133649618,80.62812065429016,82.32170097012005,39372.51355920537,3241212.2876629014,2023-02-09
82.32170097012005,84.28495965475585,81.52812902729146,83.49138771192726,56129.45999382313,4686326.506405397,2023-02-10
83.49138771192726,84.84262805014185,82.81247421756511,84.1637145557797,8640.875599348352,727248.1874555566,2023-02-13
84.1637145557797,85.64292434160856,83.63320545656832,85.11241524239718,40291.24642241332,3429285.2961381925,2023-02-14
85.11241524239718,86.1603474638626,84.56104051349863,85.60897273496406,17402.079616850926,1489774.1594506647,2023-02-15
85.60897273496406,89.4530447087077,85.13196016475807,88.97603213850171,2942.8207624797615,261840.51474024935,2023-02-16
88.97603213850171,90.01427380740874,87.77310833000948,88.81134999891651,4013.682252516119,356460.53931264865,2023-02-17
88.81134999891651,89.37829688168999,87.68890618051363,88.2558530632871,9754.713770334416,860910.5851890576,2023-02-20
88.2558530632871,89.72191247258496,85.48803770397934,86.9540971132772,33690.749492027826,2929548.703148882,2023-02-21
86.9540971132772,88.8320001168834,83.34923596256456,85.22713896617077,24125.861906715505,2056178.185402288,2023-02-22
85.22713896617077,86.0650621595943,82.34101375218016,83.1789369456037,25527.03500323007,2123311.634941892,2023-02-23
83.1789369456037,83.23656481169559,81.6535788660848,81.71120673217669,104899.15993950846,8571436.943848843,2023-02-24
81.71120673217669,82.66667672507924,80.64082344515846,81.59629343806101,7980.276253774598,651160.9629197824,2023-02-27
81.59629343806101,82.73213907398748,80.98465658003684,82.12050221596331,21548.323930342547,1769559.1830719905,2023-02-28
82.12050221596331,82.6783654662515,81.6405197514845,82.1983830017727,28100.662126111725,2309828.9880455397,2023-03-01
82.1983830017727,82.96417000336358,80.31589157895273,81.08167858054361,12221.860930496681,990968.9996226355,2023-03-02
81.08167858054361,83.1475697572768,80.31597184491467,82.38186302164786,22531.31494865217,1856171.7017974698,2023-03-03
82.38186302164786,83.56993739028273,82.27562189389367,83.46369626252854,6124.427322856368,511167.34185681475,2023-03-06
83.46369626252854,84.34626506799063,82.34919731338479,83.23176611884688,68045.03020011993,5663508.039166255,2023-03-07
83.23176611884688,83.81595370301459,81.73671389563775,82.32090147980546,12768.140937614304,1051084.872205618,2023-03-08
82.32090147980546,83.7059819702551,81.68836705701072,83.07344754746036,111873.06192176907,9293680.941531869,2023-03-09
83.07344754746036,85.23123741875467,81.16997201848586,83.32776188978018,21461.599359256823,1788347.0411820114,2023-03-10
83.32776188978018,83.6176620717024,81.15634805968115,81.44624824160337,50133.40605126366,4083177.8344483203,2023-03-13
81.44624824160337,81.4948794218821,81.30575550872462,81.35438668900335,21106.9511754804,1717143.0677559462,2023-03-14
81.35438668900335,82.54772253176267,80.50426979825288,81.6976056410122,21491.331229718184,1755790.303505886,2023-03-15
81.6976056410122,82.77044967611873,79.48526507344921,80.55810910855574,13804.867597682549,1112094.0301632765,2023-03-16
80.55810910855574,81.50602601971087,79.84999699279777,80.7979139039529,24228.844975736196,1957640.130341755,2023-03-17
80.7979139039529,80.97636235971872,78.85125834478221,79.02970680054803,28407.229611289564,2245015.02719606,2023-03-20
79.02970680054803,81.61435460284164,78.15743399454364,80.74208179683725,11761.575609384165,949654.0999125822,2023-03-21
80.74208179683725,82.5858236937613,80.59719185095875,82.4409337478828,19929.66227117923,1643019.9669159662,2023-03-22
82.4409337478828,83.23177216749279,81.29316874627949,82.08400716588949,13519.939938308835,1109770.8467785378,2023-03-23
82.08400716588949,83.58760652062244,81.07864496436014,82.58224431909309,138653.21736176667,11450293.871797735,2023-03-24
82.58224431909309,83.1027918436566,78.89981743485654,79.42036495942006,20500.722001070208,1628174.823256608,2023-03-27
79.42036495942006,79.49148371656588,77.60662469178854,77.67774344893436,75825.18113101172,5889928.966863707,2023-03-28
77.67774344893436,79.51344457262275,75.3980723355809,77.23377345926929,18835.56534529833,1454741.7868560345,2023-03-29
77.23377345926929,77.93522900774124,74.98728785979559,75.68874340826754,27103.824252166458,2051454.399205006,2023-03-30
75.68874340826754,77.22736695239985,75.18648215127507,76.72510569540738,7653.426558529868,587209.9616352421,2023-03-31
76.72510569540738,80.55513711162261,75.82022017235761,79.65025158857284,15403.37509659403,1226882.701756872,2023-04-03
79.65025158857284,80.55207806873577,76.81135013923934,77.71317661940226,26067.060244141045,2025754.056701532,2023-04-04
77.71317661940226,79.0059103694828,75.04819468037188,76.34092843045242,78339.17410866942,5980485.2839306835,2023-04-05
76.34092843045242,76.96343420186874,76.09754478805868,76.720050559475,26306.891607321555,2018266.0541763382,2023-04-06
76.720050559475,80.08067558458974,75.90471736158024,79.26534238669498,66634.40328228685,5281798.7909035785,2023-04-07
79.26534238669498,80.64511170708057,75.8244592876462,77.2042286080318,36775.35828926931,2839213.1685070246,2023-04-10
77.2042286080318,77.63496466068098,77.19748137007349,77.62821742272267,80977.05092289363,6286104.115293272,2023-04-11
77.62821742272267,80.91178612691228,77.39449095335367,80.67805965754327,21010.26120460194,1695067.1068854423,2023-04-12
80.67805965754327,80.9473665791668,77.393703576999,77.66301049862253,149071.0278794998,11577304.803246044,2023-04-13
77.66301049862253,79.37662721468948,73.54117844356652,75.25479515963347,14938.290647784255,1124178.0027340725,2023-04-14
75.25479515963347,75.55998157859808,74.15150385842902,74.45669027739363,11930.226881527698,888285.2078569436,2023-04-17
74.45669027739363,74.74876183262273,73.22962750447434,73.52169905970344,8366.222272903988,615098.8762150351,2023-04-18
73.52169905970344,75.07075938667793,73.39121359172889,74.94027391870338,142175.81965139695,10654694.869291859,2023-04-19
74.94027391870338,75.85314139281091,74.44825648836463,75.36112396247216,42427.75635659247,3197403.4062387315,2023-04-20
75.36112396247216,75.71842107504743,72.08341892287629,72.44071603545156,16860.070504282256,1221355.5797384034,2023-04-21
72.44071603545156,73.38155457392503,72.40561080905702,73.3464493475305,59827.34786157717,4388123.539526257,2023-04-24
73.3464493475305,73.72032808367727,71.98990563363603,72.3637843697828,38183.30847143588,2763088.700751887,2023-04-25
72.3637843697828,74.74557722771858,72.10637108980524,74.48816394774101,106181.1606559746,7909239.703103663,2023-04-26
74.48816394774101,74.83785042649764,73.05917150126274,73.40885798001936,6385.172176026425,468728.1974478951,2023-04-27
73.40885798001936,73.48459654107465,72.28138625813206,72.35712481918735,17813.500669120025,1288933.691382195,2023-04-28
72.35712481918735,74.7837240930916,70.80166439578747,73.22826366969173,15214.175833603198,1114107.679460147,2023-05-01
73.22826366969173,74.82002289141779,72.84677955114796,74.43853877287403,4541.687231424327,338076.5610706467,2023-05-02
74.43853877287403,75.14754761365195,74.43809145925319,75.14710030003111,51444.65063890349,3865916.3214617404,2023-05-03
75.14710030003111,75.1766095234291,72.56759236937037,72.59710159276835,17741.87165974684,1288008.4593284992,2023-05-04
72.59710159276835,74.23592631592011,71.82167649177914,73.4605012149309,39803.29449047055,2923969.9632754643,2023-05-05
73.4605012149309,74.95833565910031,70.35836471483755,71.85619915900696,145483.44040449488,10453887.068042904,2023-05-08
71.85619915900696,73.7467109517325,70.32887707925332,72.21938887197885,16604.101905120893,1199138.0923558907,2023-05-09
72.21938887197885,72.41738731751748,69.9317449932796,70.12974343881822,15726.109159621428,1102868.0006551,2023-05-10
70.12974343881822,70.81098317112803,70.12432935121848,70.80556908352828,24219.935058325664,1714906.2849708465,2023-05-11
70.80556908352828,70.92883881745104,69.50389916767884,69.62716890160159,48523.227625179046,3378534.965509202,2023-05-12
69.62716890160159,69.94913251315289,67.49422557502658,67.81618918657787,13997.437830645378,949252.8920504091,2023-05-15
67.81618918657787,69.32839120904103,67.33349066649444,68.8456926889576,13296.16228131711,915383.5023620672,2023-05-16
68.8456926889576,69.85956084206113,68.17731122579035,69.19117937889388,51315.66864461909,3550591.6341377194,2023-05-17
69.19117937889388,69.52123523595891,68.0185590311531,68.34861488821814,29819.31029379187,2038108.5555026594,2023-05-18
68.34861488821814,70.48960724199604,68.16977350596547,70.31076585974337,4290.752436200135,301686.08990379114,2023-05-19
70.31076585974337,71.80932562363583,68.18277562895948,69.68133539285193,8264.18635220405,575859.54095696,2023-05-22
69.68133539285193,70.2560763689428,69.15086378845295,69.72560476454382,73202.7810022515,5104108.175828445,2023-05-23
69.72560476454382,70.89809660460915,68.91086138567789,70.08335322574322,30380.086592641022,2129138.339700727,2023-05-24
70.08335322574322,70.49392890540096,68.8788242748423,69.28939995450004,11971.010988411374,829464.1682357505,2023-05-25
69.28939995450004,70.43385148603653,68.73563285956067,69.88008439109716,19219.33868361564,1343049.009152139,2023-05-26
69.88008439109716,70.28935977909664,68.81970827653768,69.22898366453717,22260.950820852944,1541103.0007338938,2023-05-29
69.22898366453717,69.7362595860173,68.23467503489425,68.74195095637438,39679.3701574276,2727637.3173417132,2023-05-30
68.74195095637438,71.23878367700229,67.8268801875729,70.3237129082008,7430.803571211528,522561.69701911276,2023-05-31
70.3237129082008,70.84968233927056,68.53694912334524,69.06291855441499,11240.073797765548,776272.3012406961,2023-06-01
69.06291855441499,69.19450926238454,66.0670018874159,66.19859259538545,27401.816995741858,1813961.719674424,2023-06-02
66.19859259538545,68.98070747298196,65.66767690251538,68.4497917801119,20335.681584951537,1391973.1701965886,2023-06-05
68.4497917801119,72.4582369178477,68.40390673133196,72.41235186906776,34803.991104914974,2520238.8503370075,2023-06-06
72.41235186906776,73.47270161051618,70.57865242853512,71.63900216998354,8237.021442348041,590091.9969825723,2023-06-07
71.63900216998354,71.9996504193327,67.82424813245832,68.18489638180748,29310.5541785572,1998537.0995582768,2023-06-08
68.18489638180748,68.7349958105231,67.0418941042215,67.59199353293712,52747.248851378165,3565291.703242578,2023-06-09
67.59199353293712,67.67159814998219,66.99233128640311,67.07193590344818,32514.936186649542,2180839.7158156657,2023-06-12
67.07193590344818,67.26163595515852,66.55327631810331,66.74297636981366,24619.38431248239,1643170.9854073734,2023-06-13
66.74297636981366,66.95125990323294,64.7169392646014,64.92522279802067,20400.05993763232,1324478.436543754,2023-06-14
64.92522279802067,67.08924664423776,63.708420438809924,65.87244428502702,11295.041214182651,744031.9730783305,2023-06-15
65.87244428502702,67.44536287034427,65.14332828109936,66.71624686641661,20793.61247644327,1387271.7832229899,2023-06-16
66.71624686641661,67.16104640177237,63.96766928364139,64.41246881899716,60340.85499919488,3886703.4411472687,2023-06-19
64.41246881899716,65.54003753150818,64.40360460976623,65.53117332227725,20025.809482597044,1312314.7921229703,2023-06-20
65.53117332227725,69.57918746112348,64.80274890971408,68.85076304856031,10809.24222273068,744224.5750117234,2023-06-21
68.85076304856031,70.56698794141151,67.45449454521359,69.1707194380648,14856.642178668977,1027644.6279324315,2023-06-22
69.1707194380648,70.33004303190994,67.41187346931079,68.57119706315594,25865.886030660185,1773654.7682215318,2023-06-23
68.57119706315594,70.29828863960363,66.60296929266242,68.33006086911011,16337.017141260116,1116309.375681999,2023-06-26
68.33006086911011,69.36352275776822,68.30312117020269,69.3365830588608,32475.545094582532,2251743.329832301,2023-06-27
69.3365830588608,70.19852291620246,65.75265275332602,66.61459261066769,33465.65635763944,2229301.064712752,2023-06-28
66.61459261066769,67.2081812016513,66.29429295574788,66.88788154673149,44854.82956614094,3000244.526818865,2023-06-29
66.88788154673149,67.41087338480506,65.74447643185833,66.2674682699319,68792.33293491288,4558693.73997893,2023-06-30
66.2674682699319,69.6565144300643,65.7570549895439,69.14610114967631,48858.66294906012,3378386.0503136534,2023-07-03
69.14610114967631,69.3461256473211,68.64414956724215,68.84417406488694,10431.744048962504,718164.8031071231,2023-07-04
68.84417406488694,71.92321401334158,68.58593166561343,71.66497161406807,10691.159272769524,766181.6258045086,2023-07-05
71.66497161406807,72.26670196251135,69.05862611737805,69.66035646582134,20730.94558739555,1444125.0594915198,2023-07-06
69.66035646582134,71.16115173264387,69.22576204486072,70.72655731168325,15352.90082837783,1085857.8203388539,2023-07-07
70.72655731168325,71.91550476083127,70.10715840081535,71.29610584996337,8860.324058938737,631706.6019710733,2023-07-10
71.29610584996337,71.43821662875867,69.67395758002026,69.81606835881556,15469.82396933333,1080042.2877418192,2023-07-11
69.81606835881556,70.98554625467636,68.94280509769274,70.11228299355355,15068.9204462366,1056516.4147338858,2023-07-12
70.11228299355355,72.41030112513735,69.78769933129409,72.0857174628779,12868.294935779617,927620.2729695919,2023-07-13
72.0857174628779,73.25051561677184,70.37891632498263,71.54371447887657,17109.1452774361,1224051.8047065076,2023-07-14
71.54371447887657,72.05037778421737,68.37166689498783,68.87833020032863,56543.22564286949,3894602.966421254,2023-07-17
68.87833020032863,69.77637084242349,67.951199922997,68.84924056509186,25832.54559210057,1778551.1458792356,2023-07-18
68.84924056509186,69.94633632985934,66.33565246882888,67.43274823359636,159125.30631348005,10730256.7182308,2023-07-19
67.43274823359636,68.21562362664758,66.12441312829472,66.90728852134595,25245.58451744743,1689113.6071988794,2023-07-20
66.90728852134595,67.12044285462487,66.57404250487714,66.78719683815606,17464.881650736832,1166430.4885628608,2023-07-21
66.78719683815606,66.89423118044577,64.31559757068248,64.4226319129722,22099.4125592664,1423702.320798534,2023-07-24
64.4226319129722,64.5700569071929,61.95391124351674,62.101336237737456,27043.273460374523,1679423.4181318,2023-07-25
62.101336237737456,63.342051094167566,61.587092288748906,62.827807145179015,31200.929522351536,1960285.9827806246,2023-07-26
62.827807145179015,63.09634467982916,61.79747024029964,62.06600777494978,116002.73654172945,7199826.748114431,2023-07-27
62.06600777494978,62.22211343151531,58.41015150064523,58.56625715721076,11200.835223370532,655990.9960674627,2023-07-28
58.56625715721076,60.540178640445916,57.85650705869288,59.830428541928036,43793.331965397505,2620173.8187686484,2023-07-31
59.830428541928036,60.719092952283766,59.378436001326065,60.267100411681795,26009.066768802586,1567491.0385695617,2023-08-01
60.267100411681795,60.73398221259108,58.70848128086138,59.17536308177066,6267.430906903399,370877.4995059198,2023-08-02
59.17536308177066,60.03149614706229,56.39992849672733,57.25606156201896,40804.964245551186,2336331.544879261,2023-08-03
57.25606156201896,59.30056068638617,56.45543213023442,58.499931254601634,60724.277059378706,3552366.0334590375,2023-08-04
58.499931254601634,60.38724803159208,57.13275886126385,59.0200756382543,11095.100317131562,654833.6599311241,2023-08-07
59.0200756382543,63.105465319167074,58.463728319991596,62.54911800090437,21869.60179500664,1367924.3033086604,2023-08-08
62.54911800090437,64.9377771538141,60.91506567991217,63.303724832821885,5539.816134066105,350690.9961753478,2023-08-09
63.303724832821885,65.23403881285209,62.051195331724024,63.98150931175422,8046.196966421382,514807.82613129826,2023-08-10
63.98150931175422,65.3499830278074,62.331449961964296,63.69992367801747,50941.014406864655,3244938.729798067,2023-08-11
63.69992367801747,65.62596874168183,63.103717964715884,65.02976302838024,15166.840764666553,986296.0608154434,2023-08-14
65.02976302838024,67.21939866686739,63.86026782075844,66.04990345924558,9072.08703792975,599210.4730291333,2023-08-15
66.04990345924558,68.46138949121006,65.67299036568801,68.08447639765248,26464.732897371654,1801837.4823212775,2023-08-16
68.08447639765248,68.16883989832353,67.12743362118728,67.21179712185832,14502.409033571032,974732.9737425817,2023-08-17
67.21179712185832,68.81224058548415,64.91361362789904,66.51405709152486,15113.485047571003,1005259.207306045,2023-08-18
66.51405709152486,66.71710931260705,65.57751348076222,65.78056570184441,39793.57796302057,2617644.0697079427,2023-08-21
65.78056570184441,67.75415550437754,64.98282964893352,66.95641945146664,8695.955511825443,582250.0447810777,2023-08-22
66.95641945146664,69.35957000257267,66.80399041741681,69.20714096852284,10675.512324307116,738821.6863395254,2023-08-23
69.20714096852284,70.4442391925955,67.23899698417208,68.47609520824474,24915.963805675758,1706147.9097626333,2023-08-24
68.47609520824474,68.88821778075292,67.41594424424386,67.82806681675204,47835.71583155802,3244604.129650081,2023-08-25
67.82806681675204,69.0475650415898,67.07110647363461,68.29060469847238,59309.70560718932,4050295.6604033364,2023-08-28
68.29060469847238,68.84555876774898,67.38646769294714,67.94142176222374,12938.344506093972,879049.5209934809,2023-08-29
67.94142176222374,70.04453400595727,67.15044326297672,69.25355550671026,46625.43905055734,3228977.4313125084,2023-08-30
69.25355550671026,70.68533048085905,64.76246208671495,66.19423706086374,11762.669161610951,778620.9109521867,2023-08-31
66.19423706086374,66.39444085385918,64.73957005232359,64.93977384531902,94936.8751412142,6165179.20125174,2023-09-01
64.93977384531902,65.3633294951418,63.36636166383199,63.78991731365476,8892.674969142823,567263.0009788281,2023-09-04
63.78991731365476,64.84488712811171,59.494711180390716,60.549680994847655,63753.73494221628,3860268.312981268,2023-09-05
60.549680994847655,60.89887375622868,58.69607200448679,59.04526476586781,13027.4130777049,769207.0543874147,2023-09-06
59.04526476586781,59.382088096141224,57.32196201147915,57.65878534175256,110260.07406078554,6357461.942036573,2023-09-07
57.65878534175256,58.45255764331022,56.56745864476611,57.36123094632377,35350.10293076931,2027725.4181881752,2023-09-08
57.36123094632377,59.360083185942884,56.958172445629835,58.957024685248946,9771.123921777458,576076.3942588601,2023-09-11
58.957024685248946,59.736905711177194,57.81926004628259,58.599141072210834,14504.427351155371,849946.9845219869,2023-09-12
58.599141072210834,59.01014256904696,56.76538530416757,57.1763868010037,41148.590968860066,2352727.753551831,2023-09-13
57.1763868010037,57.26501543747844,57.01006240362181,57.09869104009655,51129.42970010162,2919423.5095024384,2023-09-14
57.09869104009655,58.899600956502304,56.684591564646844,58.4855014810526,20814.966008952804,1217373.7253446688,2023-09-15
58.4855014810526,59.24751503600865,56.42780501272065,57.189818567676696,22827.623183920394,1305507.6282196976,2023-09-18
57.189818567676696,57.21057735647808,55.98890390860216,56.00966269740355,40403.933622996774,2263010.6938723316,2023-09-19
56.00966269740355,56.8203210006875,55.91467938168836,56.72533768497231,24475.76544825775,1388396.0601505984,2023-09-20
56.72533768497231,57.01826350785498,56.15549556964419,56.44842139252686,7825.916338620651,441760.62326511944,2023-09-21
56.44842139252686,57.49468495176887,56.183775946961696,57.2300395062037,11494.463691337492,657828.6111578688,2023-09-22
57.2300395062037,57.69358600273189,56.75027940738874,57.21382590391693,26584.82795793289,1521019.7184707557,2023-09-25
57.21382590391693,58.31539297402499,56.91876967366136,58.02033674376942,58243.392597887665,3379301.2516290094,2023-09-26
58.02033674376942,58.327706991002586,56.54817511658483,56.855545363817996,80240.68338242228,4562127.814073067,2023-09-27
56.855545363817996,58.48946150495251,55.20809026134889,56.842006402483406,41094.251997037805,2335879.7351208893,2023-09-28
56.842006402483406,57.48091994418115,55.976458721101075,56.61537226279882,27717.86995300217,1569257.5257210638,2023-09-29
56.61537226279882,58.15935605226191,53.82559725084397,55.36958104030706,40096.77189914208,2220141.461124254,2023-10-02
55.36958104030706,55.67988166181743,53.46095509219327,53.77125571370364,12920.872678544265,694771.5488422106,2023-10-03
53.77125571370364,55.06374615966634,53.21618724628602,54.50867769224872,19485.292550387923,1062117.5313682703,2023-10-04
54.50867769224872,54.67608020923229,53.96967617816152,54.13707869514509,11392.327972160758,616747.3559497696,2023-10-05
54.13707869514509,54.87126230483314,52.36916109190286,53.103344701590906,8111.239013306764,430733.9212806212,2023-10-06
53.103344701590906,53.65322286237842,52.45667002006726,53.00654818085477,28762.830050584325,1524618.3368940356,2023-10-09
53.00654818085477,54.61868946993697,52.49869650508024,54.110837794162435,25550.461172360363,1382556.860063637,2023-10-10
54.110837794162435,55.03604469197304,50.942107990619256,51.86731488842986,38182.09577022112,1980402.7844142448,2023-10-11
51.86731488842986,52.47780246349973,49.61188628148138,50.22237385655125,34094.435383265154,1712303.4802463718,2023-10-12
50.22237385655125,50.25298965129136,49.15544464331544,49.18606043805555,26745.336938139437,1315497.7590754859,2023-10-13
49.18606043805555,51.506951395516175,48.505659061643684,50.82655001910431,34382.167851291575,1747526.9740589114,2023-10-16
50.82655001910431,51.51426283808993,50.47675196294918,51.1644647819348,21287.035895986326,1089139.7984119742,2023-10-17
51.1644647819348,52.65434861457466,50.56747807520571,52.057361907845575,30647.70669383532,1595438.7590064867,2023-10-18
52.057361907845575,52.544736848883566,50.270628739191956,50.75800368022995,12321.29663443331,625404.4199157709,2023-10-19
50.75800368022995,51.164737778568124,49.09211249854464,49.498846596882814,29606.95978398615,1465510.3605476092,2023-10-20
49.498846596882814,50.97783568253641,48.52475922116572,50.00374830681932,37599.05320071168,1880093.592823096,2023-10-23
50.00374830681932,50.28912594018,49.782283953171216,50.0676615865319,12890.61566184244,645402.9825991752,2023-10-24
50.0676615865319,51.10884525219875,49.60779851089025,50.6489821765571,22959.008809743016,1162850.4279960913,2023-10-25
50.6489821765571,51.31690859499936,49.786868652229025,50.45479507067129,13374.6712536598,674816.2972410035,2023-10-26
50.45479507067129,51.40686655695477,49.780001377532756,50.732072863816235,14454.98537641383,733331.3713616246,2023-10-27
50.732072863816235,51.66126693978546,49.955694607013434,50.88488868298266,8955.798834375168,455714.8267543663,2023-10-30
50.88488868298266,51.63169403059575,50.86912947147122,51.61593481908431,60634.537783724794,3129708.3500300436,2023-10-31
51.61593481908431,52.92898588883441,51.06399150101191,52.377042570762015,51665.63502500916,2706093.1651503574,2023-11-01
52.377042570762015,52.68678049960811,50.56388555321334,50.873623482059436,33858.558532427494,1722507.5584239874,2023-11-02
50.873623482059436,51.248657572642514,48.349806059240436,48.724840149823514,106697.900619751,5198838.152019123,2023-11-03
48.724840149823514,50.52181665257408,48.02139061243232,49.81836711518289,18931.896853427894,943156.1876308465,2023-11-06
49.81836711518289,51.20094207289845,49.76461968753703,51.14719464525259,249050.2424719799,12738221.22816171,2023-11-07
51.14719464525259,51.83855432595865,49.29322690980549,49.98458659051155,18360.85933301128,917759.9632071045,2023-11-08
49.98458659051155,51.1635473846637,46.751541062961266,47.93050185711342,27015.19275613402,1294851.7465681587,2023-11-09
47.93050185711342,48.27288942701954,47.70540134792841,48.04778891783453,16022.955133098376,769867.5660750441,2023-11-10
48.04778891783453,50.16299641735505,47.001355842906705,49.11656334242723,29669.07237493066,1457242.8726143395,2023-11-13
49.11656334242723,51.68680867434918,48.66408185088954,51.23432718281149,42980.076165462524,2202055.284603465,2023-11-14
51.23432718281149,52.513681258613964,50.633240857406314,51.91259493320879,20107.876552240745,1043852.0504234406,2023-11-15
51.91259493320879,52.465026309410185,50.88659151333973,51.43902288954113,91251.60658439688,4693893.479802193,2023-11-16
51.43902288954113,52.63532301003457,49.16338083736735,50.35968095786079,26670.661705062572,1343126.0144019865,2023-11-17
50.35968095786079,50.40667130144105,50.3262581449525,50.37324848853276,27347.71639873068,1377593.313747183,2023-11-20
50.37324848853276,50.51160809936231,49.89624976109964,50.03460937192919,10644.534473048596,532595.1243050207,2023-11-21
50.03460937192919,50.97794196457519,48.00123949731718,48.944572089963174,30785.505564502742,1506783.396427767,2023-11-22
48.944572089963174,51.53751998070794,48.58081184519231,51.173759735937075,19786.956230414275,1012572.9440407233,2023-11-23
51.173759735937075,53.58968566736999,51.033521481602854,53.44944741303577,13540.063232812909,723708.8977314127,2023-11-24
53.44944741303577,55.82007184706675,52.70509020887231,55.07571464290329,11835.046766488109,651823.6584965144,2023-11-27
55.07571464290329,55.72512784727029,53.092912039102394,53.74232524346939,186728.450444745,10035221.116010541,2023-11-28
53.74232524346939,55.83973129079935,52.87055857685191,54.967964624181874,17840.353123509034,980647.8993759572,2023-11-29
54.967964624181874,56.09837472076671,54.75979495713834,55.89020505372317,6866.512836279026,383770.810423657,2023-11-30
55.89020505372317,56.939379464884226,55.47084247604084,56.5200168872019,12599.631320251034,712131.3749931064,2023-12-01
56.5200168872019,58.38952046526595,56.403028136305394,58.27253171436945,21136.26846392567,1231663.8743875355,2023-12-04
58.27253171436945,59.6760976810039,57.79969253704494,59.20325850367939,34109.58217827078,2019398.4111526606,2023-12-05
59.20325850367939,60.47521245577182,59.004971135482926,60.27692508757535,34332.13988746575,2069435.8240929309,2023-12-06
60.27692508757535,61.36981707634911,60.10492031582311,61.197812304596866,37846.418899150434,2316118.0401913556,2023-12-07
61.197812304596866,62.20924411884961,60.67223938483468,61.68367119908743,13149.141557678686,811087.3243941084,2023-12-08
61.68367119908743,62.00500876421131,58.95158698786445,59.272924552988336,28921.841641681156,1714282.1375608435,2023-12-11
59.272924552988336,59.5645964376048,59.101437919594964,59.39310980421143,10928.752384833137,649092.590415432,2023-12-12
59.39310980421143,59.453389260152036,58.571229421104945,58.631508877045555,13417.104317557969,786665.0708991463,2023-12-13
58.631508877045555,58.9078218580952,56.68819986898347,56.96451285003311,10570.610345651306,602149.6688675468,2023-12-14
56.96451285003311,59.766163219740854,56.41963581708639,59.22128618679413,8512.482684431643,504120.1732148559,2023-12-15
59.22128618679413,61.98747407427349,59.04112392488268,61.807311812362045,51604.67721619175,3189546.3756774585,2023-12-18
61.807311812362045,64.34160261391133,61.54619112484515,64.08048192639444,38211.40693117578,2448605.371235313,2023-12-19
64.08048192639444,64.62238315430174,63.98798527701885,64.52988650492615,48114.18388952956,3104802.8256684886,2023-12-20
64.52988650492615,68.34675295630231,63.04141131247283,66.85827776384899,22730.216753696306,1519703.1453511214,2023-12-21
66.85827776384899,68.09142009446128,65.64691823578272,66.88006056639502,41004.87163903488,2742408.298735906,2023-12-22
66.88006056639502,67.89992663892984,66.21150040769979,67.23136648023461,5382.82428950152,361894.6325061852,2023-12-25
67.23136648023461,68.76474834274613,63.90246892031021,65.43585078282173,43935.15230122007,2874934.0701031834,2023-12-26
65.43585078282173,66.26477723458838,65.25706032312078,66.08598677488743,25379.470140561712,1677227.3280628119,2023-12-27
66.08598677488743,67.43271269954118,64.83510466026306,66.18183058491681,36376.84337331313,2407486.0853466634,2023-12-28
66.18183058491681,66.5426254216161,63.868388426301024,64.22918326300031,29852.343926503385,1917391.6688855002,2023-12-29
64.22918326300031,64.35840111594486,64.02237328902824,64.15159114197279,10000.155045145017,641525.8578124795,2024-01-01
64.15159114197279,64.55755674709118,63.630015935915516,64.03598154103392,6644.655854659055,425497.0596554702,2024-01-02
64.03598154103392,66.6056475852117,64.01355197554467,66.58321801972245,12460.970356696467,829691.5059972195,2024-01-03
66.58321801972245,68.20344753307072,66.38121743116398,68.00144694451224,34611.2421194299,2353614.54466808,2024-01-04
68.00144694451224,68.643964220714,67.37711048887806,68.01962776507982,38256.66728388872,2602204.2681826176,2024-01-05
68.01962776507982,68.62134073938178,67.79773596575458,68.39944894005654,7373.48825699917,504342.5335447212,2024-01-08
68.39944894005654,68.61075778963146,68.25326700544657,68.4645758550215,10047.915771158754,687926.2914993654,2024-01-09
68.4645758550215,69.00507386100185,67.63757513997109,68.17807314595144,12350.001348511456,841999.295291413,2024-01-10
68.17807314595144,68.71323103899374,66.19044157825904,66.72559947130134,16550.241151498067,1104324.762228309,2024-01-11
66.72559947130134,67.6342165433464,65.61487637376837,66.52349344581343,7408.322692039738,492827.50604837644,2024-01-12
66.52349344581343,66.7711343497586,65.32324738652196,65.57088829046712,7061.117380014325,463003.7389307952,2024-01-15
65.57088829046712,65.90349768320945,63.69475593074151,64.02736532348383,11413.26737913921,730761.4400187471,2024-01-16
64.02736532348383,64.81680934420054,63.880943287444964,64.67038730816166,23600.02544001846,1526222.7856884622,2024-01-17
64.67038730816166,65.751633795741,64.07227275586209,65.15351924344142,8565.729061892422,558087.3932681134,2024-01-18
65.15351924344142,65.20459745175968,62.99058197171281,63.04166018003106,20077.542724161758,1265721.6256666607,2024-01-19
63.04166018003106,63.28909208663762,62.639163701252954,62.88659560785952,51371.67620230301,3230589.8270321297,2024-01-22
62.88659560785952,64.29599343825498,62.69846375695159,64.10786158734705,7774.280636024956,498392.50695548026,2024-01-23
64.10786158734705,65.4952039402477,64.04982944125616,65.43717179415682,18673.177096551928,1221919.897609783,2024-01-24
65.43717179415682,67.10781259362194,65.09104125412104,66.76168205358616,50001.355147880706,3338174.574631255,2024-01-25
66.76168205358616,68.26507796744667,65.30931659827083,66.81271251213134,15762.441796063902,1053131.4922096208,2024-01-26
66.81271251213134,67.09347832216031,65.4735833007446,65.75434911077356,13919.753805051158,915284.3512333524,2024-01-29
65.75434911077356,66.15666648060146,64.02911125914721,64.43142862897511,55870.77151370911,3599833.627231324,2024-01-30
64.43142862897511,65.12073792361645,64.16454698792197,64.8538562825633,17240.87568675057,1118137.2739740612,2024-01-31
64.8538562825633,65.45801364094922,64.70287118287546,65.30702854126137,53294.90529706579,3480531.901339297,2024-02-01
65.30702854126137,67.65770410104182,64.4710603357524,66.82173589553284,31044.356415966417,2074437.7854744983,2024-02-02
66.82173589553284,68.88917780618571,66.11849920322412,68.18594111387699,16742.811445005307,1141624.3552698777,2024-02-05
68.18594111387699,68.24557123777343,67.95868939050304,68.01831951439948,32330.05023305278,2199035.6866683695,2024-02-06
68.01831951439948,68.68164690997273,65.85246384456823,66.51579124014148,28462.981040376308,1893237.7049537755,2024-02-07
66.51579124014148,67.24054010804187,65.40080516372345,66.12555403162384,49846.634312012444,3296136.3104935735,2024-02-08
66.12555403162384,66.75330216134323,65.75477336262443,66.38252149234383,14204.634587036866,942939.4607648653,2024-02-09
66.38252149234383,67.104667988051,65.429163073707,66.15130956941418,22764.665485726004,1505912.4337904193,2024-02-12
66.15130956941418,67.12418299918136,64.54266435641507,65.51553778618225,20968.727839444036,1373777.4810932674,2024-02-13
65.51553778618225,66.14302472281915,65.16024801397198,65.78773495060888,38689.30612495426,2545281.8167714593,2024-02-14
65.78773495060888,65.79303013487683,65.25689070382168,65.26218588808963,9699.762158461843,633027.6810557944,2024-02-15
65.26218588808963,66.06338411606586,63.82500296940545,64.62620119738168,49691.12568970849,3211348.686547482,2024-02-16
64.62620119738168,65.01600178529837,64.5466658515732,64.93646643948989,31986.301683315647,2077077.4057820255,2024-02-19
64.93646643948989,64.95005117331613,64.53279284312887,64.54637757695511,7680.653710650666,495758.3744454992,2024-02-20
64.54637757695511,65.09153391181457,64.23271820590016,64.77787454075961,57907.967404202005,3751155.0474197944,2024-02-21
64.77787454075961,65.30215179712624,64.5072454902008,65.03152274656743,131567.38918744036,8556027.662649518,2024-02-22
65.03152274656743,65.24471383377734,63.7908062513597,64.0039973385696,49092.776048646934,3142133.907560592,2024-02-23
64.0039973385696,64.01069584221837,63.55660037684065,63.56329888048941,68981.0986732373,4384666.192071514,2024-02-26
63.56329888048941,65.22853375828335,63.201551451021004,64.86678632881494,23583.37055835013,1529777.4589217629,2024-02-27
64.86678632881494,64.92854700297579,63.69063544916471,63.75239612332556,5830.138667410019,371685.3097786409,2024-02-28
63.75239612332556,63.78535706454213,61.68762127335545,61.72058221457202,5037.693609006064,310929.3825664828,2024-02-29
61.72058221457202,62.41589823489682,59.05172104936339,59.74703706968819,27012.787259990644,1613934.001778262,2024-03-01
59.74703706968819,60.625157662677225,58.90232122718568,59.780441820174715,13717.353016168454,820029.4239098564,2024-03-04
59.780441820174715,60.12712918302085,59.467936514197184,59.81462387704332,10597.135177924472,633863.6548417368,2024-03-05
59.81462387704332,61.198681627194425,58.305310212218366,59.689367962369474,20948.087927857712,1250378.1284339689,2024-03-06
59.689367962369474,61.05770129410366,59.58162009094314,60.949953422677325,36043.010134845244,2196819.7889319044,2024-03-07
60.949953422677325,61.19527961688212,57.89578115494088,58.14110734914567,6889.7767578506655,400579.25008984434,2024-03-08
58.14110734914567,59.47178803024663,57.31083461712229,58.64151529822325,15381.148324679787,901973.8447859506,2024-03-11
58.64151529822325,60.901113885285014,58.328819799253225,60.58841838631499,73710.20582167256,4465984.789664888,2024-03-12
60.58841838631499,61.01937817879307,58.66495855971992,59.095918352198,9318.615040408467,550692.113583543,2024-03-13
59.095918352198,59.35593880490668,58.33615217016607,58.596172622874754,44170.3465212546,2588213.24957163,2024-03-14
58.596172622874754,58.666934639088026,57.58102033041568,57.651782346628956,14946.245210131407,861677.6757538414,2024-03-15
57.651782346628956,58.09402178990623,56.125742127385024,56.5679815706623,34085.76092486511,1928162.6958197707,2024-03-18
56.5679815706623,56.8417895836475,55.906583692042965,56.180391705028164,52990.186009824494,2977009.4065542435,2024-03-19
56.180391705028164,58.42092538947932,55.59442640177518,57.83496008622634,39855.88745024477,2305063.6598860356,2024-03-20
57.83496008622634,60.76582516727817,57.201530091731605,60.13239517278344,45584.71225708752,2741117.931280812,2024-03-21
60.13239517278344,60.335858604738114,59.46308315517499,59.666546587129666,8766.782771204129,523083.6526372969,2024-03-22
59.666546587129666,62.89610661169673,59.02615542209602,62.25571544666308,53687.085892000934,3342327.94245297,2024-03-25
62.25571544666308,62.814543607556246,61.751246058290675,62.31007421918384,11134.965800021055,693820.5454273857,2024-03-26
62.31007421918384,66.39172310209626,60.84867284112049,64.93032172403291,27109.334998894403,1760217.8432027989,2024-03-27
64.93032172403291,65.55697477681196,64.15032299522679,64.77697604800584,27081.25173616712,1754241.5950637138,2024-03-28
64.77697604800584,66.0703160169777,63.689911235649774,64.98325120462164,32470.850140629325,2110061.4115161393,2024-03-29
64.98325120462164,66.29521727284272,64.22576466318162,65.5377307314027,28841.348285632448,1890196.5178743824,2024-04-01
65.5377307314027,70.89752177461236,65.01693574141652,70.37672678462617,11214.37837231211,789231.2427676301,2024-04-02
70.37672678462617,72.69336000899123,69.84743141610728,72.16406464047235,7480.882686054984,539850.9017242623,2024-04-03
72.16406464047235,72.2689199804221,70.59375085181472,70.69860619176447,44261.87358158158,3129252.7696538996,2024-04-04
70.69860619176447,73.81900141541657,69.54390809183765,72.66430331548975,25557.028912757334,1857083.70075934,2024-04-05
72.66430331548975,73.44000824949646,71.15285613128711,71.92856106529382,55243.25181173319,3973567.6113856547,2024-04-08
71.92856106529382,73.10315567126614,69.80829954043787,70.98289414641019,21252.15652323259,1508539.5768715597,2024-04-09
70.98289414641019,73.7857037800048,69.88354959098282,72.68635922457743,7157.159844217805,520227.89146453596,2024-04-10
72.68635922457743,75.43117170617563,69.99997275279875,72.74478523439696,47710.35526396805,3470679.5471341363,2024-04-11
72.74478523439696,73.57940458869226,72.41295165651103,73.24757101080633,16378.151700960958,1199659.8297418961,2024-04-12
73.24757101080633,73.77923953080045,72.7402343012286,73.27190282122272,28958.02845401301,2121809.846776644,2024-04-15
73.27190282122272,74.2491035420427,72.8579436626337,73.83514438345368,13121.828986176693,968852.1377693438,2024-04-16
73.83514438345368,76.00486565663955,72.3564678632056,74.52618913639147,82079.31937759774,6117058.8801211305,2024-04-17
74.52618913639147,74.98316229488555,71.07091647197959,71.52788963047367,10924.334913779643,781394.6219991604,2024-04-18
71.52788963047367,73.58475829319465,70.59732692356455,72.65419558628554,16815.497269624422,1221716.4275079432,2024-04-19
72.65419558628554,73.83069409662576,69.86273657945041,71.03923508979064,24003.596737350403,1705197.1516251669,2024-04-22
71.03923508979064,72.39166561142511,67.38402910167618,68.73645962331065,9193.519736043534,631929.998132666,2024-04-23
68.73645962331065,68.95938578843536,68.41802417543474,68.64095034055944,28693.205250670166,1969528.8767227302,2024-04-24
68.64095034055944,69.07031537378941,68.34318249654338,68.77254752977335,79979.7200363532,5500409.097618067,2024-04-25
68.77254752977335,69.00147484533082,67.50827274937797,67.73720006493544,14877.871762514205,1007785.3761178784,2024-04-26
67.73720006493544,69.08169809425225,67.60950999477654,68.95400802409335,30215.619003814623,2083488.0352419813,2024-04-29
68.95400802409335,69.63850431916184,66.33722382491828,67.02172011998677,2441.704624994508,163647.24399205914,2024-04-30
67.02172011998677,67.04520807657737,66.4044294310728,66.4279173876634,21351.059433681705,1418306.4121996996,2024-05-01
66.4279173876634,66.7959018034517,65.24379253666689,65.61177695245519,17146.78842584721,1125031.2576476275,2024-05-02
65.61177695245519,65.74410100005258,65.41651984595902,65.54884389355641,11443.78329734272,750126.7649092062,2024-05-03
65.54884389355641,66.13496741413364,65.32560680830188,65.91173032887912,52321.3807206119,3448592.7364915865,2024-05-06
65.91173032887912,66.7808809853059,63.78521572793684,64.65436638436363,16966.65208942928,1096968.1405059893,2024-05-07
64.65436638436363,66.80363152920302,63.41012084458573,65.55938598942511,19110.97412059217,1252903.7290058162,2024-05-08
65.55938598942511,65.79965728551056,65.39719975056174,65.63747104664719,16289.006317056845,1069169.1805144718,2024-05-09
65.63747104664719,65.67008146151069,63.38271578767361,63.415326202537116,4753.076172064451,301417.87591697363,2024-05-10
63.415326202537116,64.20255547938987,60.182653479002106,60.96988275585487,8905.379826071776,542959.9638919514,2024-05-13
60.96988275585487,60.9932954104586,60.929735187706676,60.95314784231041,47518.51905560747,2896403.3172440864,2024-05-14
60.95314784231041,60.98799966938747,60.63107880828818,60.66593063536524,4072.6105373758223,247068.70836529922,2024-05-15
60.66593063536524,62.00810782071013,59.194852401681885,60.53702958702677,11931.625038887481,722305.1380004409,2024-05-16
60.53702958702677,61.08448916750293,59.956080573038065,60.50354015351422,15998.079375224554,967940.4378580065,2024-05-17
60.50354015351422,60.99915845560129,60.268126761815154,60.76374506390222,88867.1195123247,5399898.994610229,2024-05-20
60.76374506390222,62.05022478219224,60.54399584435503,61.83047556264505,40736.63186262432,2518765.320886461,2024-05-21
61.83047556264505,62.47270452785845,59.938467649260005,60.5806966144734,14104.703162290183,854472.7431119052,2024-05-22
60.5806966144734,60.66821160218142,59.18431859946189,59.27183358716991,62543.08496669018,3707043.324173888,2024-05-23
59.27183358716991,59.83552286282442,57.48996310813605,58.05365238379056,12180.448260691403,707119.509204925,2024-05-24
58.05365238379056,58.81263886619303,57.61783953370698,58.37682601610945,49378.966985552455,2882587.364570808,2024-05-27
58.37682601610945,59.79478078529574,58.323978610389176,59.74193337957547,7427.155341728471,443712.6196253004,2024-05-28
59.74193337957547,60.00609165590758,58.98881288026451,59.25297115659662,51979.58193880043,3079944.669351693,2024-05-29
59.25297115659662,59.582245534195,56.24439684411365,56.57367122171203,15916.205509934642,900438.177616244,2024-05-30
56.57367122171203,56.85553198768723,54.199320224504454,54.48118099047965,9673.994716682313,527050.657060513,2024-05-31
54.48118099047965,54.60491658591888,53.29029570879426,53.41403130423349,18514.048653222853,988909.9743313474,2024-06-03
53.41403130423349,53.80271443844024,52.33198680981784,52.72066994402459,27498.186713126142,1449722.8257618858,2024-06-04
52.72066994402459,52.79902551407244,52.154747654535704,52.23310322458355,14826.942672425754,774457.2271137971,2024-06-05
52.23310322458355,52.747618316276814,51.762883931225375,52.27739902291864,34308.993666219016,1793584.9519637197,2024-06-06
52.27739902291864,52.32918769163701,51.88312872278707,51.934917391505444,13816.307730541743,717548.8006413034,2024-06-07
51.934917391505444,53.478351855494765,51.51161834686966,53.05505281085898,36181.30815481288,1919601.2149195604,2024-06-10
53.05505281085898,53.52119808463775,51.860144757677666,52.32629003145644,31375.344285888175,1641755.3649401842,2024-06-11
52.32629003145644,52.741110252625035,51.014501905555136,51.42932212672373,20978.671468530516,1078918.8527457644,2024-06-12
51.42932212672373,52.855438306971415,50.49549418002051,51.92161036026819,15473.654546772717,803417.0622269253,2024-06-13
51.92161036026819,52.67331549527316,49.65172668102312,50.40343181602809,24865.401957495695,1253301.5921427656,2024-06-14
50.40343181602809,50.93898002824841,50.27036342125124,50.80591163347156,34207.595684429034,1737948.0835366247,2024-06-17
50.80591163347156,51.77070517713102,49.94411206415388,50.90890560781334,114627.07617861748,5835539.0012768665,2024-06-18
50.90890560781334,51.253305400102285,50.422031745487836,50.76643153777678,46701.722971381925,2370879.821922878,2024-06-19
50.76643153777678,52.63530112803018,50.39680220011456,52.26567179036795,48088.193080135774,2513361.7165182196,2024-06-20
52.26567179036795,52.40642345402305,51.494835890077766,51.63558755373286,260617.67246251676,13457146.644488357,2024-06-21
51.63558755373286,53.96720678754453,51.373343351532796,53.70496258534446,33281.82667215479,1787399.2561999925,2024-06-24
53.70496258534446,54.50864631850506,52.641992588556185,53.44567632171678,32458.408459674636,1734761.5924538444,2024-06-25
53.44567632171678,54.00872151684363,51.491255015784375,52.05430021091122,38685.187718403155,2013730.3752092135,2024-06-26
52.05430021091122,52.57270880316982,51.61312902568092,52.131537617939514,9826.393098966057,512264.9814874102,2024-06-27
52.131537617939514,52.24133478071462,50.891361439603024,51.001158602378126,15442.499433182145,787585.3628088569,2024-06-28
51.001158602378126,51.20252641897963,50.01837341987735,50.21974123647885,14692.09079252954,737832.997823687,2024-07-01
50.21974123647885,50.8784673941796,49.965743248553146,50.624469406253894,36978.47190091419,1872015.5194378498,2024-07-02
50.624469406253894,51.634259612594455,50.16812793574341,51.17791814208397,19161.53858482966,980647.6531707959,2024-07-03
51.17791814208397,51.27374327359518,50.47805381986224,50.57387895137345,24601.894727054634,1244213.2459004938,2024-07-04
50.57387895137345,51.750971387574396,50.33838071389557,51.51547315009651,52573.30162086208,2708338.5080614462,2024-07-05
51.51547315009651,52.77329487497773,51.38757916251509,52.645400887396306,43937.37444483154,2313100.6915877983,2024-07-08
52.645400887396306,54.14008374690264,52.613044481009396,54.10772734051573,19353.39620576743,1047168.2850146357,2024-07-09
54.10772734051573,54.740514693454905,54.04910680284912,54.68189415578829,12887.381360440406,704706.4234968812,2024-07-10
54.68189415578829,56.265427957942414,54.564690902683644,56.148224704837766,54623.51711113767,3067013.5129247084,2024-07-11
56.148224704837766,56.56850761284134,53.64230521344934,54.06258812145291,40909.31000975872,2211663.1773904166,2024-07-12
54.06258812145291,54.39216008060288,53.35422445909603,53.683796418246,6093.601379013012,327127.6558848776,2024-07-15
53.683796418246,53.70862805175707,52.67611694713104,52.70094858064211,17145.256902199293,903571.3024047043,2024-07-16
52.70094858064211,53.28528220829659,52.24949285874658,52.83382648640106,25144.95023827894,1328503.9378984184,2024-07-17
52.83382648640106,52.86969363688326,52.18867302787474,52.224540178356946,41071.2553954539,2144927.427575442,2024-07-18
52.224540178356946,52.238969664079775,52.0386825763277,52.05311206205053,45619.0739285746,2374614.7673710617,2024-07-19
52.05311206205053,54.05367304352724,51.953782765811546,53.954343747288256,27642.916811237188,1491455.4358111846,2024-07-22
53.954343747288256,55.198385344032545,52.51858468207095,53.76262627881524,35178.768960606096,1891303.008577851,2024-07-23
53.76262627881524,54.49966876017471,53.47622590882451,54.21326839018398,23186.12786354165,1256995.7727953065,2024-07-24
54.21326839018398,54.43592415448259,53.74512369717475,53.96777946147336,12847.681544026986,693360.84415929,2024-07-25
53.96777946147336,54.58905692060123,53.42357391013533,54.0448513692632,17871.963645851418,965887.6189169151,2024-07-26
54.0448513692632,54.098864138144336,53.996745101821,54.050757870702135,22363.667833677206,1208773.1951788964,2024-07-29
54.050757870702135,55.59255587059544,52.935157165959694,54.476955165853,21423.775735902425,1167102.0702480457,2024-07-30
54.476955165853,55.75025725456059,54.29772082115771,55.5710229098653,4873.373449850387,270818.34762996517,2024-07-31
55.5710229098653,57.35096394089252,55.40952953819004,57.189470569217264,16026.73159908622,916560.2951066857,2024-08-01
57.189470569217264,57.95067673509831,56.76013077155076,57.52133693743181,23039.479478400743,1325261.6619401348,2024-08-02
57.52133693743181,58.32261710781553,57.33655737050543,58.13783754088915,17586.80187897207,1022458.6305034823,2024-08-05
58.13783754088915,58.26335510414779,56.83983800798096,56.9653555712396,18079.626283836147,1029912.3398538553,2024-08-06
56.9653555712396,57.39939559810493,56.44110620763705,56.87514623450238,32545.457932108802,1851027.6791575337,2024-08-07
56.87514623450238,57.97414283145548,56.71460369713142,57.81360029408452,9291.304579950773,537163.7691958708,2024-08-08
57.81360029408452,59.33754847732804,57.169275534974375,58.6932237182179,5988.32026656186,351473.8211016535,2024-08-09
58.6932237182179,58.95802345799697,58.64462221883931,58.90942195861838,16671.636934100898,982116.4948918367,2024-08-12
58.90942195861838,59.96109804848156,58.742421222673244,59.79409731253642,40590.589150610576,2427077.637644794,2024-08-13
59.79409731253642,61.65865700304671,58.42461070801019,60.28917039852048,84969.05680354366,5122713.944230409,2024-08-14
60.28917039852048,61.68790370011085,60.09019419597822,61.48892749756859,41179.7780689774,2532100.3880493166,2024-08-15
61.48892749756859,62.16363095791029,61.11459094138649,61.78929440172819,6804.837206063987,420466.0894813212,2024-08-16
61.78929440172819,62.137838726213296,61.082564268415226,61.43110859290033,18289.93538362319,1123571.0067084862,2024-08-19
61.43110859290033,62.22338188561966,60.96795995160032,61.76023324431965,27046.354462652806,1670389.1600219829,2024-08-20
61.76023324431965,62.18848530176586,58.590133420622095,59.0183854780683,25389.04075447222,1498420.1941658275,2024-08-21
59.0183854780683,59.681202806589454,58.80413478712881,59.46695211564996,33909.26779723097,2016480.8043746853,2024-08-22
59.46695211564996,59.53456289510869,55.38730822747801,55.45491900693674,10576.193338872614,586501.9450088846,2024-08-23
55.45491900693674,55.50033857000816,52.88605197422937,52.93147153730079,23201.08839288901,1228067.7499026044,2024-08-26
52.93147153730079,54.19811583751907,52.362740769863514,53.629385070081796,30830.45452821255,1653418.3177791578,2024-08-27
53.629385070081796,54.99237371061279,52.98659601359689,54.34958465412788,42639.518332889,2317440.111244588,2024-08-28
54.34958465412788,55.11313248865952,51.909493895213,52.67304172974463,11561.379473328912,608973.0234520668,2024-08-29
52.67304172974463,52.830908304707734,51.50299329292242,51.66085986788552,16711.869696530604,863349.55852283,2024-08-30
51.66085986788552,54.00852241521594,51.23237553425661,53.580038081587034,2532.45851753007,135689.2238093006,2024-09-02
53.580038081587034,53.821418396852934,52.63126670283376,52.87264701809966,13397.594111990713,708366.2643750553,2024-09-03
52.87264701809966,56.71352610539409,52.27065518508546,56.111534272379885,14479.195219381658,812449.8587888129,2024-09-04
56.111534272379885,56.68964898010814,55.53014295181393,56.10825765954218,9743.273158973707,546678.0808509983,2024-09-05
56.10825765954218,57.38980859738614,55.4952527634657,56.77680370130966,25146.895289805125,1427760.337566654,2024-09-06
56.77680370130966,59.83130182816362,56.34430969217947,59.39880781903343,21062.377148463027,1251080.0924535566,2024-09-09
59.39880781903343,60.46181083387663,58.56643544256391,59.62943845740711,3614.211160572313,215513.38197142066,2024-09-10
59.62943845740711,60.69501766015402,56.898656251684045,57.964235454430955,26170.97825071682,1516980.7453973414,2024-09-11
57.964235454430955,58.479534480067045,57.270130119571924,57.78542914520801,10481.223480346078,605661.9967786288,2024-09-12
57.78542914520801,58.25540274675369,57.26010244778075,57.73007604932643,32485.56667450985,1875394.2346249179,2024-09-13
57.73007604932643,58.62433938390053,54.843981580967025,55.738244915541124,7899.217649300778,440288.5279778918,2024-09-16
55.738244915541124,57.80450646689078,53.29481965530919,55.361081206658845,22561.613666508027,1249035.3263448149,2024-09-17
55.361081206658845,56.542562085461626,53.143787472326004,54.325268351128784,17561.588719826046,954038.0198767062,2024-09-18
54.325268351128784,56.103170962403524,53.81366105841595,55.59156366969069,28070.697228282756,1560493.952218691,2024-09-19
55.59156366969069,56.06313956235,55.167597564204726,55.639173456864036,24337.11479982204,1354096.9517869113,2024-09-20
55.639173456864036,56.195858214277614,54.71118481774367,55.26786957515725,17959.39508374198,992577.5051369721,2024-09-23
55.26786957515725,55.94405274377843,54.45826697615336,55.13445014477454,6444.498813695067,355313.89855172933,2024-09-24
55.13445014477454,55.584973751235744,54.9531952621578,55.403718868619,6756.319912980428,374325.24904522,2024-09-25
55.403718868619,56.84302113683621,54.686740146526425,56.12604241474363,13806.44027294346,774900.8523558492,2024-09-26
56.12604241474363,56.3148970076426,54.79853564637028,54.98739023926925,21881.04668372518,1203181.6528416649,2024-09-27
54.98739023926925,55.015967751206105,53.79488015317844,53.82345766511529,13539.974216810477,728768.2290452513,2024-09-30
53.82345766511529,55.33869306342004,53.549998926732925,55.06523432503767,36321.660288646875,2000060.7348687556,2024-10-01
55.06523432503767,55.35439965220473,54.30436846596824,54.59353379313529,17617.064138390528,961777.7863750552,2024-10-02
54.59353379313529,54.916519530044475,52.73083560848483,53.05382134539401,10178.061200779053,539985.0405886184,2024-10-03
53.05382134539401,53.76169678035428,52.84352130285673,53.551396737816994,17632.921360552813,944267.5674256915,2024-10-04
53.551396737816994,55.22755994492111,52.38321640575497,54.05937961285909,26388.612966331355,1426552.0458037222,2024-10-07
54.05937961285909,54.18090581377828,52.326591219166616,52.44811742008581,28564.151743530085,1498135.9846498147,2024-10-08
52.44811742008581,53.72321082366651,51.42463375956621,52.69972716314692,98982.9909326206,5216376.61594135,2024-10-09
52.69972716314692,54.02226485863898,52.16143023008977,53.48396792558183,12898.58027378341,689867.2536485743,2024-10-10
53.48396792558183,54.80755113533003,52.55748964103072,53.88107285077892,20769.006259394242,1119056.3393007047,2024-10-11
53.88107285077892,54.545279353076005,53.87203315273353,54.53623965503061,30973.86791411861,1689198.2836076356,2024-10-14
54.53623965503061,54.59683758595719,53.05985959422422,53.1204575251508,21617.568782773866,1148335.144322365,2024-10-15
53.1204575251508,53.70932485219356,52.875998448213856,53.46486577525662,14757.481938221688,789006.7910077964,2024-10-16
53.46486577525662,54.47385798913026,52.151322555813096,53.160314769686735,6377.900576394597,339051.2022109032,2024-10-17
53.160314769686735,53.424384517275236,52.42973210957008,52.69380185715858,14637.358673447783,771298.0776508191,2024-10-18
52.69380185715858,53.86135063128219,52.348315498611434,53.515864272735044,9330.445760582412,499326.86892744445,2024-10-21
53.515864272735044,55.389661057049274,53.06285135112167,54.9366481354359,5534.268376476593,304034.15448556474,2024-10-22
54.9366481354359,57.33365149100769,54.40779086504859,56.80479422062038,11654.608109470922,662037.6153804692,2024-10-23
56.80479422062038,58.36304824102381,56.78300085217345,58.34125487257688,9531.206829225554,556062.5668670934,2024-10-24
58.34125487257688,58.44661026424988,58.10209725245048,58.20745264412347,35137.6764265181,2045274.6366210857,2024-10-25
58.20745264412347,59.71606297658636,57.1132084274523,58.621818759915186,35627.513516508436,2088549.640231186,2024-10-28
58.621818759915186,59.60668222547197,58.51751930634765,59.502382771904436,10688.210262377423,635973.9781785785,2024-10-29
59.502382771904436,59.64891530584952,59.4943326212181,59.64086515516318,17886.77864180747,1066782.953036292,2024-10-30
59.64086515516318,59.90406614080799,59.521990216685246,59.785191202330054,4981.099208743925,297795.9685925305,2024-10-31
59.785191202330054,61.10978714879771,59.34522510958126,60.66982105604891,14831.7886758845,899841.9649070452,2024-11-01
60.66982105604891,60.95926517513159,60.316736895537986,60.60618101462067,30308.56184007921,1836886.185172665,2024-11-04
60.60618101462067,60.6966522824889,59.76491518616833,59.85538645403656,42614.51967774404,2550708.543864515,2024-11-05
59.85538645403656,59.900971860828655,59.39217510329298,59.43776051008507,12451.076134294442,740064.0813630288,2024-11-06
59.43776051008507,60.35984512587192,59.13890620969279,60.06099082547964,51097.14421476669,3068945.109891312,2024-11-07
60.06099082547964,60.58970561099679,59.53518825353726,60.0639030390544,6551.481346232692,393507.540342294,2024-11-08
60.0639030390544,60.524788549905224,59.92447151254747,60.38535702339829,8118.476242525579,490237.0863908842,2024-11-11
60.38535702339829,61.220019168438846,60.172592455776986,61.00725460081754,38860.34078732916,2370762.7042871243,2024-11-12
61.00725460081754,61.208061317546964,60.46149867030421,60.66230538703363,83859.40980595021,5087105.127224955,2024-11-13
60.66230538703363,61.62122591265895,60.38534353443155,61.344264060056865,32687.42056096222,2005185.7583337985,2024-11-14
61.344264060056865,61.88442862466633,61.147134941847156,61.68729950645662,21326.93465790855,1315601.0057970346,2024-11-15
61.68729950645662,62.03226796949181,60.25481585654206,60.59978431957725,3804.169582740781,230531.85622918754,2024-11-18
60.59978431957725,62.36819812779604,60.147886709428526,61.916300517647315,4367.920667970824,270445.4887153243,2024-11-19
61.916300517647315,62.539582241084965,60.80786101370135,61.431142737139,24429.034185513447,1500703.4859807247,2024-11-20
61.431142737139,62.25099695759194,59.06558951209429,59.88544373254723,16540.213297334656,990518.0127418641,2024-11-21
59.88544373254723,60.3085019387927,58.43292712802128,58.85598533426675,9093.651887373064,535215.8421181561,2024-11-22
58.85598533426675,58.86273485092953,57.848968073680645,57.855717590343424,23212.03248181712,1342948.7959658897,2024-11-25
57.855717590343424,57.91242453526869,57.850184335729026,57.90689128065429,24151.580305154548,1398542.9349865757,2024-11-26
57.90689128065429,57.953212387464106,57.60130435088657,57.647625457696385,46888.73317819434,2703024.1284424094,2024-11-27
57.647625457696385,57.94385700818018,57.04320391319383,57.339435463677624,24570.00886719018,1408830.4377822382,2024-11-28
57.339435463677624,58.559349363794915,56.67292719375908,57.89284109387637,58848.13930888499,3406885.977679578,2024-11-29
57.89284109387637,58.23556844693777,57.851625170673984,58.19435252373538,22167.781360227564,1290039.6831461731,2024-12-02
58.19435252373538,58.80426160483834,57.85937103435557,58.469280115458524,20085.069441210664,1174359.5512965824,2024-12-03
58.469280115458524,58.855980764984196,58.432462841169034,58.819163490694706,51608.91712285575,3035593.333826966,2024-12-04
58.819163490694706,59.67467875177927,58.483020046176605,59.33853530726117,10069.308318016252,597498.0071483059,2024-12-05
59.33853530726117,59.7857440610239,57.15102961859578,57.59823837235851,209307.12766099357,12055721.83205158,2024-12-06
57.59823837235851,57.70647574331394,57.152294459402945,57.260531830358374,29738.743883850035,1702856.2907560703,2024-12-09
57.260531830358374,57.32616397688049,55.265790643042045,55.33142278956416,29871.59782069588,1652838.008416747,2024-12-10
55.33142278956416,55.657176841126834,55.04172410365804,55.36747815522072,33526.0081463783,1856250.5236763523,2024-12-11
55.36747815522072,56.422011826632335,54.30847410232348,55.3630077737351,98884.6383296825,5474551.000549195,2024-12-12
55.3630077737351,56.47751600613424,55.23150414536031,56.34601237775945,41523.13120347295,2339662.8647542163,2024-12-13
56.34601237775945,57.734207578228336,56.10861129535492,57.496806495823805,6099.4581405442495,350699.36443625,2024-12-16
57.496806495823805,58.24190011845035,56.955194051785206,57.700287674411754,67695.589415132,3906054.9835419795,2024-12-17
57.700287674411754,58.32090414263306,56.59502772119734,57.21564418941865,16768.924769351666,959444.8330423541,2024-12-18
57.21564418941865,58.42684758367519,56.46361795151839,57.67482134577493,23997.958861394774,1384077.9899942,2024-12-19
57.67482134577493,58.10011366020217,56.7612096267524,57.186501941179635,7915.647868825745,452668.2122162979,2024-12-20
57.186501941179635,57.657755142851805,56.71399139501092,57.18524459668309,33555.68627074965,1918890.1270023792,2024-12-23
57.18524459668309,58.07241468767877,57.16787101580704,58.05504110680272,13080.797157877096,759406.216710303,2024-12-24
58.05504110680272,58.09517850397529,57.51631815986205,57.556455557034624,23864.223945604233,1373540.1449282914,2024-12-25
57.556455557034624,58.665597184631764,57.15669769770161,58.26583932529875,17548.448066266934,1022475.0554374587,2024-12-26
58.26583932529875,59.00373031967338,58.12968759605331,58.86757859042794,102745.4903018214,6048378.225154523,2024-12-27
58.86757859042794,59.40321708092832,57.49394221913511,58.02958070963549,107560.44419507073,6241687.477582101,2024-12-30
58.02958070963549,59.251329759631126,57.67012585422352,58.89187490421916,22861.52249979137,1346357.923177705,2024-12-31
58.89187490421916,60.15868215078511,58.25756649822151,59.52437374478746,23183.17708773554,1379964.0975619636,2025-01-01
59.52437374478746,60.04211878533865,59.0986315685709,59.61637660912209,16337.945513164304,974009.1127321196,2025-01-02
59.61637660912209,59.83004915005821,58.737230639294715,58.95090318023083,53359.37849903435,3145583.5556538645,2025-01-03
58.95090318023083,59.21586990865255,57.947515725680105,58.212482454101824,16930.36617626149,985558.643977141,2025-01-06
58.212482454101824,58.88460630196754,57.08173598908076,57.753859836946475,15723.790773786344,908109.6084547287,2025-01-07
57.753859836946475,58.52342000121319,57.43996563432668,58.2095257985934,48188.43294921038,2805025.8309508497,2025-01-08
58.2095257985934,58.23194418604297,57.39849292436681,57.42091131181639,14319.25943503284,822224.9260699108,2025-01-09
57.42091131181639,58.27062029186183,56.93489012497962,57.78459910502506,21371.124607205467,1234921.8678509041,2025-01-10
57.78459910502506,58.201403147095554,56.36035506791437,56.777159109984865,6216.431919740284,352951.34420348273,2025-01-13
56.777159109984865,56.812260763878534,56.57230142086037,56.60740307475404,38690.612405796506,2190175.091664002,2025-01-14
56.60740307475404,56.96992015452345,56.33371400300639,56.6962310827758,104056.94239803668,5899636.451966179,2025-01-15
56.6962310827758,59.635017869689804,55.72281352335066,58.66160031026466,39221.498173371845,2300795.849416115,2025-01-16
58.66160031026466,59.15544172795037,56.8366489367723,57.33049035445801,70929.33183131968,4066413.3744036243,2025-01-17
57.33049035445801,59.420594577101696,56.72609766552514,58.81620188816883,11193.83311669084,658378.7484937585,2025-01-20
58.81620188816883,59.15653710112815,58.63721394260186,58.977549155561185,26610.454014401555,1569419.3596861681,2025-01-21
58.977549155561185,59.53635641697241,58.84824167130068,59.4070489327119,10357.560970151437,615312.1313773333,2025-01-22
59.4070489327119,60.081801786269196,58.853071277107134,59.52782413066443,18357.39121761698,1092775.5559001074,2025-01-23
59.52782413066443,60.24288840967721,59.25369898404571,59.96876326305849,40854.37451731993,2449986.3136894885,2025-01-24
59.96876326305849,61.120115069056254,58.66836280419762,59.81971461019538,23895.76416166341,1429437.79254324,2025-01-27
59.81971461019538,61.57797886434949,59.44270023650527,61.20096449065937,7114.4782861044305,435412.9329574444,2025-01-28
61.20096449065937,61.270380793992395,60.67126939568295,60.74068569901597,7692.312369702238,467236.3279467364,2025-01-29
60.74068569901597,61.9587372931425,60.64330655911544,61.861358153241966,7295.907509582494,451334.74750321027,2025-01-30
61.861358153241966,62.10215292729101,60.96736748828385,61.20816226233289,32635.70038341101,1997571.244612701,2025-01-31
61.20816226233289,61.59974854241162,60.75676768984381,61.14835396992254,114819.38741439587,7021016.544225148,2025-02-03
61.14835396992254,61.43584428387432,59.83928868461526,60.12677899856704,65510.55772007208,3938938.826107644,2025-02-04
60.12677899856704,60.668897589045706,60.02315728225578,60.565275872734446,4832.947653277854,292708.8078992578,2025-02-05
60.565275872734446,62.84008185972397,59.672449650752164,61.94725563774169,68655.79013434352,4253037.782463322,2025-02-06
61.94725563774169,62.178815616301826,61.63699215007368,61.868552128633816,46589.02762098016,2882395.6839909717,2025-02-07
61.868552128633816,62.07286529293374,61.47071109850551,61.67502426280544,6398.123630180515,394604.430127812,2025-02-10
61.67502426280544,62.18565557147461,60.1114544346798,60.622085743348975,17282.309873017344,1047689.670965184,2025-02-11
60.622085743348975,60.92264959113215,60.10278419571888,60.403348043502056,52913.71934914323,3196165.806122488,2025-02-12
60.403348043502056,60.81353537823872,58.5370053224423,58.94719265717896,34212.51558033818,2016731.7472009314,2025-02-13
58.94719265717896,59.00759662350981,58.01097008932891,58.07137405565976,7728.91645755711,448828.79865174374,2025-02-14
58.07137405565976,59.75514416583193,56.60437868872183,58.288148798894,35903.63147442399,2092756.2138018797,2025-02-17
58.288148798894,60.13284357223845,57.681839001251966,59.526533774596416,3983.832294783114,237143.72764773498,2025-02-18
59.526533774596416,63.33340386130132,58.5530394929916,62.359909579696506,18430.132857379438,1149301.4185279754,2025-02-19
62.359909579696506,62.70883917485159,61.257413948685006,61.60634354384009,54740.84480485356,3372383.2909278423,2025-02-20
61.60634354384009,64.69111453350362,60.33479136996101,63.41956235962455,22352.99001346908,1417616.844083267,2025-02-21
63.41956235962455,64.57693487431136,62.58910035388621,63.746472868573015,14777.33637455331,942003.0722702397,2025-02-24
63.746472868573015,63.755092493582154,63.54232427287925,63.55094389788839,44867.85993366371,2851394.8494625767,2025-02-25
63.55094389788839,64.78265621459548,62.858860840104505,64.09057315681159,48040.58493261259,3078948.6231196276,2025-02-26
64.09057315681159,64.33435293517815,63.92208369594413,64.16586347431068,62820.187279321166,4030911.5603955504,2025-02-27
64.16586347431068,64.564692786566,63.89656696912282,64.29539628137813,44332.52754780179,2850377.4268410285,2025-02-28
64.29539628137813,64.49961166097127,63.63009782091947,63.8343132005126,52318.21325116487,3339697.2107660663,2025-03-03
63.8343132005126,64.20682346168188,61.95037922177669,62.322889482945975,39589.802282089346,2467350.8722783364,2025-03-04
62.322889482945975,63.558397115314136,59.38919705183676,60.62470468420492,27239.48677680462,1651385.841593085,2025-03-05
60.62470468420492,61.94497509658939,60.0598116899505,61.38008210233497,23661.563085143334,1452348.684835676,2025-03-06
61.38008210233497,62.277181502476175,60.16802872833554,61.06512812847675,18218.488784881665,1112514.3519560157,2025-03-07
61.06512812847675,61.307695929793965,60.17164454350506,60.414212344822275,8350.739406091989,504503.34371591645,2025-03-10
60.414212344822275,61.030529360335386,59.80694463752469,60.4232616530378,10257.360177152765,619783.1578535517,2025-03-11
60.4232616530378,61.87165180898371,59.79707125771722,61.24546141366313,17577.736601395743,1076556.588760317,2025-03-12
61.24546141366313,61.653289242347206,61.024331745419,61.432159574103075,26719.84235330302,1641457.619242989,2025-03-13
61.432159574103075,62.010663382726065,60.198565258633295,60.777069067256285,69748.42218355217,4239104.672381901,2025-03-14
60.777069067256285,62.4529483865771,60.31382011768757,61.98969943700838,21302.12725206247,1320512.4657242578,2025-03-17
61.98969943700838,64.99076353640862,60.63285988178493,63.63392398118517,49157.31933021987,3128073.1213780553,2025-03-18
63.63392398118517,64.61767485245753,63.208622982279856,64.19237385355221,52232.09988226408,3352902.4827983766,2025-03-19
64.19237385355221,65.56410509845165,63.90694303407,65.27867427896943,18303.408198588702,1194822.2219906906,2025-03-20
65.27867427896943,66.87458002378833,65.10189347540633,66.69779922022522,35445.520719480024,2364138.2242042115,2025-03-21
66.69779922022522,68.35008545140757,66.40086543609776,68.0531516672801,18127.357978380118,1233623.8418297821,2025-03-24
68.0531516672801,69.36798616764432,67.4989130083033,68.81374750866752,63431.046643902984,4364928.027964052,2025-03-25
68.81374750866752,71.25229424247976,67.10951182421003,69.54805855802228,36631.89802675754,2547677.389056434,2025-03-26
69.54805855802228,70.44440488025323,69.28287739732696,70.17922371955791,8498.228391701661,596399.0715211297,2025-03-27
70.17922371955791,70.39531493211551,68.66710646126539,68.88319767382299,25064.79928092216,1726543.5235224576,2025-03-28
68.88319767382299,70.01732218777288,68.58664104519059,69.72076555914047,82329.90854513965,5740104.2521811575,2025-03-31
69.72076555914047,70.84239078676508,67.00938740199801,68.13101262962262,19053.67303799289,1298146.0383921934,2025-04-01
68.13101262962262,68.13896197022544,67.17192075456624,67.17987009516906,31513.52267851764,2117074.359783979,2025-04-02
67.17987009516906,69.51143647246028,66.4017767245134,68.7333431018046,34088.08095949046,2342987.7642707503,2025-04-03
68.7333431018046,69.95359683479272,68.56798381497691,69.78823754796502,9611.366434481899,670760.3238901604,2025-04-04
69.78823754796502,72.21622604342605,69.25483542455757,71.68282392001859,33142.32214780674,2375735.2428217633,2025-04-07
71.68282392001859,71.87155333022923,71.12591731202261,71.31464672223325,7222.322661142657,515057.3890933681,2025-04-08
71.31464672223325,72.1899164114518,68.9501056933476,69.82537538256615,13353.058181750503,932382.300045975,2025-04-09
69.82537538256615,69.86162156950981,69.47684481391325,69.5130910008569,52082.19246378788,3620394.18425943,2025-04-10
69.5130910008569,69.95209843894504,69.20194535471425,69.6409527928024,29301.82360792433,2040606.914622481,2025-04-11
69.6409527928024,69.95871322925275,69.41888930513898,69.73664974158933,17264.674453861284,1203980.5552914895,2025-04-14
69.73664974158933,71.24947445335785,69.56455345938699,71.0773781711555,31481.923942141995,2237652.613591181,2025-04-15
71.0773781711555,71.32220122671957,70.3944058647068,70.63922892027087,20992.61948415369,1482902.4533772708,2025-04-16
70.63922892027087,72.37460211016253,69.31873544161198,71.05410863150364,22249.23270611797,1580899.39766811,2025-04-17
71.05410863150364,71.20707303729807,69.77361129756777,69.9265757033622,37251.77305161921,2604888.9283785187,2025-04-18
69.9265757033622,70.68310979210374,69.68558271830305,70.44211680704458,12309.244045114012,867089.2068323392,2025-04-21
70.44211680704458,71.15137745177252,69.73634465104129,70.44560529576923,22748.83295640581,1602555.3073863508,2025-04-22
70.44560529576923,71.05860404217373,69.02172416593258,69.63472291233708,17157.410258478063,1194751.5092424096,2025-04-23
69.63472291233708,69.64095772643603,69.37704351252037,69.38327832661932,6195.120842437935,429837.79367791157,2025-04-24
69.38327832661932,70.61409400543653,67.96197900550575,69.19279468432296,10547.407720347963,729804.6168458795,2025-04-25
69.19279468432296,69.45152393725242,68.66298348112804,68.9217127340575,77231.69105337102,5322940.424745915,2025-04-28
68.9217127340575,71.78823855117301,67.80905741491603,70.67558323203154,29964.80039708468,2117779.74449537,2025-04-29
70.67558323203154,71.4818190548582,69.76127278549735,70.56750860832402,7639.8202842417495,539123.0836742781,2025-04-30
70.56750860832402,70.65740241828013,70.21839911872884,70.30829292868495,6423.487665925787,451624.452439705,2025-05-01
70.30829292868495,70.8090865394051,67.67331002425074,68.17410363497089,20136.087452778625,1372759.712808567,2025-05-02
68.17410363497089,68.68136941875292,66.6536282485964,67.16089403237844,76799.17881312672,5157901.510042087,2025-05-05
67.16089403237844,68.02988741154414,65.99674813374756,66.86574151291326,18969.609776458496,1268417.023913506,2025-05-06
66.86574151291326,67.00577127036293,65.98496320636846,66.12499296381813,62667.58722039338,4143893.7640079716,2025-05-07
66.12499296381813,67.62532037042024,66.10676992419121,67.60709733079332,29188.92445024512,1973378.4562888946,2025-05-08
67.60709733079332,67.88482857962371,67.14272135200899,67.42045260083938,32112.49116452222,2165038.6884525437,2025-05-09
67.42045260083938,68.89256971952472,67.37315044081745,68.84526755950279,7566.028655245518,520885.26713324274,2025-05-12
68.84526755950279,70.51831565967738,67.24360593651087,68.91665403668547,46630.883534839035,3213644.4679954746,2025-05-13
68.91665403668547,69.42584507585838,68.44915982911185,68.95835086828475,16849.131142051996,1161888.2971193648,2025-05-14
68.95835086828475,69.52695703839206,68.29345967594276,68.86206584605006,43935.32577742192,3025477.2966524884,2025-05-15
68.86206584605006,69.30962793989457,68.41849424166308,68.8660563355076,11483.471440050127,790821.3911176845,2025-05-16
68.8660563355076,71.417630405454,68.09148889656687,70.64306296651328,25378.039134202223,1792782.416524086,2025-05-19
70.64306296651328,70.74727605602186,67.94710803981197,68.05132112932054,29190.610056998623,1986459.5789495872,2025-05-20
68.05132112932054,69.32064659877106,64.26184078278584,65.53116625223636,19472.789245596196,1276074.5894479246,2025-05-21
65.53116625223636,65.65986316468204,64.65685881130005,64.78555572374573,30443.754777053167,1972315.5715488282,2025-05-22
64.78555572374573,65.3438330514379,64.24656836722812,64.80484569492029,17798.729188837773,1153443.8986483056,2025-05-23
64.80484569492029,66.31911690965488,64.17744416223648,65.69171537697108,13105.040387175339,860892.5831180331,2025-05-26
65.69171537697108,66.40847972879124,65.57866768520358,66.29543203702374,79569.54564574313,5275097.405574222,2025-05-27
66.29543203702374,66.72329748687146,65.39052744241442,65.81839289226214,50978.65491855315,3355333.138548383,2025-05-28
65.81839289226214,67.96972172078756,64.9007346179737,67.05206344649912,11983.766292761078,803536.2577902334,2025-05-29
67.05206344649912,68.80085101130882,66.58238421788216,68.33117178269187,34709.03978264726,2371709.359800356,2025-05-30
68.33117178269187,68.97663554511963,67.918479886549,68.56394364897676,12159.389105687635,833695.6694483489,2025-06-02
68.56394364897676,70.13812038843142,68.17725414997416,69.75143088942882,8537.74572295506,595519.9807462164,2025-06-03
69.75143088942882,70.11577242198642,69.72808064474094,70.09242217729854,50364.7876989984,3530189.962268208,2025-06-04
70.09242217729854,70.21115178243559,69.29550821042565,69.4142378155627,5634.818967309231,391136.6638444464,2025-06-05
69.4142378155627,70.94599454275935,68.70856346007479,70.24032018727144,46234.64699016399,3247536.408334584,2025-06-06
70.24032018727144,71.65743472673365,68.95330648477147,70.37042102423369,17994.512871657895,1266281.4469045585,2025-06-09
70.37042102423369,70.45745098541767,70.28491770535823,70.3719476665422,18597.133176672556,1308716.4826565168,2025-06-10
70.3719476665422,72.19941725190978,70.18898782240535,72.01645740777293,30570.811974859673,2201601.5785085163,2025-06-11
72.01645740777293,72.70862545188166,68.46089733625728,69.153065380366,35065.010120615734,2424852.9374341355,2025-06-12
69.153065380366,70.19422259989031,66.20672236706108,67.24787958658538,11372.1817915838,764755.1117571862,2025-06-13
67.24787958658538,68.30610770249768,64.56973682633509,65.62796494224739,39111.83896611978,2566830.3964953343,2025-06-16
65.62796494224739,66.30762549532237,64.45165467054834,65.13131522362332,24117.582804575053,1570809.888076615,2025-06-17
65.13131522362332,65.36189768642565,64.5665557607235,64.79713822352583,8063.928838694588,522519.5115855694,2025-06-18
64.79713822352583,65.09152328604027,62.62775419392832,62.92213925644275,19227.568992335408,1209839.773698589,2025-06-19
62.92213925644275,64.52294280056,60.06292964835588,61.663733192473146,66504.38820069031,4100908.8501360267,2025-06-20
61.663733192473146,62.58379789747773,59.663920351982895,60.58398505698748,84227.42321521207,5102832.949458968,2025-06-23
60.58398505698748,64.41542974429414,59.85869852011501,63.69014320742168,39100.039886457605,2490287.1397843845,2025-06-24
63.69014320742168,66.8322879654224,63.37883181717718,66.5209765751779,8499.18205874572,565373.8906379964,2025-06-25
66.5209765751779,67.28190026622589,65.04672625538221,65.8076499464302,32613.628168062554,2146226.2259668964,2025-06-26
65.8076499464302,66.45648470310992,64.55800837930464,65.20684313598436,43507.5046587409,2836987.0315206265,2025-06-27
65.20684313598436,66.05410551533902,62.56540900964297,63.41267138899763,39362.40243015469,2496075.090384881,2025-06-30
63.41267138899763,63.58978346393041,60.333366947032914,60.51047902196569,41272.98426745919,2497448.0486900094,2025-07-01
60.51047902196569,60.60388487322918,60.226539594280226,60.31994544554371,29454.749911682793,1776708.9077848394,2025-07-02
60.31994544554371,61.528295995004406,57.57803283603529,58.78638338549599,20786.730989691914,1221976.7372911994,2025-07-03
58.78638338549599,59.05414613073248,58.39037247498615,58.65813522022264,13538.679329626677,794153.6828204748,2025-07-04
58.65813522022264,60.35208768197982,54.69725672561301,56.39120918737019,4825.412899795041,272110.86824777676,2025-07-07
56.39120918737019,56.7548693054975,54.91792679417782,55.28158691230514,28903.3681811664,1597824.0601655052,2025-07-08
55.28158691230514,55.98800484200676,54.785658763300646,55.49207669300227,25561.491889495668,1418460.2683194492,2025-07-09
55.49207669300227,56.02114667700843,55.46285216258076,55.99192214658692,34408.56084796126,1926601.4601751457,2025-07-10
55.99192214658692,56.60365686535944,55.93411587769397,56.54585059646649,7555.001289327675,427203.9741624344,2025-07-11
56.54585059646649,56.716792826881445,54.70044066200325,54.87138289241821,36901.71668045548,2024848.2253608087,2025-07-14
54.87138289241821,56.49916055366353,54.35320065083489,55.98097831208021,113963.7934593174,6379804.650008436,2025-07-15
55.98097831208021,56.955967917508204,53.978541174297106,54.95353077972509,23453.150267622514,1288833.4151133115,2025-07-16
54.95353077972509,56.08069989689445,54.624962725102506,55.752131842271865,20966.21778801923,1168911.3383514336,2025-07-17
55.752131842271865,56.17602338914702,55.31505336983273,55.73894491670789,28203.51472698649,1572034.1538250595,2025-07-18
55.73894491670789,56.093433282259106,53.771825137629605,54.126313503180825,111956.94086230297,6059816.479970086,2025-07-21
54.126313503180825,55.0818573322038,52.79384567351687,53.74938950253985,9711.653067730635,521995.4234509899,2025-07-22
53.74938950253985,54.554832528279235,53.36378011665017,54.169223142389555,25914.697213275344,1403779.016013373,2025-07-23
54.169223142389555,55.48998928531965,53.535675039298326,54.85644118222842,11617.572042696342,637298.6574404732,2025-07-24
54.85644118222842,54.88115873239675,54.676604258243536,54.70132180841186,14219.87941443879,777846.1999260274,2025-07-25
54.70132180841186,57.41325198336519,53.633405815397325,56.345335990350655,21169.733038785685,1192815.7208964063,2025-07-28
56.345335990350655,57.93018419210919,55.93100926594859,57.51585746770712,64722.13848499364,3722549.2921080957,2025-07-29
57.51585746770712,58.487451421124646,56.24301486320426,57.214608816621784,93040.71579282299,5323288.158104852,2025-07-30
57.214608816621784,58.244200713912704,57.03778050786653,58.06737240515745,31524.292425162253,1830532.8280609807,2025-07-31
58.06737240515745,60.81079863122533,57.54750407087782,60.2909302969457,16296.802820615587,982549.4029208025,2025-08-01
60.2909302969457,63.67273985812403,59.506345117979905,62.888154679158234,161812.1046629209,10176064.66700191,2025-08-04
62.888154679158234,63.21000038248261,60.751137871623925,61.0729835749483,15645.778496316945,955534.3731228441,2025-08-05
61.0729835749483,61.205978823288675,59.58020738575741,59.71320263409778,13947.998057276227,832879.6343341375,2025-08-06
59.71320263409778,62.37221881245121,59.23223363303287,61.891249811386295,5324.3481201731765,329530.5595884231,2025-08-07
